{
    "adult": false,
    "backdrop_path": "/qqHQsStV6exghCM7zbObuYBiYxw.jpg",
    "belongs_to_collection": null,
    "budget": 350000,
    "genres": [
        {
            "id": 18,
            "name": "Drama"
        }
    ],
    "homepage": "",
    "id": 389,
    "imdb_id": "tt0050083",
    "original_language": "en",
    "original_title": "12 Angry Men",
    "overview": "The defense and the prosecution have rested and the jury is filing into the jury room to decide if a young Spanish-American is guilty or innocent of murdering his father. What begins as an open and shut case soon becomes a mini-drama of each of the jurors' prejudices and preconceptions about the trial, the accused, and each other.",
    "popularity": 31.08,
    "poster_path": "/e02s4wmTAExkKg0yF4dEG98ZRpK.jpg",
    "production_companies": [
        {
            "id": 60,
            "logo_path": "/oJXpAs4I3W46e4dkaOEzCa4yBko.png",
            "name": "United Artists",
            "origin_country": "US"
        },
        {
            "id": 10212,
            "logo_path": null,
            "name": "Orion-Nova Productions",
            "origin_country": ""
        }
    ],
    "production_countries": [
        {
            "iso_3166_1": "US",
            "name": "United States of America"
        }
    ],
    "release_date": "1957-04-10",
    "revenue": 1000000,
    "runtime": 97,
    "spoken_languages": [
        {
            "english_name": "English",
            "iso_639_1": "en",
            "name": "English"
        }
    ],
    "status": "Released",
    "tagline": "Life is in their hands. Death is on their minds.",
    "title": "12 Angry Men",
    "video": false,
    "vote_average": 8.5,
    "vote_count": 5933
}