{
    "adult": false,
    "backdrop_path": "/4Bb1kMIfrT2tYRZ9M6Jhqy6gkeF.jpg",
    "belongs_to_collection": null,
    "budget": 20000000,
    "genres": [
        {
            "id": 18,
            "name": "Drama"
        },
        {
            "id": 36,
            "name": "History"
        }
    ],
    "homepage": "http://www.foxsearchlight.com/12yearsaslave",
    "id": 76203,
    "imdb_id": "tt2024544",
    "original_language": "en",
    "original_title": "12 Years a Slave",
    "overview": "In the pre-Civil War United States, Solomon Northup, a free black man from upstate New York, is abducted and sold into slavery. Facing cruelty as well as unexpected kindnesses Solomon struggles not only to stay alive, but to retain his dignity. In the twelfth year of his unforgettable odyssey, Solomon\u2019s chance meeting with a Canadian abolitionist will forever alter his life.",
    "popularity": 18.661,
    "poster_path": "/xdANQijuNrJaw1HA61rDccME4Tm.jpg",
    "production_companies": [
        {
            "id": 10104,
            "logo_path": "/hNuGhsKVlmhnwSRcmOejDBDjh6w.png",
            "name": "New Regency Pictures",
            "origin_country": "US"
        },
        {
            "id": 81,
            "logo_path": "/8wOfUhA7vwU2gbPjQy7Vv3EiF0o.png",
            "name": "Plan B Entertainment",
            "origin_country": "US"
        },
        {
            "id": 1246,
            "logo_path": "/lmeFQGzHEds5t2UfmODyrbf2nXm.png",
            "name": "River Road Entertainment",
            "origin_country": "US"
        },
        {
            "id": 508,
            "logo_path": "/7PzJdsLGlR7oW4J0J5Xcd0pHGRg.png",
            "name": "Regency Enterprises",
            "origin_country": "US"
        },
        {
            "id": 6705,
            "logo_path": "/e8EXNSfwr5E9d3TR8dHKbQnQK4W.png",
            "name": "Film4 Productions",
            "origin_country": "GB"
        }
    ],
    "production_countries": [
        {
            "iso_3166_1": "US",
            "name": "United States of America"
        },
        {
            "iso_3166_1": "GB",
            "name": "United Kingdom"
        }
    ],
    "release_date": "2013-10-18",
    "revenue": 187000000,
    "runtime": 134,
    "spoken_languages": [
        {
            "english_name": "English",
            "iso_639_1": "en",
            "name": "English"
        }
    ],
    "status": "Released",
    "tagline": "The extraordinary true story of Solomon Northup",
    "title": "12 Years a Slave",
    "video": false,
    "vote_average": 7.9,
    "vote_count": 9251
}