{
    "adult": false,
    "backdrop_path": "/2lBOQK06tltt8SQaswgb8d657Mv.jpg",
    "belongs_to_collection": null,
    "budget": 100000000,
    "genres": [
        {
            "id": 10752,
            "name": "War"
        },
        {
            "id": 18,
            "name": "Drama"
        },
        {
            "id": 28,
            "name": "Action"
        },
        {
            "id": 53,
            "name": "Thriller"
        }
    ],
    "homepage": "https://www.1917.movie/",
    "id": 530915,
    "imdb_id": "tt8579674",
    "original_language": "en",
    "original_title": "1917",
    "overview": "At the height of the First World War, two young British soldiers must cross enemy territory and deliver a message that will stop a deadly attack on hundreds of soldiers.",
    "popularity": 45.878,
    "poster_path": "/iZf0KyrE25z1sage4SYFLCCrMi9.jpg",
    "production_companies": [
        {
            "id": 33,
            "logo_path": "/8lvHyhjr8oUKOOy2dKXoALWKdp0.png",
            "name": "Universal Pictures",
            "origin_country": "US"
        },
        {
            "id": 7,
            "logo_path": "/vru2SssLX3FPhnKZGtYw00pVIS9.png",
            "name": "DreamWorks Pictures",
            "origin_country": "US"
        },
        {
            "id": 7294,
            "logo_path": "/kK4PRgceWp9KNrycD8xx8seWxYU.png",
            "name": "Reliance Entertainment",
            "origin_country": "IN"
        },
        {
            "id": 114732,
            "logo_path": "/tNCbisMxO5mX2X2bOQxHHQZVYnT.png",
            "name": "New Republic Pictures",
            "origin_country": "US"
        },
        {
            "id": 1522,
            "logo_path": "/8uaoEVgNxFH0R94O53gUiByahVr.png",
            "name": "Neal Street Productions",
            "origin_country": "GB"
        },
        {
            "id": 103476,
            "logo_path": null,
            "name": "Mogambo Films",
            "origin_country": "ES"
        },
        {
            "id": 121685,
            "logo_path": "/bAO6cpKP9qoqHoDn4oUjWjZ5auq.png",
            "name": "Amblin Partners",
            "origin_country": "US"
        },
        {
            "id": 8147,
            "logo_path": "/q6HOAdSNgCbeOqwoMVRc6REgbXF.png",
            "name": "Entertainment One",
            "origin_country": "CA"
        }
    ],
    "production_countries": [
        {
            "iso_3166_1": "CA",
            "name": "Canada"
        },
        {
            "iso_3166_1": "CN",
            "name": "China"
        },
        {
            "iso_3166_1": "IN",
            "name": "India"
        },
        {
            "iso_3166_1": "ES",
            "name": "Spain"
        },
        {
            "iso_3166_1": "GB",
            "name": "United Kingdom"
        },
        {
            "iso_3166_1": "US",
            "name": "United States of America"
        }
    ],
    "release_date": "2019-12-25",
    "revenue": 374733942,
    "runtime": 119,
    "spoken_languages": [
        {
            "english_name": "English",
            "iso_639_1": "en",
            "name": "English"
        },
        {
            "english_name": "French",
            "iso_639_1": "fr",
            "name": "Fran\u00e7ais"
        },
        {
            "english_name": "German",
            "iso_639_1": "de",
            "name": "Deutsch"
        }
    ],
    "status": "Released",
    "tagline": "Time is the enemy",
    "title": "1917",
    "video": false,
    "vote_average": 8.0,
    "vote_count": 8863
}