{
    "adult": false,
    "backdrop_path": "/6gyZF4SeifiUUYDELkCS8nOqsu2.jpg",
    "belongs_to_collection": {
        "backdrop_path": "/15FumSExI9SRoL7QJWZAsA0b10c.jpg",
        "id": 4438,
        "name": "The Space Odyssey Series",
        "poster_path": "/8jp4BmfSbFkEC2OWH19zUwJpAkO.jpg"
    },
    "budget": 12000000,
    "genres": [
        {
            "id": 878,
            "name": "Science Fiction"
        },
        {
            "id": 9648,
            "name": "Mystery"
        },
        {
            "id": 12,
            "name": "Adventure"
        }
    ],
    "homepage": "http://2001spaceodysseymovie.com",
    "id": 62,
    "imdb_id": "tt0062622",
    "original_language": "en",
    "original_title": "2001: A Space Odyssey",
    "overview": "Humanity finds a mysterious object buried beneath the lunar surface and sets off to find its origins with the help of HAL 9000, the world's most advanced super computer.",
    "popularity": 38.387,
    "poster_path": "/ve72VxNqjGM69Uky4WTo2bK6rfq.jpg",
    "production_companies": [
        {
            "id": 385,
            "logo_path": null,
            "name": "Stanley Kubrick Productions",
            "origin_country": "GB"
        },
        {
            "id": 21,
            "logo_path": "/aOWKh4gkNrfFZ3Ep7n0ckPhoGb5.png",
            "name": "Metro-Goldwyn-Mayer",
            "origin_country": "US"
        }
    ],
    "production_countries": [
        {
            "iso_3166_1": "GB",
            "name": "United Kingdom"
        },
        {
            "iso_3166_1": "US",
            "name": "United States of America"
        }
    ],
    "release_date": "1968-04-02",
    "revenue": 71923560,
    "runtime": 149,
    "spoken_languages": [
        {
            "english_name": "English",
            "iso_639_1": "en",
            "name": "English"
        },
        {
            "english_name": "Russian",
            "iso_639_1": "ru",
            "name": "P\u0443\u0441\u0441\u043a\u0438\u0439"
        }
    ],
    "status": "Released",
    "tagline": "The Ultimate Trip.",
    "title": "2001: A Space Odyssey",
    "video": false,
    "vote_average": 8.1,
    "vote_count": 8832
}