{
    "adult": false,
    "backdrop_path": "/6x00zPSgxcndnNvaFHdMtMT5Ytg.jpg",
    "belongs_to_collection": null,
    "budget": 9000000,
    "genres": [
        {
            "id": 18,
            "name": "Drama"
        },
        {
            "id": 35,
            "name": "Comedy"
        }
    ],
    "homepage": "http://idiotsacademy.zapak.com/idiotsmain.php",
    "id": 20453,
    "imdb_id": "tt1187043",
    "original_language": "hi",
    "original_title": "3 Idiots",
    "overview": "In the tradition of \u201cFerris Bueller\u2019s Day Off\u201d comes this refreshing comedy about a rebellious prankster with a crafty mind and a heart of gold. Rascal. Joker. Dreamer. Genius... You've never met a college student quite like \"Rancho.\" From the moment he arrives at India's most prestigious university, Rancho's outlandish schemes turn the campus upside down\u2014along with the lives of his two newfound best friends. Together, they make life miserable for \"Virus,\" the school\u2019s uptight and heartless dean. But when Rancho catches the eye of the dean's sexy daughter, Virus sets his sights on flunking out the \"3 idiots\" once and for all.",
    "popularity": 61.44,
    "poster_path": "/66A9MqXOyVFCssoloscw79z8Tew.jpg",
    "production_companies": [
        {
            "id": 3781,
            "logo_path": null,
            "name": "Vidhu Vinod Chopra Productions",
            "origin_country": "IN"
        },
        {
            "id": 44164,
            "logo_path": "/oZNzUp0YbfaKLaVTYghcnM4tYQv.png",
            "name": "Vinod Chopra Films",
            "origin_country": "IN"
        }
    ],
    "production_countries": [
        {
            "iso_3166_1": "IN",
            "name": "India"
        }
    ],
    "release_date": "2009-12-23",
    "revenue": 70000000,
    "runtime": 170,
    "spoken_languages": [
        {
            "english_name": "Hindi",
            "iso_639_1": "hi",
            "name": "\u0939\u093f\u0928\u094d\u0926\u0940"
        },
        {
            "english_name": "English",
            "iso_639_1": "en",
            "name": "English"
        }
    ],
    "status": "Released",
    "tagline": "Don't be Stupid. Be an I.D.I.O.T.",
    "title": "3 Idiots",
    "video": false,
    "vote_average": 8.0,
    "vote_count": 1709
}