{
    "adult": false,
    "backdrop_path": "/vVBcIN68kFq681b4lObiNJhEVro.jpg",
    "belongs_to_collection": null,
    "budget": 60000000,
    "genres": [
        {
            "id": 18,
            "name": "Drama"
        },
        {
            "id": 10749,
            "name": "Romance"
        }
    ],
    "homepage": "http://www.abeautifulmind.com",
    "id": 453,
    "imdb_id": "tt0268978",
    "original_language": "en",
    "original_title": "A Beautiful Mind",
    "overview": "John Nash is a brilliant but asocial mathematician fighting schizophrenia. After he accepts secret work in cryptography, his life takes a turn for the nightmarish.",
    "popularity": 30.41,
    "poster_path": "/zwzWCmH72OSC9NA0ipoqw5Zjya8.jpg",
    "production_companies": [
        {
            "id": 33,
            "logo_path": "/8lvHyhjr8oUKOOy2dKXoALWKdp0.png",
            "name": "Universal Pictures",
            "origin_country": "US"
        },
        {
            "id": 23,
            "logo_path": "/mkxNjThahj5pvntvYKVpMbWXm3D.png",
            "name": "Imagine Entertainment",
            "origin_country": "US"
        },
        {
            "id": 7,
            "logo_path": "/vru2SssLX3FPhnKZGtYw00pVIS9.png",
            "name": "DreamWorks Pictures",
            "origin_country": "US"
        }
    ],
    "production_countries": [
        {
            "iso_3166_1": "US",
            "name": "United States of America"
        }
    ],
    "release_date": "2001-12-11",
    "revenue": 313542341,
    "runtime": 135,
    "spoken_languages": [
        {
            "english_name": "English",
            "iso_639_1": "en",
            "name": "English"
        }
    ],
    "status": "Released",
    "tagline": "He saw the world in a way no one could have imagined.",
    "title": "A Beautiful Mind",
    "video": false,
    "vote_average": 7.9,
    "vote_count": 8034
}