{
    "adult": false,
    "backdrop_path": "/3w2v0iNPPNeIKOV5wu1NU1DDHHy.jpg",
    "belongs_to_collection": null,
    "budget": 2200000,
    "genres": [
        {
            "id": 878,
            "name": "Science Fiction"
        },
        {
            "id": 18,
            "name": "Drama"
        }
    ],
    "homepage": "",
    "id": 185,
    "imdb_id": "tt0066921",
    "original_language": "en",
    "original_title": "A Clockwork Orange",
    "overview": "In a near-future Britain, young Alexander DeLarge and his pals get their kicks beating and raping anyone they please. When not destroying the lives of others, Alex swoons to the music of Beethoven. The state, eager to crack down on juvenile crime, gives an incarcerated Alex the option to undergo an invasive procedure that'll rob him of all personal agency. In a time when conscience is a commodity, can Alex change his tune?",
    "popularity": 39.118,
    "poster_path": "/4sHeTAp65WrSSuc05nRBKddhBxO.jpg",
    "production_companies": [
        {
            "id": 174,
            "logo_path": "/IuAlhI9eVC9Z8UQWOIDdWRKSEJ.png",
            "name": "Warner Bros. Pictures",
            "origin_country": "US"
        },
        {
            "id": 88,
            "logo_path": null,
            "name": "Hawk Films",
            "origin_country": ""
        }
    ],
    "production_countries": [
        {
            "iso_3166_1": "GB",
            "name": "United Kingdom"
        },
        {
            "iso_3166_1": "US",
            "name": "United States of America"
        }
    ],
    "release_date": "1971-12-19",
    "revenue": 26589000,
    "runtime": 137,
    "spoken_languages": [
        {
            "english_name": "English",
            "iso_639_1": "en",
            "name": "English"
        }
    ],
    "status": "Released",
    "tagline": "Being the adventures of a young man whose principal interests are rape, ultra-violence and Beethoven.",
    "title": "A Clockwork Orange",
    "video": false,
    "vote_average": 8.2,
    "vote_count": 10066
}