{
    "adult": false,
    "backdrop_path": "/6DEl5KfpKkS6ZEiy4s9s7EukpAB.jpg",
    "belongs_to_collection": null,
    "budget": 5000000,
    "genres": [
        {
            "id": 18,
            "name": "Drama"
        }
    ],
    "homepage": "",
    "id": 60243,
    "imdb_id": "tt1832382",
    "original_language": "fa",
    "original_title": "\u062c\u062f\u0627\u06cc\u06cc \u0646\u0627\u062f\u0631 \u0627\u0632 \u0633\u06cc\u0645\u06cc\u0646",
    "overview": "A married couple are faced with a difficult decision - to improve the life of their child by moving to another country or to stay in Iran and look after a deteriorating parent who has Alzheimer's disease.",
    "popularity": 19.736,
    "poster_path": "/wQVvASmpm8jGhJBQU20OkoMcNzi.jpg",
    "production_companies": [
        {
            "id": 84797,
            "logo_path": null,
            "name": "Asghar Farhadi Productions",
            "origin_country": "IR"
        },
        {
            "id": 84798,
            "logo_path": null,
            "name": "Dreamlab Films",
            "origin_country": ""
        },
        {
            "id": 84799,
            "logo_path": null,
            "name": "MPA APSA Academy Film Fund",
            "origin_country": ""
        }
    ],
    "production_countries": [
        {
            "iso_3166_1": "IR",
            "name": "Iran"
        }
    ],
    "release_date": "2011-03-15",
    "revenue": 24426169,
    "runtime": 123,
    "spoken_languages": [
        {
            "english_name": "Persian",
            "iso_639_1": "fa",
            "name": "\u0641\u0627\u0631\u0633\u06cc"
        }
    ],
    "status": "Released",
    "tagline": "Ugly truth, sweet lies.",
    "title": "A Separation",
    "video": false,
    "vote_average": 7.9,
    "vote_count": 1230
}