{
    "adult": false,
    "backdrop_path": "/q5HZvtyqG8Vz39Ee9uTQbLeEml.jpg",
    "belongs_to_collection": null,
    "budget": 0,
    "genres": [
        {
            "id": 16,
            "name": "Animation"
        },
        {
            "id": 18,
            "name": "Drama"
        }
    ],
    "homepage": "http://asilentvoice.com.au/",
    "id": 378064,
    "imdb_id": "tt5323662",
    "original_language": "ja",
    "original_title": "\u6620\u753b \u8072\u306e\u5f62",
    "overview": "Shouya Ishida starts bullying the new girl in class, Shouko Nishimiya, because she is deaf. But as the teasing continues, the rest of the class starts to turn on Shouya for his lack of compassion. When they leave elementary school, Shouko and Shouya do not speak to each other again... until an older, wiser Shouya, tormented by his past behaviour, decides he must see Shouko once more. He wants to atone for his sins, but is it already too late...?",
    "popularity": 154.0,
    "poster_path": "/tuFaWiqX0TXoWu7DGNcmX3UW7sT.jpg",
    "production_companies": [
        {
            "id": 5438,
            "logo_path": "/nrvweD25GIYmfTIaFyIncLy4p3G.png",
            "name": "Kyoto Animation",
            "origin_country": "JP"
        },
        {
            "id": 86839,
            "logo_path": "/4gMnTQACykjt0KSRV1N8vSKpkVt.png",
            "name": "ABC Animation",
            "origin_country": "JP"
        },
        {
            "id": 59118,
            "logo_path": "/3KwKCviJ67dCm7m740cdaLt1VS8.png",
            "name": "Kodansha",
            "origin_country": "JP"
        },
        {
            "id": 9148,
            "logo_path": "/rtW3NadfF4kR5mTW00ahiFxw6k7.png",
            "name": "Pony Canyon",
            "origin_country": "JP"
        },
        {
            "id": 22715,
            "logo_path": "/c4d6GLfUXbp44dbWWJqWCh7YrnO.png",
            "name": "Quaras",
            "origin_country": "JP"
        },
        {
            "id": 192,
            "logo_path": "/93eAKlnQecDdMtucfOprzcjMw9V.png",
            "name": "Shochiku",
            "origin_country": "JP"
        }
    ],
    "production_countries": [
        {
            "iso_3166_1": "JP",
            "name": "Japan"
        }
    ],
    "release_date": "2016-09-17",
    "revenue": 30156463,
    "runtime": 130,
    "spoken_languages": [
        {
            "english_name": "Japanese",
            "iso_639_1": "ja",
            "name": "\u65e5\u672c\u8a9e"
        }
    ],
    "status": "Released",
    "tagline": "Sometimes the answer is as simple as learning to listen.",
    "title": "A Silent Voice: The Movie",
    "video": false,
    "vote_average": 8.4,
    "vote_count": 2612
}