{
    "adult": false,
    "backdrop_path": "/jMBpJFRtrtIXymer93XLavPwI3P.jpg",
    "belongs_to_collection": {
        "backdrop_path": "/kB0Y3uGe9ohJa59Lk8UO9cUOxGM.jpg",
        "id": 8091,
        "name": "Alien Collection",
        "poster_path": "/iVzIeC3PbG9BtDAudpwSNdKAgh6.jpg"
    },
    "budget": 18500000,
    "genres": [
        {
            "id": 28,
            "name": "Action"
        },
        {
            "id": 53,
            "name": "Thriller"
        },
        {
            "id": 878,
            "name": "Science Fiction"
        }
    ],
    "homepage": "https://www.20thcenturystudios.com/movies/aliens",
    "id": 679,
    "imdb_id": "tt0090605",
    "original_language": "en",
    "original_title": "Aliens",
    "overview": "When Ripley's lifepod is found by a salvage crew over 50 years later, she finds that terra-formers are on the very planet they found the alien species. When the company sends a family of colonists out to investigate her story\u2014all contact is lost with the planet and colonists. They enlist Ripley and the colonial marines to return and search for answers.",
    "popularity": 31.045,
    "poster_path": "/r1x5JGpyqZU8PYhbs4UcrO1Xb6x.jpg",
    "production_companies": [
        {
            "id": 19747,
            "logo_path": null,
            "name": "Brandywine Productions",
            "origin_country": "US"
        },
        {
            "id": 396,
            "logo_path": null,
            "name": "SLM Production Group",
            "origin_country": "US"
        },
        {
            "id": 25,
            "logo_path": "/qZCc1lty5FzX30aOCVRBLzaVmcp.png",
            "name": "20th Century Fox",
            "origin_country": "US"
        }
    ],
    "production_countries": [
        {
            "iso_3166_1": "US",
            "name": "United States of America"
        },
        {
            "iso_3166_1": "GB",
            "name": "United Kingdom"
        }
    ],
    "release_date": "1986-07-18",
    "revenue": 183316455,
    "runtime": 137,
    "spoken_languages": [
        {
            "english_name": "English",
            "iso_639_1": "en",
            "name": "English"
        }
    ],
    "status": "Released",
    "tagline": "This time it's war.",
    "title": "Aliens",
    "video": false,
    "vote_average": 7.9,
    "vote_count": 7274
}