{
    "adult": false,
    "backdrop_path": "/AmR3JG1VQVxU8TfAvljUhfSFUOx.jpg",
    "belongs_to_collection": {
        "backdrop_path": "/kB0Y3uGe9ohJa59Lk8UO9cUOxGM.jpg",
        "id": 8091,
        "name": "Alien Collection",
        "poster_path": "/iVzIeC3PbG9BtDAudpwSNdKAgh6.jpg"
    },
    "budget": 11000000,
    "genres": [
        {
            "id": 27,
            "name": "Horror"
        },
        {
            "id": 878,
            "name": "Science Fiction"
        }
    ],
    "homepage": "https://www.20thcenturystudios.com/movies/alien",
    "id": 348,
    "imdb_id": "tt0078748",
    "original_language": "en",
    "original_title": "Alien",
    "overview": "During its return to the earth, commercial spaceship Nostromo intercepts a distress signal from a distant planet. When a three-member team of the crew discovers a chamber containing thousands of eggs on the planet, a creature inside one of the eggs attacks an explorer. The entire crew is unaware of the impending nightmare set to descend upon them when the alien parasite planted inside its unfortunate host is birthed.",
    "popularity": 42.143,
    "poster_path": "/vfrQk5IPloGg1v9Rzbh2Eg3VGyM.jpg",
    "production_companies": [
        {
            "id": 19747,
            "logo_path": null,
            "name": "Brandywine Productions",
            "origin_country": "US"
        },
        {
            "id": 25,
            "logo_path": "/qZCc1lty5FzX30aOCVRBLzaVmcp.png",
            "name": "20th Century Fox",
            "origin_country": "US"
        }
    ],
    "production_countries": [
        {
            "iso_3166_1": "US",
            "name": "United States of America"
        },
        {
            "iso_3166_1": "GB",
            "name": "United Kingdom"
        }
    ],
    "release_date": "1979-05-25",
    "revenue": 104931801,
    "runtime": 117,
    "spoken_languages": [
        {
            "english_name": "English",
            "iso_639_1": "en",
            "name": "English"
        },
        {
            "english_name": "Spanish",
            "iso_639_1": "es",
            "name": "Espa\u00f1ol"
        }
    ],
    "status": "Released",
    "tagline": "In space no one can hear you scream.",
    "title": "Alien",
    "video": false,
    "vote_average": 8.1,
    "vote_count": 11043
}