{
    "adult": false,
    "backdrop_path": "/zAL3LOswagN9onjN8DPcNFTqKuD.jpg",
    "belongs_to_collection": null,
    "budget": 1400000,
    "genres": [
        {
            "id": 18,
            "name": "Drama"
        }
    ],
    "homepage": "",
    "id": 705,
    "imdb_id": "tt0042192",
    "original_language": "en",
    "original_title": "All About Eve",
    "overview": "From the moment she glimpses her idol at the stage door, Eve Harrington is determined to take the reins of power away from the great actress Margo Channing. Eve maneuvers her way into Margo's Broadway role, becomes a sensation and even causes turmoil in the lives of Margo's director boyfriend, her playwright and his wife. Only the cynical drama critic sees through Eve, admiring her audacity and perfect pattern of deceit.",
    "popularity": 15.508,
    "poster_path": "/6numIZH6uR3NlJgY9m7nGH0jhs.jpg",
    "production_companies": [
        {
            "id": 25,
            "logo_path": "/qZCc1lty5FzX30aOCVRBLzaVmcp.png",
            "name": "20th Century Fox",
            "origin_country": "US"
        }
    ],
    "production_countries": [
        {
            "iso_3166_1": "US",
            "name": "United States of America"
        }
    ],
    "release_date": "1950-10-06",
    "revenue": 8400000,
    "runtime": 139,
    "spoken_languages": [
        {
            "english_name": "English",
            "iso_639_1": "en",
            "name": "English"
        },
        {
            "english_name": "French",
            "iso_639_1": "fr",
            "name": "Fran\u00e7ais"
        }
    ],
    "status": "Released",
    "tagline": "It's all about women... and their men!",
    "title": "All About Eve",
    "video": false,
    "vote_average": 8.2,
    "vote_count": 1111
}