{
    "adult": false,
    "backdrop_path": "/pD5Z6YglDNcRhcrCJKDhJlbGzni.jpg",
    "belongs_to_collection": null,
    "budget": 18000000,
    "genres": [
        {
            "id": 10402,
            "name": "Music"
        },
        {
            "id": 18,
            "name": "Drama"
        },
        {
            "id": 36,
            "name": "History"
        }
    ],
    "homepage": "",
    "id": 279,
    "imdb_id": "tt0086879",
    "original_language": "en",
    "original_title": "Amadeus",
    "overview": "Wolfgang Amadeus Mozart is a remarkably talented young Viennese composer who unwittingly finds a fierce rival in the disciplined and determined Antonio Salieri. Resenting Mozart for both his hedonistic lifestyle and his undeniable talent, the highly religious Salieri is gradually consumed by his jealousy and becomes obsessed with Mozart's downfall, leading to a devious scheme that has dire consequences for both men.",
    "popularity": 24.481,
    "poster_path": "/tsqcwBp1jYZdcceXXoVEby0dZkt.jpg",
    "production_companies": [
        {
            "id": 1869,
            "logo_path": null,
            "name": "AMLF",
            "origin_country": ""
        },
        {
            "id": 5237,
            "logo_path": null,
            "name": "The Saul Zaentz Company",
            "origin_country": "US"
        }
    ],
    "production_countries": [
        {
            "iso_3166_1": "US",
            "name": "United States of America"
        }
    ],
    "release_date": "1984-09-19",
    "revenue": 51973029,
    "runtime": 160,
    "spoken_languages": [
        {
            "english_name": "Italian",
            "iso_639_1": "it",
            "name": "Italiano"
        },
        {
            "english_name": "English",
            "iso_639_1": "en",
            "name": "English"
        },
        {
            "english_name": "German",
            "iso_639_1": "de",
            "name": "Deutsch"
        },
        {
            "english_name": "Latin",
            "iso_639_1": "la",
            "name": "Latin"
        }
    ],
    "status": "Released",
    "tagline": "Everything you've heard is true...",
    "title": "Amadeus",
    "video": false,
    "vote_average": 8.0,
    "vote_count": 3150
}