{
    "adult": false,
    "backdrop_path": "/o4Thn9ooTZAZOYrlbWgVB20weSf.jpg",
    "belongs_to_collection": null,
    "budget": 20000000,
    "genres": [
        {
            "id": 18,
            "name": "Drama"
        }
    ],
    "homepage": "",
    "id": 73,
    "imdb_id": "tt0120586",
    "original_language": "en",
    "original_title": "American History X",
    "overview": "Derek Vineyard is paroled after serving 3 years in prison for killing two African-American men. Through his brother, Danny Vineyard's narration, we learn that before going to prison, Derek was a skinhead and the leader of a violent white supremacist gang that committed acts of racial crime throughout L.A. and his actions greatly influenced Danny. Reformed and fresh out of prison, Derek severs contact with the gang and becomes determined to keep Danny from going down the same violent path as he did.",
    "popularity": 35.95,
    "poster_path": "/c2gsmSQ2Cqv8zosqKOCwRS0GFBS.jpg",
    "production_companies": [
        {
            "id": 12,
            "logo_path": "/iaYpEp3LQmb8AfAtmTvpqd4149c.png",
            "name": "New Line Cinema",
            "origin_country": "US"
        },
        {
            "id": 11308,
            "logo_path": null,
            "name": "Savoy Pictures",
            "origin_country": ""
        },
        {
            "id": 924,
            "logo_path": null,
            "name": "The Turman-Morrissey Company",
            "origin_country": ""
        }
    ],
    "production_countries": [
        {
            "iso_3166_1": "US",
            "name": "United States of America"
        }
    ],
    "release_date": "1998-07-01",
    "revenue": 23875127,
    "runtime": 119,
    "spoken_languages": [
        {
            "english_name": "English",
            "iso_639_1": "en",
            "name": "English"
        }
    ],
    "status": "Released",
    "tagline": "Some Legacies Must End.",
    "title": "American History X",
    "video": false,
    "vote_average": 8.4,
    "vote_count": 9082
}