{
    "adult": false,
    "backdrop_path": "/cEH1FJeJZoqCbVHvTc8HCxqz0kt.jpg",
    "belongs_to_collection": null,
    "budget": 15000000,
    "genres": [
        {
            "id": 18,
            "name": "Drama"
        }
    ],
    "homepage": "",
    "id": 14,
    "imdb_id": "tt0169547",
    "original_language": "en",
    "original_title": "American Beauty",
    "overview": "Lester Burnham, a depressed suburban father in a mid-life crisis, decides to turn his hectic life around after developing an infatuation with his daughter's attractive friend.",
    "popularity": 25.933,
    "poster_path": "/wby9315QzVKdW9BonAefg8jGTTb.jpg",
    "production_companies": [
        {
            "id": 2721,
            "logo_path": null,
            "name": "Jinks/Cohen Company",
            "origin_country": ""
        },
        {
            "id": 7,
            "logo_path": "/vru2SssLX3FPhnKZGtYw00pVIS9.png",
            "name": "DreamWorks Pictures",
            "origin_country": "US"
        }
    ],
    "production_countries": [
        {
            "iso_3166_1": "US",
            "name": "United States of America"
        }
    ],
    "release_date": "1999-09-15",
    "revenue": 356296601,
    "runtime": 122,
    "spoken_languages": [
        {
            "english_name": "English",
            "iso_639_1": "en",
            "name": "English"
        }
    ],
    "status": "Released",
    "tagline": "Look closer.",
    "title": "American Beauty",
    "video": false,
    "vote_average": 8.0,
    "vote_count": 9728
}