{
    "adult": false,
    "backdrop_path": "/3YzVtvNERQOIJXnrcWv3xhj5EMT.jpg",
    "belongs_to_collection": null,
    "budget": 2000000,
    "genres": [
        {
            "id": 18,
            "name": "Drama"
        },
        {
            "id": 53,
            "name": "Thriller"
        }
    ],
    "homepage": "",
    "id": 55,
    "imdb_id": "tt0245712",
    "original_language": "es",
    "original_title": "Amores perros",
    "overview": "A fatalistic car crash in Mexico City sets off a chain of events in the lives of three persons: a young man aching to run off with his sister-in-law, a supermodel, and a homeless man. Their lives are catapulted into unforeseen circumstances instigated by the seemingly inconsequential destiny of a dog.",
    "popularity": 23.825,
    "poster_path": "/vV4vlD4ool5JSsS1rB82qjCF6z8.jpg",
    "production_companies": [
        {
            "id": 5084,
            "logo_path": null,
            "name": "Altavista Films",
            "origin_country": "MX"
        },
        {
            "id": 110056,
            "logo_path": null,
            "name": "Zeta Film (MX)",
            "origin_country": ""
        }
    ],
    "production_countries": [
        {
            "iso_3166_1": "MX",
            "name": "Mexico"
        }
    ],
    "release_date": "2000-06-16",
    "revenue": 20908467,
    "runtime": 154,
    "spoken_languages": [
        {
            "english_name": "Spanish",
            "iso_639_1": "es",
            "name": "Espa\u00f1ol"
        }
    ],
    "status": "Released",
    "tagline": "Love. Betrayal. Death.",
    "title": "Amores Perros",
    "video": false,
    "vote_average": 7.6,
    "vote_count": 1846
}