{
    "adult": false,
    "backdrop_path": "/9TEUJy5aRP7LaM1LKTfcxVK34JK.jpg",
    "belongs_to_collection": null,
    "budget": 10000000,
    "genres": [
        {
            "id": 35,
            "name": "Comedy"
        },
        {
            "id": 10749,
            "name": "Romance"
        }
    ],
    "homepage": "https://www.miramax.com/movie/amelie/",
    "id": 194,
    "imdb_id": "tt0211915",
    "original_language": "fr",
    "original_title": "Le Fabuleux Destin d'Am\u00e9lie Poulain",
    "overview": "At a tiny Parisian caf\u00e9, the adorable yet painfully shy Am\u00e9lie accidentally discovers a gift for helping others. Soon Amelie is spending her days as a matchmaker, guardian angel, and all-around do-gooder. But when she bumps into a handsome stranger, will she find the courage to become the star of her very own love story?",
    "popularity": 27.051,
    "poster_path": "/oTKduWL2tpIKEmkAqF4mFEAWAsv.jpg",
    "production_companies": [
        {
            "id": 591,
            "logo_path": "/q5I5RDwMEiqoNmfaJgd2LraEOJY.png",
            "name": "France 3 Cin\u00e9ma",
            "origin_country": "FR"
        },
        {
            "id": 592,
            "logo_path": null,
            "name": "Claudie Ossard Productions",
            "origin_country": ""
        },
        {
            "id": 4411,
            "logo_path": null,
            "name": "MMC Independent",
            "origin_country": ""
        },
        {
            "id": 12000,
            "logo_path": null,
            "name": "Tapioca Films",
            "origin_country": ""
        },
        {
            "id": 23446,
            "logo_path": null,
            "name": "Sofica Sofinergie 5",
            "origin_country": ""
        },
        {
            "id": 25020,
            "logo_path": null,
            "name": "Victoires Productions",
            "origin_country": ""
        },
        {
            "id": 104,
            "logo_path": "/9aotxauvc9685tq9pTcRJszuT06.png",
            "name": "Canal+",
            "origin_country": "FR"
        },
        {
            "id": 315,
            "logo_path": "/hdu0sVxgtCuQud0xF8ZBiN7hEhY.png",
            "name": "Filmstiftung Nordrhein-Westfalen",
            "origin_country": "DE"
        },
        {
            "id": 7248,
            "logo_path": null,
            "name": "Union G\u00e9n\u00e9rale Cin\u00e9matographique (UGC)",
            "origin_country": "FR"
        },
        {
            "id": 581,
            "logo_path": "/pzJLNyKypqwAgLR4OjmaxA5WEjm.png",
            "name": "UGC",
            "origin_country": "FR"
        }
    ],
    "production_countries": [
        {
            "iso_3166_1": "FR",
            "name": "France"
        },
        {
            "iso_3166_1": "DE",
            "name": "Germany"
        }
    ],
    "release_date": "2001-04-25",
    "revenue": 173921954,
    "runtime": 122,
    "spoken_languages": [
        {
            "english_name": "French",
            "iso_639_1": "fr",
            "name": "Fran\u00e7ais"
        },
        {
            "english_name": "Russian",
            "iso_639_1": "ru",
            "name": "P\u0443\u0441\u0441\u043a\u0438\u0439"
        }
    ],
    "status": "Released",
    "tagline": "One person can change your life forever.",
    "title": "Am\u00e9lie",
    "video": false,
    "vote_average": 7.9,
    "vote_count": 9207
}