{
    "adult": false,
    "backdrop_path": "/73aKTjdQ46jpv3InqNVnV76Nl0K.jpg",
    "belongs_to_collection": null,
    "budget": 4500000,
    "genres": [
        {
            "id": 80,
            "name": "Crime"
        },
        {
            "id": 53,
            "name": "Thriller"
        },
        {
            "id": 35,
            "name": "Comedy"
        }
    ],
    "homepage": "",
    "id": 534780,
    "imdb_id": "tt8108198",
    "original_language": "hi",
    "original_title": "\u0905\u0902\u0927\u093e\u0927\u0941\u0928",
    "overview": "A series of mysterious events changes the life of a blind pianist who now must report a crime that was actually never witnessed by him.",
    "popularity": 12.413,
    "poster_path": "/kbqTKqz3amub4GUE5qLEQFFR8Ro.jpg",
    "production_companies": [
        {
            "id": 6808,
            "logo_path": "/xa1Yz7B5eRC2F9oHA6mDn8NE6ci.png",
            "name": "Viacom 18 Motion Pictures",
            "origin_country": "IN"
        },
        {
            "id": 115954,
            "logo_path": "/xjXd4fVh3nAp3fi0cJgjfAQ1yBt.png",
            "name": "Matchbox Pictures",
            "origin_country": "IN"
        }
    ],
    "production_countries": [
        {
            "iso_3166_1": "IN",
            "name": "India"
        }
    ],
    "release_date": "2018-10-05",
    "revenue": 40000000,
    "runtime": 139,
    "spoken_languages": [
        {
            "english_name": "English",
            "iso_639_1": "en",
            "name": "English"
        },
        {
            "english_name": "Hindi",
            "iso_639_1": "hi",
            "name": "\u0939\u093f\u0928\u094d\u0926\u0940"
        }
    ],
    "status": "Released",
    "tagline": "Every artist has a secret.",
    "title": "Andhadhun",
    "video": false,
    "vote_average": 7.8,
    "vote_count": 278
}