{
    "adult": false,
    "backdrop_path": "/fKa8Jy2ge1O0IU6zZXnJ2sxUzdU.jpg",
    "belongs_to_collection": null,
    "budget": 0,
    "genres": [
        {
            "id": 18,
            "name": "Drama"
        },
        {
            "id": 36,
            "name": "History"
        }
    ],
    "homepage": "",
    "id": 895,
    "imdb_id": "tt0060107",
    "original_language": "ru",
    "original_title": "\u0410\u043d\u0434\u0440\u0435\u0439 \u0420\u0443\u0431\u043b\u0451\u0432",
    "overview": "An expansive Russian drama, this film focuses on the life of revered religious icon painter Andrei Rublev. Drifting from place to place in a tumultuous era, the peace-seeking monk eventually gains a reputation for his art. But after Rublev witnesses a brutal battle and unintentionally becomes involved, he takes a vow of silence and spends time away from his work. As he begins to ease his troubled soul, he takes steps towards becoming a painter once again.",
    "popularity": 9.091,
    "poster_path": "/910xRIUmNJrWH2hkQifBJtoPp5R.jpg",
    "production_companies": [
        {
            "id": 344,
            "logo_path": "/xenuUvcunUNpbaDOYGhWZERaym7.png",
            "name": "Mosfilm",
            "origin_country": "SU"
        }
    ],
    "production_countries": [
        {
            "iso_3166_1": "RU",
            "name": "Russia"
        },
        {
            "iso_3166_1": "SU",
            "name": "Soviet Union"
        }
    ],
    "release_date": "1966-12-16",
    "revenue": 0,
    "runtime": 205,
    "spoken_languages": [
        {
            "english_name": "Tatar",
            "iso_639_1": "tt",
            "name": ""
        },
        {
            "english_name": "Russian",
            "iso_639_1": "ru",
            "name": "P\u0443\u0441\u0441\u043a\u0438\u0439"
        },
        {
            "english_name": "Italian",
            "iso_639_1": "it",
            "name": "Italiano"
        }
    ],
    "status": "Released",
    "tagline": "",
    "title": "Andrei Rublev",
    "video": false,
    "vote_average": 8.2,
    "vote_count": 507
}