{
    "adult": false,
    "backdrop_path": "/9Qs9oyn4iE8QtQjGZ0Hp2WyYNXT.jpg",
    "belongs_to_collection": null,
    "budget": 31500000,
    "genres": [
        {
            "id": 18,
            "name": "Drama"
        },
        {
            "id": 10752,
            "name": "War"
        }
    ],
    "homepage": "http://www.apocalypsenow.com",
    "id": 28,
    "imdb_id": "tt0078788",
    "original_language": "en",
    "original_title": "Apocalypse Now",
    "overview": "At the height of the Vietnam war, Captain Benjamin Willard is sent on a dangerous mission that, officially, \"does not exist, nor will it ever exist.\" His goal is to locate - and eliminate - a mysterious Green Beret Colonel named Walter Kurtz, who has been leading his personal army on illegal guerrilla missions into enemy territory.",
    "popularity": 32.043,
    "poster_path": "/gQB8Y5RCMkv2zwzFHbUJX3kAhvA.jpg",
    "production_companies": [
        {
            "id": 60,
            "logo_path": "/oJXpAs4I3W46e4dkaOEzCa4yBko.png",
            "name": "United Artists",
            "origin_country": "US"
        },
        {
            "id": 70,
            "logo_path": "/ueaENQkPcy8rlr5fGZVBXKOhlBh.png",
            "name": "American Zoetrope",
            "origin_country": "US"
        }
    ],
    "production_countries": [
        {
            "iso_3166_1": "US",
            "name": "United States of America"
        }
    ],
    "release_date": "1979-08-15",
    "revenue": 150000000,
    "runtime": 147,
    "spoken_languages": [
        {
            "english_name": "Khmer",
            "iso_639_1": "km",
            "name": ""
        },
        {
            "english_name": "English",
            "iso_639_1": "en",
            "name": "English"
        },
        {
            "english_name": "French",
            "iso_639_1": "fr",
            "name": "Fran\u00e7ais"
        },
        {
            "english_name": "Vietnamese",
            "iso_639_1": "vi",
            "name": "Ti\u1ebfng Vi\u1ec7t"
        }
    ],
    "status": "Released",
    "tagline": "This is the end...",
    "title": "Apocalypse Now",
    "video": false,
    "vote_average": 8.3,
    "vote_count": 6118
}