{
    "adult": false,
    "backdrop_path": "/jcKzcVXLIpYo1gbRI02N81N630.jpg",
    "belongs_to_collection": null,
    "budget": 0,
    "genres": [
        {
            "id": 18,
            "name": "Drama"
        }
    ],
    "homepage": "",
    "id": 12761,
    "imdb_id": "tt0077711",
    "original_language": "sv",
    "original_title": "H\u00f6stsonaten",
    "overview": "After a seven-year absence, Charlotte Andergast travels to Sweden to reunite with her daughter Eva. The pair have a troubled relationship: Charlotte sacrificed the responsibilities of motherhood for a career as a classical pianist. Over an emotional night, the pair reopen the wounds of the past. Charlotte gets another shock when she finds out that her mentally impaired daughter, Helena, is out of the asylum and living with Eva.",
    "popularity": 7.09,
    "poster_path": "/6beNbtCXv3GkzHkxkGYf38ib7v8.jpg",
    "production_companies": [
        {
            "id": 26239,
            "logo_path": null,
            "name": "Suede Film",
            "origin_country": ""
        },
        {
            "id": 7447,
            "logo_path": null,
            "name": "Personafilm",
            "origin_country": ""
        },
        {
            "id": 17085,
            "logo_path": null,
            "name": "Film\u00e9dis",
            "origin_country": ""
        }
    ],
    "production_countries": [
        {
            "iso_3166_1": "FR",
            "name": "France"
        },
        {
            "iso_3166_1": "DE",
            "name": "Germany"
        },
        {
            "iso_3166_1": "SE",
            "name": "Sweden"
        }
    ],
    "release_date": "1978-10-08",
    "revenue": 0,
    "runtime": 93,
    "spoken_languages": [
        {
            "english_name": "English",
            "iso_639_1": "en",
            "name": "English"
        },
        {
            "english_name": "Swedish",
            "iso_639_1": "sv",
            "name": "svenska"
        }
    ],
    "status": "Released",
    "tagline": "",
    "title": "Autumn Sonata",
    "video": false,
    "vote_average": 8.0,
    "vote_count": 354
}