{
    "adult": false,
    "backdrop_path": "/fq3wyOs1RHyz2yfzsb4sck7aWRG.jpg",
    "belongs_to_collection": {
        "backdrop_path": "/AqQotqj7XOI6GjB28nhMMa8YzOT.jpg",
        "id": 264,
        "name": "Back to the Future Collection",
        "poster_path": "/78z0WMBzBWOnCsXWulihPJKCToL.jpg"
    },
    "budget": 19000000,
    "genres": [
        {
            "id": 12,
            "name": "Adventure"
        },
        {
            "id": 35,
            "name": "Comedy"
        },
        {
            "id": 878,
            "name": "Science Fiction"
        },
        {
            "id": 10751,
            "name": "Family"
        }
    ],
    "homepage": "http://www.backtothefuture.com/movies/backtothefuture1",
    "id": 105,
    "imdb_id": "tt0088763",
    "original_language": "en",
    "original_title": "Back to the Future",
    "overview": "Eighties teenager Marty McFly is accidentally sent back in time to 1955, inadvertently disrupting his parents' first meeting and attracting his mother's romantic interest. Marty must repair the damage to history by rekindling his parents' romance and - with the help of his eccentric inventor friend Doc Brown - return to 1985.",
    "popularity": 50.535,
    "poster_path": "/7lyBcpYB0Qt8gYhXYaEZUNlNQAv.jpg",
    "production_companies": [
        {
            "id": 33,
            "logo_path": "/8lvHyhjr8oUKOOy2dKXoALWKdp0.png",
            "name": "Universal Pictures",
            "origin_country": "US"
        },
        {
            "id": 56,
            "logo_path": "/cEaxANEisCqeEoRvODv2dO1I0iI.png",
            "name": "Amblin Entertainment",
            "origin_country": "US"
        }
    ],
    "production_countries": [
        {
            "iso_3166_1": "US",
            "name": "United States of America"
        }
    ],
    "release_date": "1985-07-03",
    "revenue": 381109762,
    "runtime": 116,
    "spoken_languages": [
        {
            "english_name": "English",
            "iso_639_1": "en",
            "name": "English"
        }
    ],
    "status": "Released",
    "tagline": "He's the only kid ever to get into trouble before he was born.",
    "title": "Back to the Future",
    "video": false,
    "vote_average": 8.3,
    "vote_count": 15750
}