{
    "adult": false,
    "backdrop_path": "/a3MmLFhOLSgODby8JQyPtca4o1q.jpg",
    "belongs_to_collection": null,
    "budget": 11000000,
    "genres": [
        {
            "id": 18,
            "name": "Drama"
        },
        {
            "id": 10749,
            "name": "Romance"
        },
        {
            "id": 10752,
            "name": "War"
        }
    ],
    "homepage": "",
    "id": 3175,
    "imdb_id": "tt0072684",
    "original_language": "en",
    "original_title": "Barry Lyndon",
    "overview": "An Irish rogue uses his cunning and wit to work his way up the social classes of 18th century England, transforming himself from the humble Redmond Barry into the noble Barry Lyndon.",
    "popularity": 14.815,
    "poster_path": "/3YJEv83HWWgCKezTiQ9LhdR7cFU.jpg",
    "production_companies": [
        {
            "id": 88,
            "logo_path": null,
            "name": "Hawk Films",
            "origin_country": ""
        },
        {
            "id": 11272,
            "logo_path": null,
            "name": "Peregrine",
            "origin_country": ""
        },
        {
            "id": 174,
            "logo_path": "/IuAlhI9eVC9Z8UQWOIDdWRKSEJ.png",
            "name": "Warner Bros. Pictures",
            "origin_country": "US"
        }
    ],
    "production_countries": [
        {
            "iso_3166_1": "GB",
            "name": "United Kingdom"
        },
        {
            "iso_3166_1": "US",
            "name": "United States of America"
        }
    ],
    "release_date": "1975-11-26",
    "revenue": 198992,
    "runtime": 185,
    "spoken_languages": [
        {
            "english_name": "German",
            "iso_639_1": "de",
            "name": "Deutsch"
        },
        {
            "english_name": "French",
            "iso_639_1": "fr",
            "name": "Fran\u00e7ais"
        },
        {
            "english_name": "English",
            "iso_639_1": "en",
            "name": "English"
        }
    ],
    "status": "Released",
    "tagline": "At long last Redmond Barry became a gentleman\u2014and that was his tragedy.",
    "title": "Barry Lyndon",
    "video": false,
    "vote_average": 8.0,
    "vote_count": 2018
}