{
    "adult": false,
    "backdrop_path": "/y9AuabF1SXnn3xZ0tAJLLhv33Uj.jpg",
    "belongs_to_collection": {
        "backdrop_path": "/xfKot7lqaiW4XpL5TtDlVBA9ei9.jpg",
        "id": 263,
        "name": "The Dark Knight Collection",
        "poster_path": "/lvI9k6dBqCPjisNlq0TBu1iiEZW.jpg"
    },
    "budget": 150000000,
    "genres": [
        {
            "id": 28,
            "name": "Action"
        },
        {
            "id": 80,
            "name": "Crime"
        },
        {
            "id": 18,
            "name": "Drama"
        }
    ],
    "homepage": "https://www.warnerbros.com/movies/batman-begins/",
    "id": 272,
    "imdb_id": "tt0372784",
    "original_language": "en",
    "original_title": "Batman Begins",
    "overview": "Driven by tragedy, billionaire Bruce Wayne dedicates his life to uncovering and defeating the corruption that plagues his home, Gotham City.  Unable to work within the system, he instead creates a new identity, a symbol of fear for the criminal underworld - The Batman.",
    "popularity": 53.591,
    "poster_path": "/8RW2runSEc34IwKN2D1aPcJd2UL.jpg",
    "production_companies": [
        {
            "id": 174,
            "logo_path": "/IuAlhI9eVC9Z8UQWOIDdWRKSEJ.png",
            "name": "Warner Bros. Pictures",
            "origin_country": "US"
        },
        {
            "id": 429,
            "logo_path": "/2Tc1P3Ac8M479naPp1kYT3izLS5.png",
            "name": "DC Comics",
            "origin_country": "US"
        },
        {
            "id": 9993,
            "logo_path": "/2Tc1P3Ac8M479naPp1kYT3izLS5.png",
            "name": "DC Entertainment",
            "origin_country": "US"
        },
        {
            "id": 9996,
            "logo_path": "/3tvBqYsBhxWeHlu62SIJ1el93O7.png",
            "name": "Syncopy",
            "origin_country": "GB"
        },
        {
            "id": 923,
            "logo_path": "/5UQsZrfbfG2dYJbx8DxfoTr2Bvu.png",
            "name": "Legendary Pictures",
            "origin_country": "US"
        },
        {
            "id": 19231,
            "logo_path": null,
            "name": "Patalex III Productions Limited",
            "origin_country": ""
        }
    ],
    "production_countries": [
        {
            "iso_3166_1": "GB",
            "name": "United Kingdom"
        },
        {
            "iso_3166_1": "US",
            "name": "United States of America"
        }
    ],
    "release_date": "2005-06-10",
    "revenue": 374218673,
    "runtime": 140,
    "spoken_languages": [
        {
            "english_name": "English",
            "iso_639_1": "en",
            "name": "English"
        },
        {
            "english_name": "Urdu",
            "iso_639_1": "ur",
            "name": "\u0627\u0631\u062f\u0648"
        },
        {
            "english_name": "Mandarin",
            "iso_639_1": "zh",
            "name": "\u666e\u901a\u8bdd"
        }
    ],
    "status": "Released",
    "tagline": "Evil fears the knight.",
    "title": "Batman Begins",
    "video": false,
    "vote_average": 7.7,
    "vote_count": 16787
}