{
    "adult": false,
    "backdrop_path": "/kX0tJxbWyU57tfrEg85VdgGSqS6.jpg",
    "belongs_to_collection": {
        "backdrop_path": "/to3l6Gwzd7FGWa9Spc708IP1K7l.jpg",
        "id": 123800,
        "name": "Before... Collection",
        "poster_path": "/bBS1CfspKXq5RBok85hYvtW9ZwE.jpg"
    },
    "budget": 2700000,
    "genres": [
        {
            "id": 18,
            "name": "Drama"
        },
        {
            "id": 10749,
            "name": "Romance"
        }
    ],
    "homepage": "https://www.warnerbros.com/movies/sunset",
    "id": 80,
    "imdb_id": "tt0381681",
    "original_language": "en",
    "original_title": "Before Sunset",
    "overview": "Nine years later, Jesse travels across Europe giving readings from a book he wrote about the night he spent in Vienna with Celine. After his reading in Paris, Celine finds him, and they spend part of the day together before Jesse has to again leave for a flight. They are both in relationships now, and Jesse has a son, but as their strong feelings for each other start to return, both confess a longing for more.",
    "popularity": 11.65,
    "poster_path": "/gycdE1ARByGQcK4fYR2mgpU6OO.jpg",
    "production_companies": [
        {
            "id": 11509,
            "logo_path": null,
            "name": "Warner Independent Pictures (WIP)",
            "origin_country": "US"
        },
        {
            "id": 97,
            "logo_path": "/7znWcbDd4PcJzJUlJxYqAlPPykp.png",
            "name": "Castle Rock Entertainment",
            "origin_country": "US"
        },
        {
            "id": 11510,
            "logo_path": "/gg3gP2wHNNfOfLKdXGjYC9qJ9ok.png",
            "name": "Detour Filmproduction",
            "origin_country": "US"
        }
    ],
    "production_countries": [
        {
            "iso_3166_1": "US",
            "name": "United States of America"
        }
    ],
    "release_date": "2004-02-10",
    "revenue": 15992615,
    "runtime": 80,
    "spoken_languages": [
        {
            "english_name": "English",
            "iso_639_1": "en",
            "name": "English"
        },
        {
            "english_name": "French",
            "iso_639_1": "fr",
            "name": "Fran\u00e7ais"
        }
    ],
    "status": "Released",
    "tagline": "What if you had a second chance with the one that got away?",
    "title": "Before Sunset",
    "video": false,
    "vote_average": 7.8,
    "vote_count": 2455
}