{
    "adult": false,
    "backdrop_path": "/qA2TyqPldTtoTVY3LKrNIG5g6bH.jpg",
    "belongs_to_collection": {
        "backdrop_path": "/to3l6Gwzd7FGWa9Spc708IP1K7l.jpg",
        "id": 123800,
        "name": "Before... Collection",
        "poster_path": "/bBS1CfspKXq5RBok85hYvtW9ZwE.jpg"
    },
    "budget": 2500000,
    "genres": [
        {
            "id": 18,
            "name": "Drama"
        },
        {
            "id": 10749,
            "name": "Romance"
        }
    ],
    "homepage": "https://www.warnerbros.com/movies/sunrise",
    "id": 76,
    "imdb_id": "tt0112471",
    "original_language": "en",
    "original_title": "Before Sunrise",
    "overview": "On his way to Vienna, American Jesse meets C\u00e9line, a student returning to Paris. After long conversations forge a surprising connection between them, Jesse convinces Celine to get off the train with him in Vienna. Since his flight to the U.S. departs the next morning and he has no money for lodging, they wander the city together, taking in the experiences of Vienna and each other.",
    "popularity": 17.818,
    "poster_path": "/khKJwHxgXSpDl3iKGJ5S15I8ABI.jpg",
    "production_companies": [
        {
            "id": 97,
            "logo_path": "/7znWcbDd4PcJzJUlJxYqAlPPykp.png",
            "name": "Castle Rock Entertainment",
            "origin_country": "US"
        },
        {
            "id": 104576,
            "logo_path": "/sNhEzePPkxW3AKqr3l0h7I1k0hR.png",
            "name": "Filmhaus Films",
            "origin_country": "AT"
        },
        {
            "id": 5,
            "logo_path": "/71BqEFAF4V3qjjMPCpLuyJFB9A.png",
            "name": "Columbia Pictures",
            "origin_country": "US"
        },
        {
            "id": 11510,
            "logo_path": "/gg3gP2wHNNfOfLKdXGjYC9qJ9ok.png",
            "name": "Detour Filmproduction",
            "origin_country": "US"
        }
    ],
    "production_countries": [
        {
            "iso_3166_1": "AT",
            "name": "Austria"
        },
        {
            "iso_3166_1": "CH",
            "name": "Switzerland"
        },
        {
            "iso_3166_1": "US",
            "name": "United States of America"
        }
    ],
    "release_date": "1995-01-27",
    "revenue": 5987386,
    "runtime": 101,
    "spoken_languages": [
        {
            "english_name": "English",
            "iso_639_1": "en",
            "name": "English"
        },
        {
            "english_name": "German",
            "iso_639_1": "de",
            "name": "Deutsch"
        },
        {
            "english_name": "French",
            "iso_639_1": "fr",
            "name": "Fran\u00e7ais"
        }
    ],
    "status": "Released",
    "tagline": "Can the greatest romance of your life last only one night?",
    "title": "Before Sunrise",
    "video": false,
    "vote_average": 8.0,
    "vote_count": 2952
}