{
    "adult": false,
    "backdrop_path": "/sU3gFo7Gn67zjtKXIvzJ4omcUbH.jpg",
    "belongs_to_collection": null,
    "budget": 15000000,
    "genres": [
        {
            "id": 28,
            "name": "Action"
        },
        {
            "id": 18,
            "name": "Drama"
        },
        {
            "id": 36,
            "name": "History"
        }
    ],
    "homepage": "",
    "id": 665,
    "imdb_id": "tt0052618",
    "original_language": "en",
    "original_title": "Ben-Hur",
    "overview": "In 25 AD,Judah Ben-Hur, a Jew in ancient Judea, opposes the occupying Roman empire.  Falsely accused by a Roman childhood friend-turned-overlord of trying to kill the Roman governor, he is put into slavery and his mother and sister are taken away as prisoners.  Three years later and freed by a grateful Roman galley commander whom he has rescued from drowning, he becomes an expert charioteer for Rome, all the while plotting to return to Judea, find and rescue his family, and avenge himself on his former friend.  All the while, the form and work of Jesus move in the background of his life...",
    "popularity": 34.236,
    "poster_path": "/m4WQ1dBIrEIHZNCoAjdpxwSKWyH.jpg",
    "production_companies": [
        {
            "id": 21,
            "logo_path": "/aOWKh4gkNrfFZ3Ep7n0ckPhoGb5.png",
            "name": "Metro-Goldwyn-Mayer",
            "origin_country": "US"
        }
    ],
    "production_countries": [
        {
            "iso_3166_1": "US",
            "name": "United States of America"
        }
    ],
    "release_date": "1959-11-18",
    "revenue": 164000000,
    "runtime": 222,
    "spoken_languages": [
        {
            "english_name": "English",
            "iso_639_1": "en",
            "name": "English"
        }
    ],
    "status": "Released",
    "tagline": "The entertainment experience of a lifetime.",
    "title": "Ben-Hur",
    "video": false,
    "vote_average": 7.8,
    "vote_count": 1937
}