{
    "adult": false,
    "backdrop_path": "/kTUUiKGKrdRhJsCcYT3Ivtfuuzh.jpg",
    "belongs_to_collection": null,
    "budget": 133000,
    "genres": [
        {
            "id": 18,
            "name": "Drama"
        }
    ],
    "homepage": "",
    "id": 5156,
    "imdb_id": "tt0040522",
    "original_language": "it",
    "original_title": "Ladri di biciclette",
    "overview": "A working man's livelihood is threatened when someone steals his bicycle.",
    "popularity": 8.983,
    "poster_path": "/ihLPR2hiHljvvdTzHk6NeNTVMXf.jpg",
    "production_companies": [
        {
            "id": 1875,
            "logo_path": null,
            "name": "Produzioni De Sica",
            "origin_country": ""
        }
    ],
    "production_countries": [
        {
            "iso_3166_1": "IT",
            "name": "Italy"
        }
    ],
    "release_date": "1948-11-24",
    "revenue": 361712,
    "runtime": 89,
    "spoken_languages": [
        {
            "english_name": "Italian",
            "iso_639_1": "it",
            "name": "Italiano"
        }
    ],
    "status": "Released",
    "tagline": "The Prize Picture They Want to Censor!",
    "title": "Bicycle Thieves",
    "video": false,
    "vote_average": 8.3,
    "vote_count": 1690
}