{
    "adult": false,
    "backdrop_path": "/bMdSmfI0qwpAkvhAL7sqpjmwgf4.jpg",
    "belongs_to_collection": {
        "backdrop_path": "/bSHZIvLoPBWyGLeiAudN1mXdvQX.jpg",
        "id": 422837,
        "name": "Blade Runner Collection",
        "poster_path": "/qTcATCpiFDcgY8snQIfS2j0bFP7.jpg"
    },
    "budget": 150000000,
    "genres": [
        {
            "id": 878,
            "name": "Science Fiction"
        },
        {
            "id": 18,
            "name": "Drama"
        }
    ],
    "homepage": "http://bladerunnermovie.com/",
    "id": 335984,
    "imdb_id": "tt1856101",
    "original_language": "en",
    "original_title": "Blade Runner 2049",
    "overview": "Thirty years after the events of the first film, a new blade runner, LAPD Officer K, unearths a long-buried secret that has the potential to plunge what's left of society into chaos. K's discovery leads him on a quest to find Rick Deckard, a former LAPD blade runner who has been missing for 30 years.",
    "popularity": 74.483,
    "poster_path": "/gajva2L0rPYkEWjzgFlBXCAVBE5.jpg",
    "production_companies": [
        {
            "id": 79529,
            "logo_path": "/gVN3k8emmKy4iV4KREWcCtxusZK.png",
            "name": "Torridon Films",
            "origin_country": "US"
        },
        {
            "id": 101829,
            "logo_path": "/8IOjCvgjq0zTrtP91cWD3kL2jMK.png",
            "name": "16:14 Entertainment",
            "origin_country": "US"
        },
        {
            "id": 1645,
            "logo_path": "/6Ry6uNBaa0IbbSs1XYIgX5DkA9r.png",
            "name": "Scott Free Productions",
            "origin_country": "GB"
        },
        {
            "id": 5,
            "logo_path": "/71BqEFAF4V3qjjMPCpLuyJFB9A.png",
            "name": "Columbia Pictures",
            "origin_country": "US"
        },
        {
            "id": 1088,
            "logo_path": "/9WOE5AQUXbOtLU6GTwfjS8OMF0v.png",
            "name": "Alcon Entertainment",
            "origin_country": "US"
        },
        {
            "id": 78028,
            "logo_path": "/sTFcDFfJaSVT3sv3DoaZDE4SlGB.png",
            "name": "Thunderbird Entertainment",
            "origin_country": "CA"
        },
        {
            "id": 174,
            "logo_path": "/IuAlhI9eVC9Z8UQWOIDdWRKSEJ.png",
            "name": "Warner Bros. Pictures",
            "origin_country": "US"
        }
    ],
    "production_countries": [
        {
            "iso_3166_1": "CA",
            "name": "Canada"
        },
        {
            "iso_3166_1": "HU",
            "name": "Hungary"
        },
        {
            "iso_3166_1": "MX",
            "name": "Mexico"
        },
        {
            "iso_3166_1": "ES",
            "name": "Spain"
        },
        {
            "iso_3166_1": "GB",
            "name": "United Kingdom"
        },
        {
            "iso_3166_1": "US",
            "name": "United States of America"
        }
    ],
    "release_date": "2017-10-04",
    "revenue": 259239658,
    "runtime": 164,
    "spoken_languages": [
        {
            "english_name": "English",
            "iso_639_1": "en",
            "name": "English"
        },
        {
            "english_name": "Finnish",
            "iso_639_1": "fi",
            "name": "suomi"
        },
        {
            "english_name": "Hungarian",
            "iso_639_1": "hu",
            "name": "Magyar"
        },
        {
            "english_name": "Japanese",
            "iso_639_1": "ja",
            "name": "\u65e5\u672c\u8a9e"
        },
        {
            "english_name": "Russian",
            "iso_639_1": "ru",
            "name": "P\u0443\u0441\u0441\u043a\u0438\u0439"
        },
        {
            "english_name": "Somali",
            "iso_639_1": "so",
            "name": "Somali"
        },
        {
            "english_name": "Spanish",
            "iso_639_1": "es",
            "name": "Espa\u00f1ol"
        }
    ],
    "status": "Released",
    "tagline": "The key to the future is finally unearthed.",
    "title": "Blade Runner 2049",
    "video": false,
    "vote_average": 7.5,
    "vote_count": 10089
}