{
    "adult": false,
    "backdrop_path": "/1m1c5gIWWkb1FEC9lzsoXHhhs7b.jpg",
    "belongs_to_collection": null,
    "budget": 72000000,
    "genres": [
        {
            "id": 28,
            "name": "Action"
        },
        {
            "id": 18,
            "name": "Drama"
        },
        {
            "id": 36,
            "name": "History"
        },
        {
            "id": 10752,
            "name": "War"
        }
    ],
    "homepage": "",
    "id": 197,
    "imdb_id": "tt0112573",
    "original_language": "en",
    "original_title": "Braveheart",
    "overview": "Enraged at the slaughter of Murron, his new bride and childhood love, Scottish warrior William Wallace slays a platoon of the local English lord's soldiers. This leads the village to revolt and, eventually, the entire country to rise up against English rule.",
    "popularity": 33.207,
    "poster_path": "/uE2Q9RaNBdJbAV1N67LhwCYluK0.jpg",
    "production_companies": [
        {
            "id": 4564,
            "logo_path": null,
            "name": "Icon Entertainment International",
            "origin_country": "GB"
        },
        {
            "id": 7965,
            "logo_path": null,
            "name": "The Ladd Company",
            "origin_country": "US"
        },
        {
            "id": 11353,
            "logo_path": null,
            "name": "B.H. Finance C.V.",
            "origin_country": ""
        }
    ],
    "production_countries": [
        {
            "iso_3166_1": "US",
            "name": "United States of America"
        }
    ],
    "release_date": "1995-03-14",
    "revenue": 213216216,
    "runtime": 178,
    "spoken_languages": [
        {
            "english_name": "English",
            "iso_639_1": "en",
            "name": "English"
        },
        {
            "english_name": "French",
            "iso_639_1": "fr",
            "name": "Fran\u00e7ais"
        },
        {
            "english_name": "Latin",
            "iso_639_1": "la",
            "name": "Latin"
        },
        {
            "english_name": "Gaelic",
            "iso_639_1": "gd",
            "name": ""
        }
    ],
    "status": "Released",
    "tagline": "Every man dies. Not every man truly lives.",
    "title": "Braveheart",
    "video": false,
    "vote_average": 7.9,
    "vote_count": 7887
}