{
    "adult": false,
    "backdrop_path": "/8e0ETQmrgcP6R8TaVjd7o9NCGj9.jpg",
    "belongs_to_collection": null,
    "budget": 4000000,
    "genres": [
        {
            "id": 18,
            "name": "Drama"
        }
    ],
    "homepage": "http://www.capharnaumfilm.com/",
    "id": 517814,
    "imdb_id": "tt8267604",
    "original_language": "ar",
    "original_title": "\u06a9\u0641\u0631\u0646\u0627\u062d\u0648\u0645",
    "overview": "Zain, a 12-year-old boy scrambling to survive on the streets of Beirut, sues his parents for having brought him into such an unjust world, where being a refugee with no documents means that your rights can easily be denied.",
    "popularity": 22.241,
    "poster_path": "/mFnfTVADj8yOxwzprYOmTPselk8.jpg",
    "production_companies": [
        {
            "id": 54268,
            "logo_path": "/Pvi7supNmOjgH2dqnKPTsmKsSL.png",
            "name": "Boo Pictures",
            "origin_country": "US"
        },
        {
            "id": 103361,
            "logo_path": null,
            "name": "Mooz Films",
            "origin_country": "LB"
        },
        {
            "id": 137903,
            "logo_path": null,
            "name": "Cedrus Invest Bank",
            "origin_country": "LB"
        },
        {
            "id": 125717,
            "logo_path": null,
            "name": "Clandestino Filmes",
            "origin_country": "LB"
        },
        {
            "id": 8152,
            "logo_path": "/shnLD1Pj9d1vB2TH93QHSNT5gzW.png",
            "name": "DFI",
            "origin_country": "QA"
        },
        {
            "id": 137904,
            "logo_path": null,
            "name": "KNM Films",
            "origin_country": "FR"
        },
        {
            "id": 2280,
            "logo_path": null,
            "name": "Les Films des Tournelles",
            "origin_country": "FR"
        },
        {
            "id": 8469,
            "logo_path": null,
            "name": "Louverture Films",
            "origin_country": "US"
        },
        {
            "id": 547,
            "logo_path": null,
            "name": "Open City Films",
            "origin_country": "US"
        },
        {
            "id": 122613,
            "logo_path": null,
            "name": "Sunnyland Film",
            "origin_country": "CY"
        },
        {
            "id": 137905,
            "logo_path": null,
            "name": "The Bridge Production",
            "origin_country": "LB"
        }
    ],
    "production_countries": [
        {
            "iso_3166_1": "LB",
            "name": "Lebanon"
        }
    ],
    "release_date": "2018-10-06",
    "revenue": 64978931,
    "runtime": 126,
    "spoken_languages": [
        {
            "english_name": "Arabic",
            "iso_639_1": "ar",
            "name": "\u0627\u0644\u0639\u0631\u0628\u064a\u0629"
        }
    ],
    "status": "Released",
    "tagline": "It takes courage to hope.",
    "title": "Capernaum",
    "video": false,
    "vote_average": 8.3,
    "vote_count": 1148
}