{
    "adult": false,
    "backdrop_path": "/bln0pnieTax3KrEpG5ZjN3fi1sw.jpg",
    "belongs_to_collection": null,
    "budget": 878000,
    "genres": [
        {
            "id": 18,
            "name": "Drama"
        },
        {
            "id": 10749,
            "name": "Romance"
        }
    ],
    "homepage": "",
    "id": 289,
    "imdb_id": "tt0034583",
    "original_language": "en",
    "original_title": "Casablanca",
    "overview": "In Casablanca, Morocco in December 1941, a cynical American expatriate meets a former lover, with unforeseen complications.",
    "popularity": 24.897,
    "poster_path": "/5K7cOHoay2mZusSLezBOY0Qxh8a.jpg",
    "production_companies": [
        {
            "id": 174,
            "logo_path": "/IuAlhI9eVC9Z8UQWOIDdWRKSEJ.png",
            "name": "Warner Bros. Pictures",
            "origin_country": "US"
        }
    ],
    "production_countries": [
        {
            "iso_3166_1": "US",
            "name": "United States of America"
        }
    ],
    "release_date": "1942-11-26",
    "revenue": 10462500,
    "runtime": 102,
    "spoken_languages": [
        {
            "english_name": "German",
            "iso_639_1": "de",
            "name": "Deutsch"
        },
        {
            "english_name": "French",
            "iso_639_1": "fr",
            "name": "Fran\u00e7ais"
        },
        {
            "english_name": "Italian",
            "iso_639_1": "it",
            "name": "Italiano"
        },
        {
            "english_name": "English",
            "iso_639_1": "en",
            "name": "English"
        }
    ],
    "status": "Released",
    "tagline": "They had a date with fate in Casablanca!",
    "title": "Casablanca",
    "video": false,
    "vote_average": 8.2,
    "vote_count": 3958
}