{
    "adult": false,
    "backdrop_path": "/125H5AszmtAt0mYl2vpfChMFofv.jpg",
    "belongs_to_collection": {
        "backdrop_path": "/dOSECZImeyZldoq0ObieBE0lwie.jpg",
        "id": 645,
        "name": "James Bond Collection",
        "poster_path": "/HORpg5CSkmeQlAolx3bKMrKgfi.jpg"
    },
    "budget": 150000000,
    "genres": [
        {
            "id": 12,
            "name": "Adventure"
        },
        {
            "id": 28,
            "name": "Action"
        },
        {
            "id": 53,
            "name": "Thriller"
        }
    ],
    "homepage": "https://www.mgm.com/movies/casino-royale-2006",
    "id": 36557,
    "imdb_id": "tt0381061",
    "original_language": "en",
    "original_title": "Casino Royale",
    "overview": "Le Chiffre, a banker to the world's terrorists, is scheduled to participate in a high-stakes poker game in Montenegro, where he intends to use his winnings to establish his financial grip on the terrorist market. M sends Bond\u2014on his maiden mission as a 00 Agent\u2014to attend this game and prevent Le Chiffre from winning. With the help of Vesper Lynd and Felix Leiter, Bond enters the most important poker game in his already dangerous career.",
    "popularity": 63.772,
    "poster_path": "/wmRTS3WrXRi8GJdpDae1NifYNwx.jpg",
    "production_companies": [
        {
            "id": 7576,
            "logo_path": "/oYcUi1byZ312Z3xiz5ojz9RQLND.png",
            "name": "Eon Productions",
            "origin_country": "GB"
        },
        {
            "id": 11345,
            "logo_path": "/xhnnHfsqEimD4r0QeUz3GSvcv73.png",
            "name": "Stillking Films",
            "origin_country": "CZ"
        },
        {
            "id": 5,
            "logo_path": "/71BqEFAF4V3qjjMPCpLuyJFB9A.png",
            "name": "Columbia Pictures",
            "origin_country": "US"
        },
        {
            "id": 264,
            "logo_path": "/fA90qwUKgPhMONqtwY60GaHRyrW.png",
            "name": "Studio Babelsberg",
            "origin_country": "DE"
        },
        {
            "id": 10761,
            "logo_path": null,
            "name": "Danjaq",
            "origin_country": "US"
        },
        {
            "id": 41053,
            "logo_path": null,
            "name": "Casino Royale Productions",
            "origin_country": ""
        },
        {
            "id": 26030,
            "logo_path": null,
            "name": "Government of the Commonwealth of the Bahamas",
            "origin_country": ""
        },
        {
            "id": 21,
            "logo_path": "/aOWKh4gkNrfFZ3Ep7n0ckPhoGb5.png",
            "name": "Metro-Goldwyn-Mayer",
            "origin_country": "US"
        }
    ],
    "production_countries": [
        {
            "iso_3166_1": "BS",
            "name": "Bahamas"
        },
        {
            "iso_3166_1": "CZ",
            "name": "Czech Republic"
        },
        {
            "iso_3166_1": "DE",
            "name": "Germany"
        },
        {
            "iso_3166_1": "GB",
            "name": "United Kingdom"
        },
        {
            "iso_3166_1": "US",
            "name": "United States of America"
        }
    ],
    "release_date": "2006-11-14",
    "revenue": 599045960,
    "runtime": 144,
    "spoken_languages": [
        {
            "english_name": "English",
            "iso_639_1": "en",
            "name": "English"
        },
        {
            "english_name": "French",
            "iso_639_1": "fr",
            "name": "Fran\u00e7ais"
        }
    ],
    "status": "Released",
    "tagline": "Everyone has a past. Every legend has a beginning.",
    "title": "Casino Royale",
    "video": false,
    "vote_average": 7.5,
    "vote_count": 8407
}