{
    "adult": false,
    "backdrop_path": "/ibONMoA8S6T9NgjLarWSrzW3Oke.jpg",
    "belongs_to_collection": null,
    "budget": 180000,
    "genres": [
        {
            "id": 18,
            "name": "Drama"
        },
        {
            "id": 10751,
            "name": "Family"
        }
    ],
    "homepage": "http://www.miramax.com/movie/children-of-heaven/",
    "id": 21334,
    "imdb_id": "tt0118849",
    "original_language": "fa",
    "original_title": "\u0628\u0686\u0647\u200c\u0647\u0627\u06cc \u0622\u0633\u0645\u0627\u0646",
    "overview": "Zohre's shoes are gone; her older brother Ali lost them. They are poor, there are no shoes for Zohre until they come up with an idea: they will share one pair of shoes, Ali's. School awaits...",
    "popularity": 30.361,
    "poster_path": "/jWqh1CJWAEcxckMRrf6ARhIEh0R.jpg",
    "production_companies": [
        {
            "id": 11459,
            "logo_path": null,
            "name": "Kanoon",
            "origin_country": "IR"
        }
    ],
    "production_countries": [
        {
            "iso_3166_1": "IR",
            "name": "Iran"
        }
    ],
    "release_date": "1997-08-01",
    "revenue": 925402,
    "runtime": 89,
    "spoken_languages": [
        {
            "english_name": "Persian",
            "iso_639_1": "fa",
            "name": "\u0641\u0627\u0631\u0633\u06cc"
        }
    ],
    "status": "Released",
    "tagline": "A Little Secret... Their Biggest Adventure!",
    "title": "Children of Heaven",
    "video": false,
    "vote_average": 8.0,
    "vote_count": 404
}