{
    "adult": false,
    "backdrop_path": "/eJ6kPtua2rEvjxHdCtnIobXJZSf.jpg",
    "belongs_to_collection": {
        "backdrop_path": "/mPf6vo6hAzftf8qRS4qbwRVBBkJ.jpg",
        "id": 359005,
        "name": "The Jake Gittes Collection",
        "poster_path": "/bv2if3JS0E5IScbkrNJMmiJtcPF.jpg"
    },
    "budget": 6000000,
    "genres": [
        {
            "id": 80,
            "name": "Crime"
        },
        {
            "id": 18,
            "name": "Drama"
        },
        {
            "id": 9648,
            "name": "Mystery"
        },
        {
            "id": 53,
            "name": "Thriller"
        }
    ],
    "homepage": "",
    "id": 829,
    "imdb_id": "tt0071315",
    "original_language": "en",
    "original_title": "Chinatown",
    "overview": "Private eye Jake Gittes lives off of the murky moral climate of sunbaked, pre-World War II Southern California. Hired by a beautiful socialite to investigate her husband's extra-marital affair, Gittes is swept into a maelstrom of double dealings and deadly deceits, uncovering a web of personal and political scandals that come crashing together.",
    "popularity": 21.496,
    "poster_path": "/7ljxmU9L0ugUvyyg0GBkFaarjEq.jpg",
    "production_companies": [
        {
            "id": 4,
            "logo_path": "/fycMZt242LVjagMByZOLUGbCvv3.png",
            "name": "Paramount",
            "origin_country": "US"
        },
        {
            "id": 10208,
            "logo_path": null,
            "name": "Long Road Productions",
            "origin_country": ""
        },
        {
            "id": 6226,
            "logo_path": "/iisjz57ADl50iwNDXynDR9STAqv.png",
            "name": "Penthouse",
            "origin_country": "US"
        },
        {
            "id": 94856,
            "logo_path": null,
            "name": "Robert Evans Company",
            "origin_country": ""
        }
    ],
    "production_countries": [
        {
            "iso_3166_1": "US",
            "name": "United States of America"
        }
    ],
    "release_date": "1974-06-20",
    "revenue": 30000000,
    "runtime": 130,
    "spoken_languages": [
        {
            "english_name": "Spanish",
            "iso_639_1": "es",
            "name": "Espa\u00f1ol"
        },
        {
            "english_name": "Cantonese",
            "iso_639_1": "cn",
            "name": "\u5e7f\u5dde\u8bdd / \u5ee3\u5dde\u8a71"
        },
        {
            "english_name": "English",
            "iso_639_1": "en",
            "name": "English"
        }
    ],
    "status": "Released",
    "tagline": "You get tough. You get tender. You get close to each other. Maybe you even get close to the truth.",
    "title": "Chinatown",
    "video": false,
    "vote_average": 7.9,
    "vote_count": 2752
}