{
    "adult": false,
    "backdrop_path": "/zoVeIgKzGJzpdG6Gwnr7iOYfIMU.jpg",
    "belongs_to_collection": null,
    "budget": 5000000,
    "genres": [
        {
            "id": 18,
            "name": "Drama"
        },
        {
            "id": 10749,
            "name": "Romance"
        }
    ],
    "homepage": "",
    "id": 11216,
    "imdb_id": "tt0095765",
    "original_language": "it",
    "original_title": "Nuovo Cinema Paradiso",
    "overview": "A filmmaker recalls his childhood, when he fell in love with the movies at his village's theater and formed a deep friendship with the theater's projectionist.",
    "popularity": 20.701,
    "poster_path": "/8SRUfRUi6x4O68n0VCbDNRa6iGL.jpg",
    "production_companies": [
        {
            "id": 7110,
            "logo_path": null,
            "name": "Les Films Ariane",
            "origin_country": "FR"
        },
        {
            "id": 119518,
            "logo_path": null,
            "name": "Cristaldifilm",
            "origin_country": ""
        },
        {
            "id": 1583,
            "logo_path": "/gKP4egMJOi5rksdnplfPV1wa0sd.png",
            "name": "RAI",
            "origin_country": "IT"
        }
    ],
    "production_countries": [
        {
            "iso_3166_1": "IT",
            "name": "Italy"
        }
    ],
    "release_date": "1988-11-17",
    "revenue": 11990401,
    "runtime": 124,
    "spoken_languages": [
        {
            "english_name": "Italian",
            "iso_639_1": "it",
            "name": "Italiano"
        }
    ],
    "status": "Released",
    "tagline": "A celebration of youth, friendship, and the everlasting magic of the movies.",
    "title": "Cinema Paradiso",
    "video": false,
    "vote_average": 8.5,
    "vote_count": 3093
}