{
    "adult": false,
    "backdrop_path": "/xhdDyRgnRfNanuZ5hoKNUh5M2Ce.jpg",
    "belongs_to_collection": null,
    "budget": 839727,
    "genres": [
        {
            "id": 9648,
            "name": "Mystery"
        },
        {
            "id": 18,
            "name": "Drama"
        }
    ],
    "homepage": "",
    "id": 15,
    "imdb_id": "tt0033467",
    "original_language": "en",
    "original_title": "Citizen Kane",
    "overview": "Newspaper magnate, Charles Foster Kane is taken from his mother as a boy and made the ward of a rich industrialist. As a result, every well-meaning, tyrannical or self-destructive move he makes for the rest of his life appears in some way to be a reaction to that deeply wounding event.",
    "popularity": 23.223,
    "poster_path": "/71jFvZ4TKOjMoRTuDS0MbQmCjnq.jpg",
    "production_companies": [
        {
            "id": 11447,
            "logo_path": null,
            "name": "Mercury Productions",
            "origin_country": ""
        },
        {
            "id": 6,
            "logo_path": "/n53F7K9scQWFXYbrCablqLKqJdp.png",
            "name": "RKO Radio Pictures",
            "origin_country": "US"
        }
    ],
    "production_countries": [
        {
            "iso_3166_1": "US",
            "name": "United States of America"
        }
    ],
    "release_date": "1941-04-17",
    "revenue": 23218000,
    "runtime": 119,
    "spoken_languages": [
        {
            "english_name": "English",
            "iso_639_1": "en",
            "name": "English"
        }
    ],
    "status": "Released",
    "tagline": "It's terrific!",
    "title": "Citizen Kane",
    "video": false,
    "vote_average": 8.0,
    "vote_count": 4118
}