{
    "adult": false,
    "backdrop_path": "/194dso1hBwQEgIU3fgS7mXHtFAj.jpg",
    "belongs_to_collection": null,
    "budget": 3300000,
    "genres": [
        {
            "id": 18,
            "name": "Drama"
        },
        {
            "id": 80,
            "name": "Crime"
        }
    ],
    "homepage": "http://cidadededeus.globo.com/",
    "id": 598,
    "imdb_id": "tt0317248",
    "original_language": "pt",
    "original_title": "Cidade de Deus",
    "overview": "Buscap\u00e9 was raised in a very violent environment. Despite the feeling that all odds were against him, he finds out that life can be seen with other eyes...",
    "popularity": 33.382,
    "poster_path": "/k7eYdWvhYQyRQoU2TB2A2Xu2TfD.jpg",
    "production_companies": [
        {
            "id": 345,
            "logo_path": "/hj2nqoG2F9COm16fqvM0YpY3jL4.png",
            "name": "O2 Filmes",
            "origin_country": "BR"
        },
        {
            "id": 346,
            "logo_path": "/kzQAFe6cBI0cbHZP3lUiHmeEyAF.png",
            "name": "Videofilmes",
            "origin_country": "BR"
        },
        {
            "id": 856,
            "logo_path": "/3tfzS2CrX6Ntbu927XzHXEPDA6y.png",
            "name": "Wild Bunch",
            "origin_country": "FR"
        },
        {
            "id": 11445,
            "logo_path": null,
            "name": "Hank Levine Film",
            "origin_country": ""
        },
        {
            "id": 13969,
            "logo_path": "/vYbpU7yDkLvx4ehvOxuU5BTsFKi.png",
            "name": "Globo Filmes",
            "origin_country": "BR"
        },
        {
            "id": 11793,
            "logo_path": null,
            "name": "Lumi\u00e8re",
            "origin_country": ""
        }
    ],
    "production_countries": [
        {
            "iso_3166_1": "BR",
            "name": "Brazil"
        }
    ],
    "release_date": "2002-02-05",
    "revenue": 30641770,
    "runtime": 130,
    "spoken_languages": [
        {
            "english_name": "Portuguese",
            "iso_639_1": "pt",
            "name": "Portugu\u00eas"
        }
    ],
    "status": "Released",
    "tagline": "If you run, you're dead... if you stay, you're dead again.",
    "title": "City of God",
    "video": false,
    "vote_average": 8.4,
    "vote_count": 5403
}