{
    "adult": false,
    "backdrop_path": "/ps82zgSDimvlYps6otcMYshrVyS.jpg",
    "belongs_to_collection": null,
    "budget": 1500000,
    "genres": [
        {
            "id": 35,
            "name": "Comedy"
        },
        {
            "id": 18,
            "name": "Drama"
        },
        {
            "id": 10749,
            "name": "Romance"
        }
    ],
    "homepage": "https://www.charliechaplin.com/en/films/5-City-Lights",
    "id": 901,
    "imdb_id": "tt0021749",
    "original_language": "en",
    "original_title": "City Lights",
    "overview": "In this sound-era silent film, a tramp falls in love with a beautiful blind flower seller.",
    "popularity": 15.908,
    "poster_path": "/bXNvzjULc9jrOVhGfjcc64uKZmZ.jpg",
    "production_companies": [
        {
            "id": 1315,
            "logo_path": null,
            "name": "Charles Chaplin Productions",
            "origin_country": ""
        },
        {
            "id": 60,
            "logo_path": "/oJXpAs4I3W46e4dkaOEzCa4yBko.png",
            "name": "United Artists",
            "origin_country": "US"
        }
    ],
    "production_countries": [
        {
            "iso_3166_1": "US",
            "name": "United States of America"
        }
    ],
    "release_date": "1931-02-01",
    "revenue": 4250000,
    "runtime": 87,
    "spoken_languages": [
        {
            "english_name": "No Language",
            "iso_639_1": "xx",
            "name": "No Language"
        }
    ],
    "status": "Released",
    "tagline": "True Blind Love",
    "title": "City Lights",
    "video": false,
    "vote_average": 8.4,
    "vote_count": 1507
}