{
    "adult": false,
    "backdrop_path": "/askg3SMvhqEl4OL52YuvdtY40Yb.jpg",
    "belongs_to_collection": null,
    "budget": 175000000,
    "genres": [
        {
            "id": 10751,
            "name": "Family"
        },
        {
            "id": 16,
            "name": "Animation"
        },
        {
            "id": 14,
            "name": "Fantasy"
        },
        {
            "id": 10402,
            "name": "Music"
        },
        {
            "id": 35,
            "name": "Comedy"
        },
        {
            "id": 12,
            "name": "Adventure"
        }
    ],
    "homepage": "https://www.pixar.com/feature-films/coco",
    "id": 354912,
    "imdb_id": "tt2380307",
    "original_language": "en",
    "original_title": "Coco",
    "overview": "Despite his family\u2019s baffling generations-old ban on music, Miguel dreams of becoming an accomplished musician like his idol, Ernesto de la Cruz. Desperate to prove his talent, Miguel finds himself in the stunning and colorful Land of the Dead following a mysterious chain of events. Along the way, he meets charming trickster Hector, and together, they set off on an extraordinary journey to unlock the real story behind Miguel's family history.",
    "popularity": 641.745,
    "poster_path": "/gGEsBPAijhVUFoiNpgZXqRVWJt2.jpg",
    "production_companies": [
        {
            "id": 3,
            "logo_path": "/1TjvGVDMYsj6JBxOAkUHpPEwLf7.png",
            "name": "Pixar",
            "origin_country": "US"
        },
        {
            "id": 2,
            "logo_path": "/wdrCwmRnLFJhEoH8GSfymY85KHT.png",
            "name": "Walt Disney Pictures",
            "origin_country": "US"
        }
    ],
    "production_countries": [
        {
            "iso_3166_1": "MX",
            "name": "Mexico"
        },
        {
            "iso_3166_1": "US",
            "name": "United States of America"
        }
    ],
    "release_date": "2017-10-27",
    "revenue": 800526015,
    "runtime": 105,
    "spoken_languages": [
        {
            "english_name": "English",
            "iso_639_1": "en",
            "name": "English"
        },
        {
            "english_name": "Spanish",
            "iso_639_1": "es",
            "name": "Espa\u00f1ol"
        }
    ],
    "status": "Released",
    "tagline": "The celebration of a lifetime",
    "title": "Coco",
    "video": false,
    "vote_average": 8.2,
    "vote_count": 14740
}