{
    "adult": false,
    "backdrop_path": "/oIQMt3Q6Qa37YD0JOdYkrIAPYDk.jpg",
    "belongs_to_collection": null,
    "budget": 0,
    "genres": [
        {
            "id": 18,
            "name": "Drama"
        },
        {
            "id": 10752,
            "name": "War"
        },
        {
            "id": 36,
            "name": "History"
        }
    ],
    "homepage": "",
    "id": 25237,
    "imdb_id": "tt0091251",
    "original_language": "ru",
    "original_title": "\u0418\u0434\u0438 \u0438 \u0441\u043c\u043e\u0442\u0440\u0438",
    "overview": "The invasion of a village in Byelorussia by German forces sends young Florya into the forest to join the weary Resistance fighters, against his family's wishes. There he meets a girl, Glasha, who accompanies him back to his village. On returning home, Florya finds his family and fellow peasants massacred. His continued survival amidst the brutal debris of war becomes increasingly nightmarish, a battle between despair and hope.",
    "popularity": 16.765,
    "poster_path": "/90A8sXK9QZVJ7Rj8nLdsj5NuO5s.jpg",
    "production_companies": [
        {
            "id": 12617,
            "logo_path": "/9Wf5DFTvzxo0pSqDp8MQWW3d01.png",
            "name": "Belarusfilm",
            "origin_country": "BY"
        },
        {
            "id": 344,
            "logo_path": "/xenuUvcunUNpbaDOYGhWZERaym7.png",
            "name": "Mosfilm",
            "origin_country": "SU"
        }
    ],
    "production_countries": [
        {
            "iso_3166_1": "SU",
            "name": "Soviet Union"
        }
    ],
    "release_date": "1985-09-03",
    "revenue": 168817,
    "runtime": 142,
    "spoken_languages": [
        {
            "english_name": "Belarusian",
            "iso_639_1": "be",
            "name": "\u0431\u0435\u043b\u0430\u0440\u0443\u0441\u043a\u0430\u044f \u043c\u043e\u0432\u0430"
        },
        {
            "english_name": "German",
            "iso_639_1": "de",
            "name": "Deutsch"
        },
        {
            "english_name": "Russian",
            "iso_639_1": "ru",
            "name": "P\u0443\u0441\u0441\u043a\u0438\u0439"
        }
    ],
    "status": "Released",
    "tagline": "A RELENTLESS MASTERPIECE...",
    "title": "Come and See",
    "video": false,
    "vote_average": 8.3,
    "vote_count": 788
}