{
    "adult": false,
    "backdrop_path": "/syGjgODx7pJb4tF1ipwTwrRdJxm.jpg",
    "belongs_to_collection": null,
    "budget": 3200000,
    "genres": [
        {
            "id": 80,
            "name": "Crime"
        },
        {
            "id": 18,
            "name": "Drama"
        }
    ],
    "homepage": "",
    "id": 903,
    "imdb_id": "tt0061512",
    "original_language": "en",
    "original_title": "Cool Hand Luke",
    "overview": "When petty criminal Luke Jackson is sentenced to two years in a Florida prison farm, he doesn't play by the rules of either the sadistic warden or the yard's resident heavy, Dragline, who ends up admiring the new guy's unbreakable will. Luke's bravado, even in the face of repeated stints in the prison's dreaded solitary confinement cell, \"the box,\" make him a rebel hero to his fellow convicts and a thorn in the side of the prison officers.",
    "popularity": 17.249,
    "poster_path": "/4ykzTiHKLamh3eZJ8orVICtU2Jp.jpg",
    "production_companies": [
        {
            "id": 11496,
            "logo_path": null,
            "name": "Jalem Productions",
            "origin_country": "US"
        },
        {
            "id": 174,
            "logo_path": "/IuAlhI9eVC9Z8UQWOIDdWRKSEJ.png",
            "name": "Warner Bros. Pictures",
            "origin_country": "US"
        }
    ],
    "production_countries": [
        {
            "iso_3166_1": "US",
            "name": "United States of America"
        }
    ],
    "release_date": "1967-06-22",
    "revenue": 16217773,
    "runtime": 127,
    "spoken_languages": [
        {
            "english_name": "English",
            "iso_639_1": "en",
            "name": "English"
        }
    ],
    "status": "Released",
    "tagline": "What we've got here is failure to communicate.",
    "title": "Cool Hand Luke",
    "video": false,
    "vote_average": 7.8,
    "vote_count": 1003
}