{
    "adult": false,
    "backdrop_path": "/wsRysp1DpjRdJv8D3eN4lEsGju9.jpg",
    "belongs_to_collection": null,
    "budget": 14000000,
    "genres": [
        {
            "id": 18,
            "name": "Drama"
        },
        {
            "id": 36,
            "name": "History"
        },
        {
            "id": 10752,
            "name": "War"
        }
    ],
    "homepage": "http://www.dasboot.com",
    "id": 387,
    "imdb_id": "tt0082096",
    "original_language": "de",
    "original_title": "Das Boot",
    "overview": "A German submarine hunts allied ships during the Second World War, but it soon becomes the hunted. The crew tries to survive below the surface, while stretching both the boat and themselves to their limits.",
    "popularity": 20.564,
    "poster_path": "/zhiaiqdvRozQArq9rRVZCGIFZS7.jpg",
    "production_companies": [
        {
            "id": 209,
            "logo_path": null,
            "name": "Radiant Film GmbH",
            "origin_country": ""
        },
        {
            "id": 210,
            "logo_path": "/evEPz76DrzGqsKesjYjrWVGvRpp.png",
            "name": "S\u00fcdwestdeutscher Rundfunk",
            "origin_country": "DE"
        },
        {
            "id": 1704,
            "logo_path": null,
            "name": "Bavaria Film",
            "origin_country": "DE"
        },
        {
            "id": 11344,
            "logo_path": null,
            "name": "Twin Bros. Productions",
            "origin_country": ""
        },
        {
            "id": 5,
            "logo_path": "/71BqEFAF4V3qjjMPCpLuyJFB9A.png",
            "name": "Columbia Pictures",
            "origin_country": "US"
        },
        {
            "id": 46,
            "logo_path": "/3xFdKHLXPGHEbrAkmsepGE8974Y.png",
            "name": "WDR",
            "origin_country": "DE"
        }
    ],
    "production_countries": [
        {
            "iso_3166_1": "DE",
            "name": "Germany"
        }
    ],
    "release_date": "1981-09-16",
    "revenue": 85000000,
    "runtime": 150,
    "spoken_languages": [
        {
            "english_name": "German",
            "iso_639_1": "de",
            "name": "Deutsch"
        },
        {
            "english_name": "English",
            "iso_639_1": "en",
            "name": "English"
        },
        {
            "english_name": "French",
            "iso_639_1": "fr",
            "name": "Fran\u00e7ais"
        }
    ],
    "status": "Released",
    "tagline": "When the hunters become the hunted.",
    "title": "Das Boot",
    "video": false,
    "vote_average": 8.1,
    "vote_count": 1557
}