{
    "adult": false,
    "backdrop_path": "/tJRToZBfb52NhF6SMGAe0bWQc6z.jpg",
    "belongs_to_collection": null,
    "budget": 16400000,
    "genres": [
        {
            "id": 18,
            "name": "Drama"
        }
    ],
    "homepage": "",
    "id": 207,
    "imdb_id": "tt0097165",
    "original_language": "en",
    "original_title": "Dead Poets Society",
    "overview": "At an elite, old-fashioned boarding school in New England, a passionate English teacher inspires his students to rebel against convention and seize the potential of every day, courting the disdain of the stern headmaster.",
    "popularity": 27.338,
    "poster_path": "/ai40gM7SUaGA6fthvsd87o8IQq4.jpg",
    "production_companies": [
        {
            "id": 9195,
            "logo_path": "/ou5BUbtulr6tIt699q6xJiEQTR9.png",
            "name": "Touchstone Pictures",
            "origin_country": "US"
        },
        {
            "id": 10282,
            "logo_path": null,
            "name": "Silver Screen Partners IV",
            "origin_country": "US"
        },
        {
            "id": 5892,
            "logo_path": "/fKJpBjX1Q39jChmSQAaSVw5VaB0.png",
            "name": "Buena Vista International",
            "origin_country": "US"
        }
    ],
    "production_countries": [
        {
            "iso_3166_1": "US",
            "name": "United States of America"
        }
    ],
    "release_date": "1989-06-02",
    "revenue": 235860116,
    "runtime": 128,
    "spoken_languages": [
        {
            "english_name": "English",
            "iso_639_1": "en",
            "name": "English"
        }
    ],
    "status": "Released",
    "tagline": "He was their inspiration. He made their lives extraordinary.",
    "title": "Dead Poets Society",
    "video": false,
    "vote_average": 8.3,
    "vote_count": 8591
}