{
    "adult": false,
    "backdrop_path": "/gLA1cUHcGGDO8pXYxhSljLId5wq.jpg",
    "belongs_to_collection": null,
    "budget": 4000000,
    "genres": [
        {
            "id": 28,
            "name": "Action"
        },
        {
            "id": 12,
            "name": "Adventure"
        },
        {
            "id": 18,
            "name": "Drama"
        }
    ],
    "homepage": "",
    "id": 9764,
    "imdb_id": "tt0071411",
    "original_language": "ru",
    "original_title": "\u0414\u0435\u0440\u0441\u0443 \u0423\u0437\u0430\u043b\u0430",
    "overview": "A military explorer meets and befriends a Goldi man in Russia\u2019s unmapped forests. A deep and abiding bond evolves between the two men, one civilized in the usual sense, the other at home in the glacial Siberian woods.",
    "popularity": 11.838,
    "poster_path": "/i6Z4A77eO22hD0rOUu7NlCMdZBr.jpg",
    "production_companies": [
        {
            "id": 6091,
            "logo_path": null,
            "name": "Atelier 41",
            "origin_country": ""
        },
        {
            "id": 880,
            "logo_path": "/vwhPRAZ4lhUtSuaifk4Au2MIm92.png",
            "name": "Daiei Film",
            "origin_country": "JP"
        },
        {
            "id": 344,
            "logo_path": "/xenuUvcunUNpbaDOYGhWZERaym7.png",
            "name": "Mosfilm",
            "origin_country": "SU"
        }
    ],
    "production_countries": [
        {
            "iso_3166_1": "JP",
            "name": "Japan"
        },
        {
            "iso_3166_1": "RU",
            "name": "Russia"
        },
        {
            "iso_3166_1": "SU",
            "name": "Soviet Union"
        }
    ],
    "release_date": "1975-08-02",
    "revenue": 0,
    "runtime": 141,
    "spoken_languages": [
        {
            "english_name": "Russian",
            "iso_639_1": "ru",
            "name": "P\u0443\u0441\u0441\u043a\u0438\u0439"
        }
    ],
    "status": "Released",
    "tagline": "Kurosawa's Academy Award Winning Masterpiece",
    "title": "Dersu Uzala",
    "video": false,
    "vote_average": 8.1,
    "vote_count": 310
}