{
    "adult": false,
    "backdrop_path": "/jVMlfESb0TJ29w8CUDDofEprMmn.jpg",
    "belongs_to_collection": null,
    "budget": 1400000,
    "genres": [
        {
            "id": 80,
            "name": "Crime"
        },
        {
            "id": 53,
            "name": "Thriller"
        }
    ],
    "homepage": "",
    "id": 521,
    "imdb_id": "tt0046912",
    "original_language": "en",
    "original_title": "Dial M for Murder",
    "overview": "An ex-tennis pro carries out a plot to have his wife murdered after discovering she is having an affair, and assumes she will soon leave him for the other man anyway. When things go wrong, he improvises a new plan\u2014to frame her for murder instead.",
    "popularity": 14.357,
    "poster_path": "/4KKiFDvtEusJzqzlwHp7iMceXKS.jpg",
    "production_companies": [
        {
            "id": 174,
            "logo_path": "/IuAlhI9eVC9Z8UQWOIDdWRKSEJ.png",
            "name": "Warner Bros. Pictures",
            "origin_country": "US"
        }
    ],
    "production_countries": [
        {
            "iso_3166_1": "US",
            "name": "United States of America"
        }
    ],
    "release_date": "1954-05-29",
    "revenue": 3000000,
    "runtime": 105,
    "spoken_languages": [
        {
            "english_name": "English",
            "iso_639_1": "en",
            "name": "English"
        }
    ],
    "status": "Released",
    "tagline": "If a woman answers... hang on for dear life!",
    "title": "Dial M for Murder",
    "video": false,
    "vote_average": 8.0,
    "vote_count": 1861
}