{
    "adult": false,
    "backdrop_path": "/qyNEqB6gl9V2GkiT88Pu36mqHnR.jpg",
    "belongs_to_collection": {
        "backdrop_path": "/5kHVblr87FUScuab1PVSsK692IL.jpg",
        "id": 1570,
        "name": "Die Hard Collection",
        "poster_path": "/nglknikAiEbsF9CW5xV9fC378JH.jpg"
    },
    "budget": 28000000,
    "genres": [
        {
            "id": 28,
            "name": "Action"
        },
        {
            "id": 53,
            "name": "Thriller"
        }
    ],
    "homepage": "https://www.foxmovies.com/movies/die-hard",
    "id": 562,
    "imdb_id": "tt0095016",
    "original_language": "en",
    "original_title": "Die Hard",
    "overview": "NYPD cop John McClane's plan to reconcile with his estranged wife is thrown for a serious loop when, minutes after he arrives at her office, the entire building is overtaken by a group of terrorists. With little help from the LAPD, wisecracking McClane sets out to single-handedly rescue the hostages and bring the bad guys down.",
    "popularity": 33.692,
    "poster_path": "/yFihWxQcmqcaBR31QM6Y8gT6aYV.jpg",
    "production_companies": [
        {
            "id": 1073,
            "logo_path": null,
            "name": "Gordon Company",
            "origin_country": ""
        },
        {
            "id": 1885,
            "logo_path": "/xlvoOZr4s1PygosrwZyolIFe5xs.png",
            "name": "Silver Pictures",
            "origin_country": "US"
        },
        {
            "id": 25,
            "logo_path": "/qZCc1lty5FzX30aOCVRBLzaVmcp.png",
            "name": "20th Century Fox",
            "origin_country": "US"
        }
    ],
    "production_countries": [
        {
            "iso_3166_1": "US",
            "name": "United States of America"
        }
    ],
    "release_date": "1988-07-15",
    "revenue": 140767956,
    "runtime": 131,
    "spoken_languages": [
        {
            "english_name": "English",
            "iso_639_1": "en",
            "name": "English"
        },
        {
            "english_name": "German",
            "iso_639_1": "de",
            "name": "Deutsch"
        },
        {
            "english_name": "Italian",
            "iso_639_1": "it",
            "name": "Italiano"
        }
    ],
    "status": "Released",
    "tagline": "Forty Stories. Twelve Terrorists. One Cop.",
    "title": "Die Hard",
    "video": false,
    "vote_average": 7.7,
    "vote_count": 8642
}