{
    "adult": false,
    "backdrop_path": "/2oZklIzUbvZXXzIFzv7Hi68d6xf.jpg",
    "belongs_to_collection": null,
    "budget": 100000000,
    "genres": [
        {
            "id": 18,
            "name": "Drama"
        },
        {
            "id": 37,
            "name": "Western"
        }
    ],
    "homepage": "http://www.unchainedmovie.com",
    "id": 68718,
    "imdb_id": "tt1853728",
    "original_language": "en",
    "original_title": "Django Unchained",
    "overview": "With the help of a German bounty hunter, a freed slave sets out to rescue his wife from a brutal Mississippi plantation owner.",
    "popularity": 70.983,
    "poster_path": "/7oWY8VDWW7thTzWh3OKYRkWUlD5.jpg",
    "production_companies": [
        {
            "id": 308,
            "logo_path": "/e8F3mQM7DkJ5SfYYDp8FYzPBOGX.png",
            "name": "The Weinstein Company",
            "origin_country": "US"
        },
        {
            "id": 5,
            "logo_path": "/71BqEFAF4V3qjjMPCpLuyJFB9A.png",
            "name": "Columbia Pictures",
            "origin_country": "US"
        }
    ],
    "production_countries": [
        {
            "iso_3166_1": "US",
            "name": "United States of America"
        }
    ],
    "release_date": "2012-12-25",
    "revenue": 425368238,
    "runtime": 165,
    "spoken_languages": [
        {
            "english_name": "English",
            "iso_639_1": "en",
            "name": "English"
        },
        {
            "english_name": "French",
            "iso_639_1": "fr",
            "name": "Fran\u00e7ais"
        },
        {
            "english_name": "German",
            "iso_639_1": "de",
            "name": "Deutsch"
        }
    ],
    "status": "Released",
    "tagline": "Life, liberty and the pursuit of vengeance.",
    "title": "Django Unchained",
    "video": false,
    "vote_average": 8.1,
    "vote_count": 21468
}