{
    "adult": false,
    "backdrop_path": "/u546kDNwrZ1ii6q8NqqQgHwRvoW.jpg",
    "belongs_to_collection": null,
    "budget": 927262,
    "genres": [
        {
            "id": 80,
            "name": "Crime"
        },
        {
            "id": 18,
            "name": "Drama"
        },
        {
            "id": 9648,
            "name": "Mystery"
        },
        {
            "id": 53,
            "name": "Thriller"
        }
    ],
    "homepage": "",
    "id": 996,
    "imdb_id": "tt0036775",
    "original_language": "en",
    "original_title": "Double Indemnity",
    "overview": "A rich woman and a calculating insurance agent plot to kill her unsuspecting husband after he signs a double indemnity policy. Against a backdrop of distinctly Californian settings, the partners in crime plan the perfect murder to collect the insurance, which pays double if the death is accidental.",
    "popularity": 11.884,
    "poster_path": "/kkfKLeOTo7RjS9TxHKpknlL7huS.jpg",
    "production_companies": [
        {
            "id": 4,
            "logo_path": "/fycMZt242LVjagMByZOLUGbCvv3.png",
            "name": "Paramount",
            "origin_country": "US"
        }
    ],
    "production_countries": [
        {
            "iso_3166_1": "US",
            "name": "United States of America"
        }
    ],
    "release_date": "1944-06-14",
    "revenue": 2500000,
    "runtime": 107,
    "spoken_languages": [
        {
            "english_name": "English",
            "iso_639_1": "en",
            "name": "English"
        }
    ],
    "status": "Released",
    "tagline": "It's love and murder at first sight!",
    "title": "Double Indemnity",
    "video": false,
    "vote_average": 8.2,
    "vote_count": 1252
}