{
    "adult": false,
    "backdrop_path": "/xgAEfHByamMdRCA31oERQrsiutF.jpg",
    "belongs_to_collection": null,
    "budget": 18339750,
    "genres": [
        {
            "id": 18,
            "name": "Drama"
        },
        {
            "id": 36,
            "name": "History"
        },
        {
            "id": 10752,
            "name": "War"
        }
    ],
    "homepage": "",
    "id": 613,
    "imdb_id": "tt0363163",
    "original_language": "de",
    "original_title": "Der Untergang",
    "overview": "In April of 1945, Germany stands at the brink of defeat with the Russian Army closing in from the east and the Allied Expeditionary Force attacking from the west. In Berlin, capital of the Third Reich, Adolf Hitler proclaims that Germany will still achieve victory and orders his generals and advisers to fight to the last man. When the end finally does come, and Hitler lies dead by his own hand, what is left of his military must find a way to end the killing that is the Battle of Berlin, and lay down their arms in surrender.",
    "popularity": 17.102,
    "poster_path": "/cP1ElGjBhbZAAqmueXjHDKlSwiP.jpg",
    "production_companies": [
        {
            "id": 5755,
            "logo_path": null,
            "name": "Constantin Film",
            "origin_country": "DE"
        },
        {
            "id": 7201,
            "logo_path": "/ljV8ZT3CIYCEIEDlTyBliXJVCZr.png",
            "name": "NDR",
            "origin_country": "DE"
        },
        {
            "id": 3391,
            "logo_path": "/t0QBs2fI3mE3HxgoH1n39bYuzNu.png",
            "name": "ORF",
            "origin_country": "AT"
        },
        {
            "id": 986,
            "logo_path": null,
            "name": "Degeto Film",
            "origin_country": "DE"
        },
        {
            "id": 2278,
            "logo_path": null,
            "name": "EOS Entertainment",
            "origin_country": "DE"
        },
        {
            "id": 46,
            "logo_path": "/3xFdKHLXPGHEbrAkmsepGE8974Y.png",
            "name": "WDR",
            "origin_country": "DE"
        },
        {
            "id": 1583,
            "logo_path": "/gKP4egMJOi5rksdnplfPV1wa0sd.png",
            "name": "RAI",
            "origin_country": "IT"
        }
    ],
    "production_countries": [
        {
            "iso_3166_1": "AT",
            "name": "Austria"
        },
        {
            "iso_3166_1": "DE",
            "name": "Germany"
        },
        {
            "iso_3166_1": "IT",
            "name": "Italy"
        }
    ],
    "release_date": "2004-09-08",
    "revenue": 92180910,
    "runtime": 156,
    "spoken_languages": [
        {
            "english_name": "Hungarian",
            "iso_639_1": "hu",
            "name": "Magyar"
        },
        {
            "english_name": "German",
            "iso_639_1": "de",
            "name": "Deutsch"
        },
        {
            "english_name": "Russian",
            "iso_639_1": "ru",
            "name": "P\u0443\u0441\u0441\u043a\u0438\u0439"
        }
    ],
    "status": "Released",
    "tagline": "April 1945, a nation awaits its... Downfall",
    "title": "Downfall",
    "video": false,
    "vote_average": 7.8,
    "vote_count": 2812
}