{
    "adult": false,
    "backdrop_path": "/eeijXm3553xvuFbkPFkDG6CLCbQ.jpg",
    "belongs_to_collection": {
        "backdrop_path": "/iCFFmXkK5FdIzqZyyQQEdpkTo8C.jpg",
        "id": 726871,
        "name": "Dune Collection",
        "poster_path": "/wKNYdj5Wm2XamEQcpyikGWpTOPJ.jpg"
    },
    "budget": 165000000,
    "genres": [
        {
            "id": 28,
            "name": "Action"
        },
        {
            "id": 12,
            "name": "Adventure"
        },
        {
            "id": 878,
            "name": "Science Fiction"
        }
    ],
    "homepage": "https://www.dunemovie.com/",
    "id": 438631,
    "imdb_id": "tt1160419",
    "original_language": "en",
    "original_title": "Dune",
    "overview": "Paul Atreides, a brilliant and gifted young man born into a great destiny beyond his understanding, must travel to the most dangerous planet in the universe to ensure the future of his family and his people. As malevolent forces explode into conflict over the planet's exclusive supply of the most precious resource in existence-a commodity capable of unlocking humanity's greatest potential-only those who can conquer their fear will survive.",
    "popularity": 3805.604,
    "poster_path": "/d5NXSklXo0qyIYkgV94XAgMIckC.jpg",
    "production_companies": [
        {
            "id": 923,
            "logo_path": "/5UQsZrfbfG2dYJbx8DxfoTr2Bvu.png",
            "name": "Legendary Pictures",
            "origin_country": "US"
        }
    ],
    "production_countries": [
        {
            "iso_3166_1": "US",
            "name": "United States of America"
        }
    ],
    "release_date": "2021-09-15",
    "revenue": 304626162,
    "runtime": 155,
    "spoken_languages": [
        {
            "english_name": "Mandarin",
            "iso_639_1": "zh",
            "name": "\u666e\u901a\u8bdd"
        },
        {
            "english_name": "English",
            "iso_639_1": "en",
            "name": "English"
        }
    ],
    "status": "Released",
    "tagline": "Beyond fear, destiny awaits.",
    "title": "Dune",
    "video": false,
    "vote_average": 8.0,
    "vote_count": 3477
}