{
    "adult": false,
    "backdrop_path": "/jz9Kep0xWjiA6QDHSsd43ASxNfj.jpg",
    "belongs_to_collection": null,
    "budget": 20000000,
    "genres": [
        {
            "id": 878,
            "name": "Science Fiction"
        },
        {
            "id": 18,
            "name": "Drama"
        },
        {
            "id": 10749,
            "name": "Romance"
        }
    ],
    "homepage": "http://www.eternalsunshine.com",
    "id": 38,
    "imdb_id": "tt0338013",
    "original_language": "en",
    "original_title": "Eternal Sunshine of the Spotless Mind",
    "overview": "Joel Barish, heartbroken that his girlfriend underwent a procedure to erase him from her memory, decides to do the same. However, as he watches his memories of her fade away, he realises that he still loves her, and may be too late to correct his mistake.",
    "popularity": 44.577,
    "poster_path": "/5MwkWH9tYHv3mV9OdYTMR5qreIz.jpg",
    "production_companies": [
        {
            "id": 10146,
            "logo_path": "/xnFIOeq5cKw09kCWqV7foWDe4AA.png",
            "name": "Focus Features",
            "origin_country": "US"
        },
        {
            "id": 10039,
            "logo_path": "/b8w4LldQolMKiLZw4FQJBcXSDGI.png",
            "name": "Anonymous Content",
            "origin_country": "US"
        },
        {
            "id": 10059,
            "logo_path": null,
            "name": "This Is That Productions",
            "origin_country": "US"
        }
    ],
    "production_countries": [
        {
            "iso_3166_1": "US",
            "name": "United States of America"
        }
    ],
    "release_date": "2004-03-19",
    "revenue": 72258126,
    "runtime": 108,
    "spoken_languages": [
        {
            "english_name": "English",
            "iso_639_1": "en",
            "name": "English"
        }
    ],
    "status": "Released",
    "tagline": "You can erase someone from your mind. Getting them out of your heart is another story.",
    "title": "Eternal Sunshine of the Spotless Mind",
    "video": false,
    "vote_average": 8.1,
    "vote_count": 11593
}