{
    "adult": false,
    "backdrop_path": "/jVzoKlWUpsKV3y5oLafLQhEvgX6.jpg",
    "belongs_to_collection": null,
    "budget": 6000000,
    "genres": [
        {
            "id": 14,
            "name": "Fantasy"
        },
        {
            "id": 18,
            "name": "Drama"
        },
        {
            "id": 9648,
            "name": "Mystery"
        }
    ],
    "homepage": "http://www.orionpictures.com/view/movie/633/Fanny-And-Alexander/",
    "id": 5961,
    "imdb_id": "tt0083922",
    "original_language": "sv",
    "original_title": "Fanny och Alexander",
    "overview": "As children in the loving Ekdahl family, Fanny and Alexander enjoy a happy life with their parents, who run a theater company. After their father dies unexpectedly, however, the siblings end up in a joyless home when their mother, Emilie, marries a stern bishop. The bleak situation gradually grows worse as the bishop becomes more controlling, but dedicated relatives make a valiant attempt to aid Emilie, Fanny and Alexander.",
    "popularity": 7.773,
    "poster_path": "/q8jlA3Wc1Z987hNKRFA44g5OugC.jpg",
    "production_companies": [
        {
            "id": 7445,
            "logo_path": null,
            "name": "Cinematograph AB",
            "origin_country": "SE"
        },
        {
            "id": 2302,
            "logo_path": "/rPXEdpqwFycAY9ZgrAJXv13qcWW.png",
            "name": "Svenska Filminstitutet",
            "origin_country": "SE"
        },
        {
            "id": 2999,
            "logo_path": "/zGSqFee9aDgDuLD6vcs2mcJUem4.png",
            "name": "SVT",
            "origin_country": "SE"
        },
        {
            "id": 9,
            "logo_path": "/nda3dTUYdDrJ6rZqBpYvY865aDv.png",
            "name": "Gaumont",
            "origin_country": "FR"
        },
        {
            "id": 7447,
            "logo_path": null,
            "name": "Personafilm",
            "origin_country": ""
        },
        {
            "id": 480,
            "logo_path": null,
            "name": "Tobis",
            "origin_country": "DE"
        }
    ],
    "production_countries": [
        {
            "iso_3166_1": "SE",
            "name": "Sweden"
        },
        {
            "iso_3166_1": "DE",
            "name": "Germany"
        },
        {
            "iso_3166_1": "FR",
            "name": "France"
        }
    ],
    "release_date": "1982-12-17",
    "revenue": 6795771,
    "runtime": 188,
    "spoken_languages": [
        {
            "english_name": "English",
            "iso_639_1": "en",
            "name": "English"
        },
        {
            "english_name": "German",
            "iso_639_1": "de",
            "name": "Deutsch"
        },
        {
            "english_name": "Swedish",
            "iso_639_1": "sv",
            "name": "svenska"
        },
        {
            "english_name": "Yiddish",
            "iso_639_1": "yi",
            "name": ""
        }
    ],
    "status": "Released",
    "tagline": "",
    "title": "Fanny and Alexander",
    "video": false,
    "vote_average": 7.8,
    "vote_count": 526
}