{
    "adult": false,
    "backdrop_path": "/hs6OPto38fF589ScpGhl7uSU4MI.jpg",
    "belongs_to_collection": null,
    "budget": 600000,
    "genres": [
        {
            "id": 37,
            "name": "Western"
        }
    ],
    "homepage": "",
    "id": 938,
    "imdb_id": "tt0059578",
    "original_language": "it",
    "original_title": "Per qualche dollaro in pi\u00f9",
    "overview": "Two bounty hunters are in pursuit of \"El Indio,\" one of the most wanted fugitives in the western territories, and his gang.",
    "popularity": 26.062,
    "poster_path": "/vVUIAVsh2lMzweyrbdsOgiZoQuy.jpg",
    "production_companies": [
        {
            "id": 5755,
            "logo_path": null,
            "name": "Constantin Film",
            "origin_country": "DE"
        },
        {
            "id": 7508,
            "logo_path": null,
            "name": "PEA",
            "origin_country": "IT"
        },
        {
            "id": 10560,
            "logo_path": null,
            "name": "Arturo Gonz\u00e1lez Producciones Cinematogr\u00e1ficas",
            "origin_country": ""
        },
        {
            "id": 60,
            "logo_path": "/oJXpAs4I3W46e4dkaOEzCa4yBko.png",
            "name": "United Artists",
            "origin_country": "US"
        }
    ],
    "production_countries": [
        {
            "iso_3166_1": "DE",
            "name": "Germany"
        },
        {
            "iso_3166_1": "ES",
            "name": "Spain"
        },
        {
            "iso_3166_1": "IT",
            "name": "Italy"
        }
    ],
    "release_date": "1965-05-10",
    "revenue": 15000000,
    "runtime": 132,
    "spoken_languages": [
        {
            "english_name": "Italian",
            "iso_639_1": "it",
            "name": "Italiano"
        }
    ],
    "status": "Released",
    "tagline": "The man with no name is back... the man in black is waiting... a walking arsenal - he uncoils, strikes and kills!",
    "title": "For a Few Dollars More",
    "video": false,
    "vote_average": 8.0,
    "vote_count": 2842
}