{
    "adult": false,
    "backdrop_path": "/qdIMHd4sEfJSckfVJfKQvisL02a.jpg",
    "belongs_to_collection": null,
    "budget": 55000000,
    "genres": [
        {
            "id": 35,
            "name": "Comedy"
        },
        {
            "id": 18,
            "name": "Drama"
        },
        {
            "id": 10749,
            "name": "Romance"
        }
    ],
    "homepage": "",
    "id": 13,
    "imdb_id": "tt0109830",
    "original_language": "en",
    "original_title": "Forrest Gump",
    "overview": "A man with a low IQ has accomplished great things in his life and been present during significant historic events\u2014in each case, far exceeding what anyone imagined he could do. But despite all he has achieved, his one true love eludes him.",
    "popularity": 45.401,
    "poster_path": "/saHP97rTPS5eLmrLQEcANmKrsFl.jpg",
    "production_companies": [
        {
            "id": 4,
            "logo_path": "/fycMZt242LVjagMByZOLUGbCvv3.png",
            "name": "Paramount",
            "origin_country": "US"
        },
        {
            "id": 21920,
            "logo_path": null,
            "name": "The Steve Tisch Company",
            "origin_country": ""
        }
    ],
    "production_countries": [
        {
            "iso_3166_1": "US",
            "name": "United States of America"
        }
    ],
    "release_date": "1994-07-06",
    "revenue": 677387716,
    "runtime": 142,
    "spoken_languages": [
        {
            "english_name": "English",
            "iso_639_1": "en",
            "name": "English"
        }
    ],
    "status": "Released",
    "tagline": "Life is like a box of chocolates...you never know what you're gonna get.",
    "title": "Forrest Gump",
    "video": false,
    "vote_average": 8.5,
    "vote_count": 21506
}