{
    "adult": false,
    "backdrop_path": "/jqfCHNmjJVo5nJnLPM3ww7yqfNm.jpg",
    "belongs_to_collection": null,
    "budget": 30000000,
    "genres": [
        {
            "id": 18,
            "name": "Drama"
        },
        {
            "id": 10752,
            "name": "War"
        }
    ],
    "homepage": "https://www.warnerbros.com/movies/full-metal-jacket",
    "id": 600,
    "imdb_id": "tt0093058",
    "original_language": "en",
    "original_title": "Full Metal Jacket",
    "overview": "A pragmatic U.S. Marine observes the dehumanizing effects the U.S.-Vietnam War has on his fellow recruits from their brutal boot camp training to the bloody street fighting in Hue.",
    "popularity": 44.585,
    "poster_path": "/kMKyx1k8hWWscYFnPbnxxN4Eqo4.jpg",
    "production_companies": [
        {
            "id": 50819,
            "logo_path": null,
            "name": "Natant",
            "origin_country": ""
        },
        {
            "id": 385,
            "logo_path": null,
            "name": "Stanley Kubrick Productions",
            "origin_country": "GB"
        },
        {
            "id": 174,
            "logo_path": "/IuAlhI9eVC9Z8UQWOIDdWRKSEJ.png",
            "name": "Warner Bros. Pictures",
            "origin_country": "US"
        }
    ],
    "production_countries": [
        {
            "iso_3166_1": "GB",
            "name": "United Kingdom"
        },
        {
            "iso_3166_1": "US",
            "name": "United States of America"
        }
    ],
    "release_date": "1987-06-26",
    "revenue": 46357676,
    "runtime": 117,
    "spoken_languages": [
        {
            "english_name": "English",
            "iso_639_1": "en",
            "name": "English"
        },
        {
            "english_name": "Vietnamese",
            "iso_639_1": "vi",
            "name": "Ti\u1ebfng Vi\u1ec7t"
        }
    ],
    "status": "Released",
    "tagline": "Vietnam can kill me, but it can\u2019t make me care.",
    "title": "Full Metal Jacket",
    "video": false,
    "vote_average": 8.1,
    "vote_count": 8035
}