{
    "adult": false,
    "backdrop_path": "/aZtwH3RQ0L8jbInxr7OSc9tlGMJ.jpg",
    "belongs_to_collection": null,
    "budget": 103000000,
    "genres": [
        {
            "id": 28,
            "name": "Action"
        },
        {
            "id": 18,
            "name": "Drama"
        },
        {
            "id": 12,
            "name": "Adventure"
        }
    ],
    "homepage": "",
    "id": 98,
    "imdb_id": "tt0172495",
    "original_language": "en",
    "original_title": "Gladiator",
    "overview": "In the year 180, the death of emperor Marcus Aurelius throws the Roman Empire into chaos.  Maximus is one of the Roman army's most capable and trusted generals and a key advisor to the emperor.  As Marcus' devious son Commodus ascends to the throne, Maximus is set to be executed.  He escapes, but is captured by slave traders.  Renamed Spaniard and forced to become a gladiator, Maximus must battle to the death with other men for the amusement of paying audiences.",
    "popularity": 40.57,
    "poster_path": "/rotQFyaeNQivUJOm3J3M7YqPNMx.jpg",
    "production_companies": [
        {
            "id": 33,
            "logo_path": "/8lvHyhjr8oUKOOy2dKXoALWKdp0.png",
            "name": "Universal Pictures",
            "origin_country": "US"
        },
        {
            "id": 1645,
            "logo_path": "/6Ry6uNBaa0IbbSs1XYIgX5DkA9r.png",
            "name": "Scott Free Productions",
            "origin_country": "GB"
        },
        {
            "id": 14440,
            "logo_path": null,
            "name": "Red Wagon Entertainment",
            "origin_country": "US"
        },
        {
            "id": 21904,
            "logo_path": null,
            "name": "Mill Film",
            "origin_country": "GB"
        },
        {
            "id": 21905,
            "logo_path": null,
            "name": "C & L",
            "origin_country": "MT"
        },
        {
            "id": 21906,
            "logo_path": null,
            "name": "Dawliz",
            "origin_country": "MA"
        },
        {
            "id": 7,
            "logo_path": "/vru2SssLX3FPhnKZGtYw00pVIS9.png",
            "name": "DreamWorks Pictures",
            "origin_country": "US"
        }
    ],
    "production_countries": [
        {
            "iso_3166_1": "GB",
            "name": "United Kingdom"
        },
        {
            "iso_3166_1": "US",
            "name": "United States of America"
        }
    ],
    "release_date": "2000-05-01",
    "revenue": 465361176,
    "runtime": 155,
    "spoken_languages": [
        {
            "english_name": "English",
            "iso_639_1": "en",
            "name": "English"
        }
    ],
    "status": "Released",
    "tagline": "A Hero Will Rise.",
    "title": "Gladiator",
    "video": false,
    "vote_average": 8.2,
    "vote_count": 14304
}