{
    "adult": false,
    "backdrop_path": "/x9ezMgOtDPqHatHDvxEG0ILb6Ie.jpg",
    "belongs_to_collection": null,
    "budget": 61000000,
    "genres": [
        {
            "id": 9648,
            "name": "Mystery"
        },
        {
            "id": 53,
            "name": "Thriller"
        },
        {
            "id": 18,
            "name": "Drama"
        }
    ],
    "homepage": "http://www.gonegirlmovie.com/",
    "id": 210577,
    "imdb_id": "tt2267998",
    "original_language": "en",
    "original_title": "Gone Girl",
    "overview": "With his wife's disappearance having become the focus of an intense media circus, a man sees the spotlight turned on him when it's suspected that he may not be innocent.",
    "popularity": 59.023,
    "poster_path": "/qymaJhucquUwjpb8oiqynMeXnID.jpg",
    "production_companies": [
        {
            "id": 508,
            "logo_path": "/7PzJdsLGlR7oW4J0J5Xcd0pHGRg.png",
            "name": "Regency Enterprises",
            "origin_country": "US"
        },
        {
            "id": 10104,
            "logo_path": "/hNuGhsKVlmhnwSRcmOejDBDjh6w.png",
            "name": "New Regency Pictures",
            "origin_country": "US"
        },
        {
            "id": 15829,
            "logo_path": null,
            "name": "Pacific Standard",
            "origin_country": ""
        },
        {
            "id": 22213,
            "logo_path": "/qx9K6bFWJupwde0xQDwOvXkOaL8.png",
            "name": "TSG Entertainment",
            "origin_country": "US"
        },
        {
            "id": 60682,
            "logo_path": "/uyEGeoWO8xUtMIlEY8ztMZWizu6.png",
            "name": "Artemple - Hollywood",
            "origin_country": "US"
        },
        {
            "id": 25,
            "logo_path": "/qZCc1lty5FzX30aOCVRBLzaVmcp.png",
            "name": "20th Century Fox",
            "origin_country": "US"
        }
    ],
    "production_countries": [
        {
            "iso_3166_1": "US",
            "name": "United States of America"
        }
    ],
    "release_date": "2014-10-01",
    "revenue": 369330363,
    "runtime": 149,
    "spoken_languages": [
        {
            "english_name": "English",
            "iso_639_1": "en",
            "name": "English"
        }
    ],
    "status": "Released",
    "tagline": "You don't know what you've got 'til it's...",
    "title": "Gone Girl",
    "video": false,
    "vote_average": 7.9,
    "vote_count": 14917
}