{
    "adult": false,
    "backdrop_path": "/4FHcxMtVruMr7ltU2cItWssLjTP.jpg",
    "belongs_to_collection": null,
    "budget": 4000000,
    "genres": [
        {
            "id": 18,
            "name": "Drama"
        },
        {
            "id": 10752,
            "name": "War"
        },
        {
            "id": 10749,
            "name": "Romance"
        }
    ],
    "homepage": "",
    "id": 770,
    "imdb_id": "tt0031381",
    "original_language": "en",
    "original_title": "Gone with the Wind",
    "overview": "The spoiled daughter of a well-to-do plantation owner is forced to use every means at her disposal to claw her way out of poverty, following Maj. Gen. William Sherman's destructive \"March to the Sea,\u201d during the American Civil War.",
    "popularity": 25.051,
    "poster_path": "/lNz2Ow0wGCAvzckW7EOjE03KcYv.jpg",
    "production_companies": [
        {
            "id": 1553,
            "logo_path": null,
            "name": "Selznick International Pictures",
            "origin_country": "US"
        },
        {
            "id": 21,
            "logo_path": "/aOWKh4gkNrfFZ3Ep7n0ckPhoGb5.png",
            "name": "Metro-Goldwyn-Mayer",
            "origin_country": "US"
        }
    ],
    "production_countries": [
        {
            "iso_3166_1": "US",
            "name": "United States of America"
        }
    ],
    "release_date": "1940-02-16",
    "revenue": 402352579,
    "runtime": 233,
    "spoken_languages": [
        {
            "english_name": "English",
            "iso_639_1": "en",
            "name": "English"
        }
    ],
    "status": "Released",
    "tagline": "The greatest romance of all time!",
    "title": "Gone with the Wind",
    "video": false,
    "vote_average": 8.0,
    "vote_count": 3098
}