{
    "adult": false,
    "backdrop_path": "/sw7mordbZxgITU877yTpZCud90M.jpg",
    "belongs_to_collection": null,
    "budget": 25000000,
    "genres": [
        {
            "id": 18,
            "name": "Drama"
        },
        {
            "id": 80,
            "name": "Crime"
        }
    ],
    "homepage": "http://www.warnerbros.com/goodfellas",
    "id": 769,
    "imdb_id": "tt0099685",
    "original_language": "en",
    "original_title": "GoodFellas",
    "overview": "The true story of Henry Hill, a half-Irish, half-Sicilian Brooklyn kid who is adopted by neighbourhood gangsters at an early age and climbs the ranks of a Mafia family under the guidance of Jimmy Conway.",
    "popularity": 43.884,
    "poster_path": "/6QMSLvU5ziIL2T6VrkaKzN2YkxK.jpg",
    "production_companies": [
        {
            "id": 8880,
            "logo_path": "/fE7LBw7Jz8R29EABFGCvWNriZxN.png",
            "name": "Winkler Films",
            "origin_country": "US"
        }
    ],
    "production_countries": [
        {
            "iso_3166_1": "US",
            "name": "United States of America"
        }
    ],
    "release_date": "1990-09-12",
    "revenue": 46835000,
    "runtime": 145,
    "spoken_languages": [
        {
            "english_name": "Italian",
            "iso_639_1": "it",
            "name": "Italiano"
        },
        {
            "english_name": "English",
            "iso_639_1": "en",
            "name": "English"
        }
    ],
    "status": "Released",
    "tagline": "Three Decades of Life in the Mafia.",
    "title": "GoodFellas",
    "video": false,
    "vote_average": 8.5,
    "vote_count": 9468
}