{
    "adult": false,
    "backdrop_path": "/bpV8wn48s82au37QyUJ51S7X2Vf.jpg",
    "belongs_to_collection": null,
    "budget": 10000000,
    "genres": [
        {
            "id": 18,
            "name": "Drama"
        }
    ],
    "homepage": "http://www.miramax.com/movie/good-will-hunting",
    "id": 489,
    "imdb_id": "tt0119217",
    "original_language": "en",
    "original_title": "Good Will Hunting",
    "overview": "Will Hunting has a genius-level IQ but chooses to work as a janitor at MIT. When he solves a difficult graduate-level math problem, his talents are discovered by Professor Gerald Lambeau, who decides to help the misguided youth reach his potential. When Will is arrested for attacking a police officer, Professor Lambeau makes a deal to get leniency for him if he will get treatment from therapist Sean Maguire.",
    "popularity": 47.438,
    "poster_path": "/bABCBKYBK7A5G1x0FzoeoNfuj2.jpg",
    "production_companies": [
        {
            "id": 14,
            "logo_path": "/m6AHu84oZQxvq7n1rsvMNJIAsMu.png",
            "name": "Miramax",
            "origin_country": "US"
        },
        {
            "id": 2253,
            "logo_path": null,
            "name": "Lawrence Bender Productions",
            "origin_country": "US"
        },
        {
            "id": 23201,
            "logo_path": null,
            "name": "Be Gentlemen Limited Partnership",
            "origin_country": ""
        }
    ],
    "production_countries": [
        {
            "iso_3166_1": "US",
            "name": "United States of America"
        }
    ],
    "release_date": "1997-12-05",
    "revenue": 225933435,
    "runtime": 127,
    "spoken_languages": [
        {
            "english_name": "English",
            "iso_639_1": "en",
            "name": "English"
        }
    ],
    "status": "Released",
    "tagline": "For the first 20 years of his life, Will Hunting has called the shots. Now he's about to meet his match.",
    "title": "Good Will Hunting",
    "video": false,
    "vote_average": 8.1,
    "vote_count": 9046
}