{
    "adult": false,
    "backdrop_path": "/2t82UwR1OtqBrDkbMMQRiRpTyi8.jpg",
    "belongs_to_collection": null,
    "budget": 33000000,
    "genres": [
        {
            "id": 18,
            "name": "Drama"
        }
    ],
    "homepage": "http://www.thegrantorino.com/",
    "id": 13223,
    "imdb_id": "tt1205489",
    "original_language": "en",
    "original_title": "Gran Torino",
    "overview": "Disgruntled Korean War veteran Walt Kowalski sets out to reform his neighbor, Thao Lor, a Hmong teenager who tried to steal Kowalski's prized possession: a 1972 Gran Torino.",
    "popularity": 31.407,
    "poster_path": "/89eFUED55UqZA3JqYEofA22fWlQ.jpg",
    "production_companies": [
        {
            "id": 27351,
            "logo_path": null,
            "name": "Matten Productions",
            "origin_country": ""
        },
        {
            "id": 10138,
            "logo_path": "/r67HWrAbCShfwWREWo2MlXsSK3B.png",
            "name": "Double Nickel Entertainment",
            "origin_country": "US"
        },
        {
            "id": 975,
            "logo_path": null,
            "name": "Gerber Pictures",
            "origin_country": "US"
        },
        {
            "id": 171,
            "logo_path": null,
            "name": "Malpaso Productions",
            "origin_country": "US"
        },
        {
            "id": 79,
            "logo_path": "/tpFpsqbleCzEE2p5EgvUq6ozfCA.png",
            "name": "Village Roadshow Pictures",
            "origin_country": "US"
        },
        {
            "id": 27352,
            "logo_path": null,
            "name": "WV Films IV",
            "origin_country": ""
        },
        {
            "id": 174,
            "logo_path": "/IuAlhI9eVC9Z8UQWOIDdWRKSEJ.png",
            "name": "Warner Bros. Pictures",
            "origin_country": "US"
        }
    ],
    "production_countries": [
        {
            "iso_3166_1": "US",
            "name": "United States of America"
        },
        {
            "iso_3166_1": "DE",
            "name": "Germany"
        }
    ],
    "release_date": "2008-12-09",
    "revenue": 269958228,
    "runtime": 116,
    "spoken_languages": [
        {
            "english_name": "English",
            "iso_639_1": "en",
            "name": "English"
        }
    ],
    "status": "Released",
    "tagline": "Ever come across somebody you shouldn't have f#cked with?",
    "title": "Gran Torino",
    "video": false,
    "vote_average": 8.0,
    "vote_count": 8520
}