{
    "adult": false,
    "backdrop_path": "/tDFvXn4tane9lUvFAFAUkMylwSr.jpg",
    "belongs_to_collection": null,
    "budget": 3700000,
    "genres": [
        {
            "id": 16,
            "name": "Animation"
        },
        {
            "id": 18,
            "name": "Drama"
        },
        {
            "id": 10752,
            "name": "War"
        }
    ],
    "homepage": "",
    "id": 12477,
    "imdb_id": "tt0095327",
    "original_language": "ja",
    "original_title": "\u706b\u5782\u308b\u306e\u5893",
    "overview": "In the final months of World War II, 14-year-old Seita and his sister Setsuko are orphaned when their mother is killed during an air raid in Kobe, Japan. After a falling out with their aunt, they move into an abandoned bomb shelter. With no surviving relatives and their emergency rations depleted, Seita and Setsuko struggle to survive.",
    "popularity": 0.6,
    "poster_path": "/qG3RYlIVpTYclR9TYIsy8p7m7AT.jpg",
    "production_companies": [
        {
            "id": 10342,
            "logo_path": "/eS79pslnoKbWg7t3PMA9ayl0bGs.png",
            "name": "Studio Ghibli",
            "origin_country": "JP"
        }
    ],
    "production_countries": [
        {
            "iso_3166_1": "JP",
            "name": "Japan"
        }
    ],
    "release_date": "1988-04-16",
    "revenue": 516962,
    "runtime": 89,
    "spoken_languages": [
        {
            "english_name": "Japanese",
            "iso_639_1": "ja",
            "name": "\u65e5\u672c\u8a9e"
        }
    ],
    "status": "Released",
    "tagline": "",
    "title": "Grave of the Fireflies",
    "video": false,
    "vote_average": 8.4,
    "vote_count": 3785
}