{
    "adult": false,
    "backdrop_path": "/2Xe9lISpwXKhvKiHttbFfVRERQX.jpg",
    "belongs_to_collection": null,
    "budget": 23000000,
    "genres": [
        {
            "id": 18,
            "name": "Drama"
        },
        {
            "id": 35,
            "name": "Comedy"
        },
        {
            "id": 10402,
            "name": "Music"
        }
    ],
    "homepage": "http://GreenBookFilm.com",
    "id": 490132,
    "imdb_id": "tt6966692",
    "original_language": "en",
    "original_title": "Green Book",
    "overview": "Tony Lip, a bouncer in 1962, is hired to drive pianist Don Shirley on a tour through the Deep South in the days when African Americans, forced to find alternate accommodations and services due to segregation laws below the Mason-Dixon Line, relied on a guide called The Negro Motorist Green Book.",
    "popularity": 42.236,
    "poster_path": "/7BsvSuDQuoqhWmU2fL7W2GOcZHU.jpg",
    "production_companies": [
        {
            "id": 6735,
            "logo_path": "/pAQW38WU8ychBvYU2aGPTEbynEN.png",
            "name": "Participant",
            "origin_country": "US"
        },
        {
            "id": 7,
            "logo_path": "/vru2SssLX3FPhnKZGtYw00pVIS9.png",
            "name": "DreamWorks Pictures",
            "origin_country": "US"
        }
    ],
    "production_countries": [
        {
            "iso_3166_1": "US",
            "name": "United States of America"
        }
    ],
    "release_date": "2018-11-16",
    "revenue": 319700000,
    "runtime": 130,
    "spoken_languages": [
        {
            "english_name": "English",
            "iso_639_1": "en",
            "name": "English"
        },
        {
            "english_name": "Italian",
            "iso_639_1": "it",
            "name": "Italiano"
        },
        {
            "english_name": "Russian",
            "iso_639_1": "ru",
            "name": "P\u0443\u0441\u0441\u043a\u0438\u0439"
        }
    ],
    "status": "Released",
    "tagline": "Inspired by a True Friendship",
    "title": "Green Book",
    "video": false,
    "vote_average": 8.3,
    "vote_count": 8370
}