{
    "adult": false,
    "backdrop_path": "/y6JA85N8DvoonwqDGWlgkr1jnU.jpg",
    "belongs_to_collection": null,
    "budget": 16000000,
    "genres": [
        {
            "id": 18,
            "name": "Drama"
        },
        {
            "id": 10751,
            "name": "Family"
        }
    ],
    "homepage": "",
    "id": 28178,
    "imdb_id": "tt1028532",
    "original_language": "en",
    "original_title": "Hachi: A Dog's Tale",
    "overview": "A drama based on the true story of a college professor's bond with the abandoned dog he takes into his home.",
    "popularity": 49.677,
    "poster_path": "/lsy3aEsEfYIHdLRk4dontZ4s85h.jpg",
    "production_companies": [
        {
            "id": 7419,
            "logo_path": "/gz5Kdc138DEz93LvcppdBPuW1jV.png",
            "name": "Scion Films",
            "origin_country": "GB"
        },
        {
            "id": 11341,
            "logo_path": "/xytTBODEy3p20ksHL4Ftxr483Iv.png",
            "name": "Stage 6 Films",
            "origin_country": "US"
        },
        {
            "id": 11278,
            "logo_path": null,
            "name": "Inferno Distribution",
            "origin_country": "US"
        },
        {
            "id": 66327,
            "logo_path": null,
            "name": "Hachiko",
            "origin_country": ""
        },
        {
            "id": 1843,
            "logo_path": null,
            "name": "Grand Army Entertainment",
            "origin_country": ""
        },
        {
            "id": 66328,
            "logo_path": null,
            "name": "Opperman Viner Chrystyn Entertainment",
            "origin_country": ""
        }
    ],
    "production_countries": [
        {
            "iso_3166_1": "GB",
            "name": "United Kingdom"
        },
        {
            "iso_3166_1": "US",
            "name": "United States of America"
        }
    ],
    "release_date": "2009-06-13",
    "revenue": 46749646,
    "runtime": 93,
    "spoken_languages": [
        {
            "english_name": "English",
            "iso_639_1": "en",
            "name": "English"
        },
        {
            "english_name": "Japanese",
            "iso_639_1": "ja",
            "name": "\u65e5\u672c\u8a9e"
        }
    ],
    "status": "Released",
    "tagline": "A true story of faith, devotion and undying love.",
    "title": "Hachi: A Dog's Tale",
    "video": false,
    "vote_average": 8.0,
    "vote_count": 5343
}