{
    "adult": false,
    "backdrop_path": "/yQIBS8B9l2qXoPoPtxSXvH7CfoT.jpg",
    "belongs_to_collection": null,
    "budget": 40000000,
    "genres": [
        {
            "id": 18,
            "name": "Drama"
        },
        {
            "id": 36,
            "name": "History"
        },
        {
            "id": 10752,
            "name": "War"
        }
    ],
    "homepage": "https://www.lionsgate.com/movies/hacksaw-ridge",
    "id": 324786,
    "imdb_id": "tt2119532",
    "original_language": "en",
    "original_title": "Hacksaw Ridge",
    "overview": "WWII American Army Medic Desmond T. Doss, who served during the Battle of Okinawa, refuses to kill people and becomes the first Conscientious Objector in American history to receive the Congressional Medal of Honor.",
    "popularity": 190.537,
    "poster_path": "/fTuxNlgEm04PPFkr1xfK94Jn8BW.jpg",
    "production_companies": [
        {
            "id": 50481,
            "logo_path": "/mBgGtJJQ9aOpKBnuKXM75kHYT6D.png",
            "name": "Vendian Entertainment",
            "origin_country": "US"
        },
        {
            "id": 491,
            "logo_path": "/rUp0lLKa1pr4UsPm8fgzmnNGxtq.png",
            "name": "Summit Entertainment",
            "origin_country": "US"
        },
        {
            "id": 10246,
            "logo_path": "/rREvQNWAxkDfY9CDn2c5YxEMPdP.png",
            "name": "Cross Creek Pictures",
            "origin_country": "US"
        },
        {
            "id": 7437,
            "logo_path": "/e5CcgFrdlxMUwlsS72si8q1yHBr.png",
            "name": "IM Global",
            "origin_country": "US"
        },
        {
            "id": 7584,
            "logo_path": "/eGkfvvyf4fJTvBUR1xt1669IPA3.png",
            "name": "Screen Australia",
            "origin_country": "AU"
        },
        {
            "id": 10951,
            "logo_path": "/48iBaAPgtoirf3C25HNkL9MhWfj.png",
            "name": "Screen NSW",
            "origin_country": "AU"
        },
        {
            "id": 455,
            "logo_path": null,
            "name": "Permut Presentations",
            "origin_country": "US"
        },
        {
            "id": 8915,
            "logo_path": null,
            "name": "Pandemonium",
            "origin_country": ""
        },
        {
            "id": 13241,
            "logo_path": null,
            "name": "Demarest Films",
            "origin_country": ""
        },
        {
            "id": 1632,
            "logo_path": "/cisLn1YAUuptXVBa0xjq7ST9cH0.png",
            "name": "Lionsgate",
            "origin_country": "US"
        }
    ],
    "production_countries": [
        {
            "iso_3166_1": "AU",
            "name": "Australia"
        },
        {
            "iso_3166_1": "US",
            "name": "United States of America"
        }
    ],
    "release_date": "2016-10-07",
    "revenue": 175302354,
    "runtime": 139,
    "spoken_languages": [
        {
            "english_name": "Japanese",
            "iso_639_1": "ja",
            "name": "\u65e5\u672c\u8a9e"
        },
        {
            "english_name": "English",
            "iso_639_1": "en",
            "name": "English"
        }
    ],
    "status": "Released",
    "tagline": "One of the greatest heroes in American history never fired a bullet.",
    "title": "Hacksaw Ridge",
    "video": false,
    "vote_average": 8.2,
    "vote_count": 10121
}