{
    "adult": false,
    "backdrop_path": "/nC3IjYhUgZWgfKfFX0ygMigFwgc.jpg",
    "belongs_to_collection": null,
    "budget": 0,
    "genres": [
        {
            "id": 28,
            "name": "Action"
        },
        {
            "id": 18,
            "name": "Drama"
        },
        {
            "id": 36,
            "name": "History"
        }
    ],
    "homepage": "",
    "id": 14537,
    "imdb_id": "tt0056058",
    "original_language": "ja",
    "original_title": "\u5207\u8179",
    "overview": "An unusual request for ritual suicide on a feudal lord's property leads to the unwinding of a greater mystery that challenges the clan's integrity.",
    "popularity": 12.607,
    "poster_path": "/fRqVjso3rdEcxZHXWE2xazDAtjI.jpg",
    "production_companies": [
        {
            "id": 192,
            "logo_path": "/93eAKlnQecDdMtucfOprzcjMw9V.png",
            "name": "Shochiku",
            "origin_country": "JP"
        }
    ],
    "production_countries": [
        {
            "iso_3166_1": "JP",
            "name": "Japan"
        }
    ],
    "release_date": "1962-09-15",
    "revenue": 0,
    "runtime": 135,
    "spoken_languages": [
        {
            "english_name": "Japanese",
            "iso_639_1": "ja",
            "name": "\u65e5\u672c\u8a9e"
        }
    ],
    "status": "Released",
    "tagline": "The world has never understood why the Japanese prefer death to dishonor! Winner of Prix Special du Jury at Cannes 1963 provides the answer!!",
    "title": "Harakiri",
    "video": false,
    "vote_average": 8.4,
    "vote_count": 541
}