{
    "adult": false,
    "backdrop_path": "/n5A7brJCjejceZmHyujwUTVgQNC.jpg",
    "belongs_to_collection": {
        "backdrop_path": "/wfnMt6LGqYHcNyOfsuusw5lX3bL.jpg",
        "id": 1241,
        "name": "Harry Potter Collection",
        "poster_path": "/eVPs2Y0LyvTLZn6AP5Z6O2rtiGB.jpg"
    },
    "budget": 125000000,
    "genres": [
        {
            "id": 14,
            "name": "Fantasy"
        },
        {
            "id": 12,
            "name": "Adventure"
        }
    ],
    "homepage": "https://www.warnerbros.com/movies/harry-potter-and-deathly-hallows-part-2/",
    "id": 12445,
    "imdb_id": "tt1201607",
    "original_language": "en",
    "original_title": "Harry Potter and the Deathly Hallows: Part 2",
    "overview": "Harry, Ron and Hermione continue their quest to vanquish the evil Voldemort once and for all. Just as things begin to look hopeless for the young wizards, Harry discovers a trio of magical objects that endow him with powers to rival Voldemort's formidable skills.",
    "popularity": 193.445,
    "poster_path": "/da22ZBmrDOXOCDRvr8Gic8ldhv4.jpg",
    "production_companies": [
        {
            "id": 174,
            "logo_path": "/IuAlhI9eVC9Z8UQWOIDdWRKSEJ.png",
            "name": "Warner Bros. Pictures",
            "origin_country": "US"
        },
        {
            "id": 437,
            "logo_path": "/nu20mtwbEIhUNnQ5NXVhHsNknZj.png",
            "name": "Heyday Films",
            "origin_country": "GB"
        }
    ],
    "production_countries": [
        {
            "iso_3166_1": "GB",
            "name": "United Kingdom"
        },
        {
            "iso_3166_1": "US",
            "name": "United States of America"
        }
    ],
    "release_date": "2011-07-07",
    "revenue": 1341511219,
    "runtime": 130,
    "spoken_languages": [
        {
            "english_name": "English",
            "iso_639_1": "en",
            "name": "English"
        }
    ],
    "status": "Released",
    "tagline": "It all ends here.",
    "title": "Harry Potter and the Deathly Hallows: Part 2",
    "video": false,
    "vote_average": 8.1,
    "vote_count": 16351
}