{
    "adult": false,
    "backdrop_path": "/2xliq3zIrQPIWG66Fc0bgVoBUWc.jpg",
    "belongs_to_collection": null,
    "budget": 250000,
    "genres": [
        {
            "id": 80,
            "name": "Crime"
        },
        {
            "id": 18,
            "name": "Drama"
        },
        {
            "id": 9648,
            "name": "Mystery"
        },
        {
            "id": 53,
            "name": "Thriller"
        }
    ],
    "homepage": "",
    "id": 12493,
    "imdb_id": "tt0057565",
    "original_language": "ja",
    "original_title": "\u5929\u56fd\u3068\u5730\u7344",
    "overview": "An executive of a shoe company becomes a victim of extortion when his chauffeur's son is kidnapped and held for ransom.",
    "popularity": 11.528,
    "poster_path": "/tgNjemQPG96uIezpiUiXFcer5ga.jpg",
    "production_companies": [
        {
            "id": 882,
            "logo_path": "/fRSWWjquvzcHjACbtF53utZFIll.png",
            "name": "Toho Co.",
            "origin_country": "JP"
        },
        {
            "id": 2680,
            "logo_path": null,
            "name": "Kurosawa Production Co.",
            "origin_country": ""
        }
    ],
    "production_countries": [
        {
            "iso_3166_1": "JP",
            "name": "Japan"
        }
    ],
    "release_date": "1963-03-01",
    "revenue": 0,
    "runtime": 142,
    "spoken_languages": [
        {
            "english_name": "Japanese",
            "iso_639_1": "ja",
            "name": "\u65e5\u672c\u8a9e"
        }
    ],
    "status": "Released",
    "tagline": "From Akira Kurosawa, director of \"Yojimbo\" and \"Sanjuro\" comes a tense, taut film of a modern \"perfect crime\" with more excitement than even Hitchcock could create.",
    "title": "High and Low",
    "video": false,
    "vote_average": 8.4,
    "vote_count": 501
}