{
    "adult": false,
    "backdrop_path": "/mWxbHmq0lDLYT1oA0RD7koU1jtF.jpg",
    "belongs_to_collection": null,
    "budget": 17500000,
    "genres": [
        {
            "id": 18,
            "name": "Drama"
        },
        {
            "id": 36,
            "name": "History"
        },
        {
            "id": 10752,
            "name": "War"
        }
    ],
    "homepage": "http://www.metrofilms.com/films/hotel-rwanda",
    "id": 205,
    "imdb_id": "tt0395169",
    "original_language": "en",
    "original_title": "Hotel Rwanda",
    "overview": "Inspired by true events, this film takes place in Rwanda in the 1990s when more than a million Tutsis were killed in a genocide that went mostly unnoticed by the rest of the world. Hotel owner Paul Rusesabagina houses over a thousand refuges in his hotel in attempt to save their lives.",
    "popularity": 19.389,
    "poster_path": "/p3pHw85UMZPegfMZBA6dZ06yarm.jpg",
    "production_companies": [
        {
            "id": 7495,
            "logo_path": null,
            "name": "Sixth Sense Productions",
            "origin_country": ""
        },
        {
            "id": 60,
            "logo_path": "/oJXpAs4I3W46e4dkaOEzCa4yBko.png",
            "name": "United Artists",
            "origin_country": "US"
        },
        {
            "id": 35,
            "logo_path": "/wxrHa3nZ1K4zo65p56991INkGo6.png",
            "name": "Lions Gate Films",
            "origin_country": "US"
        },
        {
            "id": 564,
            "logo_path": null,
            "name": "Industrial Development Corporation of South Africa",
            "origin_country": ""
        },
        {
            "id": 2760,
            "logo_path": null,
            "name": "Miracle Pictures",
            "origin_country": ""
        },
        {
            "id": 19834,
            "logo_path": null,
            "name": "Inside Track Films",
            "origin_country": ""
        },
        {
            "id": 11912,
            "logo_path": null,
            "name": "Mikado Film",
            "origin_country": "IT"
        },
        {
            "id": 1205,
            "logo_path": null,
            "name": "Endgame Entertainment",
            "origin_country": "US"
        }
    ],
    "production_countries": [
        {
            "iso_3166_1": "IT",
            "name": "Italy"
        },
        {
            "iso_3166_1": "ZA",
            "name": "South Africa"
        },
        {
            "iso_3166_1": "GB",
            "name": "United Kingdom"
        },
        {
            "iso_3166_1": "US",
            "name": "United States of America"
        }
    ],
    "release_date": "2004-03-04",
    "revenue": 38000000,
    "runtime": 121,
    "spoken_languages": [
        {
            "english_name": "English",
            "iso_639_1": "en",
            "name": "English"
        },
        {
            "english_name": "French",
            "iso_639_1": "fr",
            "name": "Fran\u00e7ais"
        }
    ],
    "status": "Released",
    "tagline": "When the world closed its eyes, he opened his arms.",
    "title": "Hotel Rwanda",
    "video": false,
    "vote_average": 7.7,
    "vote_count": 2156
}