{
    "adult": false,
    "backdrop_path": "/vwBa7djy1oxfxUjc7YtVgGNsjrT.jpg",
    "belongs_to_collection": null,
    "budget": 24000000,
    "genres": [
        {
            "id": 14,
            "name": "Fantasy"
        },
        {
            "id": 16,
            "name": "Animation"
        },
        {
            "id": 12,
            "name": "Adventure"
        }
    ],
    "homepage": "",
    "id": 4935,
    "imdb_id": "tt0347149",
    "original_language": "ja",
    "original_title": "\u30cf\u30a6\u30eb\u306e\u52d5\u304f\u57ce",
    "overview": "When Sophie, a shy young woman, is cursed with an old body by a spiteful witch, her only chance of breaking the spell lies with a self-indulgent yet insecure young wizard and his companions in his legged, walking castle.",
    "popularity": 53.103,
    "poster_path": "/TkTPELv4kC3u1lkloush8skOjE.jpg",
    "production_companies": [
        {
            "id": 10342,
            "logo_path": "/eS79pslnoKbWg7t3PMA9ayl0bGs.png",
            "name": "Studio Ghibli",
            "origin_country": "JP"
        },
        {
            "id": 11200,
            "logo_path": null,
            "name": "Buena Vista Home Entertainment",
            "origin_country": ""
        },
        {
            "id": 2752,
            "logo_path": null,
            "name": "DENTSU Music And Entertainment",
            "origin_country": "JP"
        },
        {
            "id": 11847,
            "logo_path": "/rZP0I1p3hZNUMNFPHUSal6rWThQ.png",
            "name": "Mitsubishi",
            "origin_country": "JP"
        },
        {
            "id": 6755,
            "logo_path": "/c0ENH8QeZLvCACpzCpwvYMy2SDr.png",
            "name": "Nippon Television Network Corporation",
            "origin_country": "JP"
        },
        {
            "id": 1780,
            "logo_path": "/2KJ1cSBOGABQotDWSRPNY4C9amg.png",
            "name": "Tohokushinsha Film Corporation",
            "origin_country": "JP"
        },
        {
            "id": 1779,
            "logo_path": "/41nGzTdCnORYZIZzaGZtfsBwQCl.png",
            "name": "Tokuma Shoten",
            "origin_country": "JP"
        },
        {
            "id": 12518,
            "logo_path": null,
            "name": "d-rights",
            "origin_country": ""
        }
    ],
    "production_countries": [
        {
            "iso_3166_1": "JP",
            "name": "Japan"
        }
    ],
    "release_date": "2004-11-19",
    "revenue": 236049757,
    "runtime": 119,
    "spoken_languages": [
        {
            "english_name": "Japanese",
            "iso_639_1": "ja",
            "name": "\u65e5\u672c\u8a9e"
        }
    ],
    "status": "Released",
    "tagline": "The two lived there.",
    "title": "Howl's Moving Castle",
    "video": false,
    "vote_average": 8.4,
    "vote_count": 6782
}