{
    "adult": false,
    "backdrop_path": "/5qtOVAcBFogwktkseoZSfZVq6bx.jpg",
    "belongs_to_collection": null,
    "budget": 0,
    "genres": [
        {
            "id": 18,
            "name": "Drama"
        }
    ],
    "homepage": "",
    "id": 3782,
    "imdb_id": "tt0044741",
    "original_language": "ja",
    "original_title": "\u751f\u304d\u308b",
    "overview": "Kanji Watanabe is a middle-aged man who has worked in the same monotonous bureaucratic position for decades. Learning he has cancer, he starts to look for the meaning of his life.",
    "popularity": 11.881,
    "poster_path": "/dgNTS4EQDDVfkzJI5msKuHu2Ei3.jpg",
    "production_companies": [
        {
            "id": 882,
            "logo_path": "/fRSWWjquvzcHjACbtF53utZFIll.png",
            "name": "Toho Co.",
            "origin_country": "JP"
        }
    ],
    "production_countries": [
        {
            "iso_3166_1": "JP",
            "name": "Japan"
        }
    ],
    "release_date": "1952-10-09",
    "revenue": 55240,
    "runtime": 143,
    "spoken_languages": [
        {
            "english_name": "Japanese",
            "iso_639_1": "ja",
            "name": "\u65e5\u672c\u8a9e"
        }
    ],
    "status": "Released",
    "tagline": "A big story of a little man which will grip your soul ...",
    "title": "Ikiru",
    "video": false,
    "vote_average": 8.4,
    "vote_count": 720
}