{
    "adult": false,
    "backdrop_path": "/gUIVD0rFWVB8Okk8wU8dQxjOYnZ.jpg",
    "belongs_to_collection": null,
    "budget": 13000000,
    "genres": [
        {
            "id": 18,
            "name": "Drama"
        }
    ],
    "homepage": "",
    "id": 7984,
    "imdb_id": "tt0107207",
    "original_language": "en",
    "original_title": "In the Name of the Father",
    "overview": "A small time thief from Belfast, Gerry Conlon, is falsely implicated in the IRA bombing of a pub that kills several people while he is in London. He and his four friends are coerced by British police into confessing their guilt. Gerry's father and other relatives in London are also implicated in the crime. He spends fifteen years in prison with his father trying to prove his innocence.",
    "popularity": 12.86,
    "poster_path": "/kUTImWLPIr6U4xhLsHrgky5vgJt.jpg",
    "production_companies": [
        {
            "id": 2307,
            "logo_path": null,
            "name": "Hell's Kitchen Films",
            "origin_country": ""
        },
        {
            "id": 33,
            "logo_path": "/8lvHyhjr8oUKOOy2dKXoALWKdp0.png",
            "name": "Universal Pictures",
            "origin_country": "US"
        }
    ],
    "production_countries": [
        {
            "iso_3166_1": "GB",
            "name": "United Kingdom"
        },
        {
            "iso_3166_1": "IE",
            "name": "Ireland"
        }
    ],
    "release_date": "1993-12-12",
    "revenue": 65796862,
    "runtime": 133,
    "spoken_languages": [
        {
            "english_name": "English",
            "iso_639_1": "en",
            "name": "English"
        }
    ],
    "status": "Released",
    "tagline": "Falsely accused. Wrongly imprisoned. He fought for justice to clear his father\u2019s name.",
    "title": "In the Name of the Father",
    "video": false,
    "vote_average": 7.9,
    "vote_count": 1257
}