{
    "adult": false,
    "backdrop_path": "/n4GJFGzsc7NinI1VeGDXIcQjtU2.jpg",
    "belongs_to_collection": null,
    "budget": 150000,
    "genres": [
        {
            "id": 18,
            "name": "Drama"
        },
        {
            "id": 10749,
            "name": "Romance"
        }
    ],
    "homepage": "http://www.wkw-inthemoodforlove.com/",
    "id": 843,
    "imdb_id": "tt0118694",
    "original_language": "cn",
    "original_title": "\u82b1\u6a23\u5e74\u83ef",
    "overview": "Hong Kong, 1962: Chow Mo-Wan (Tony Leung Chiu Wai) and Su Li-Zhen (Maggie Cheung Man Yuk) move into neighboring apartments on the same day. Their encounters are formal and polite\u2014until a discovery about their spouses creates an intimate bond between them.",
    "popularity": 21.022,
    "poster_path": "/iYypPT4bhqXfq1b6EnmxvRt6b2Y.jpg",
    "production_companies": [
        {
            "id": 539,
            "logo_path": null,
            "name": "Block 2 Pictures",
            "origin_country": ""
        },
        {
            "id": 540,
            "logo_path": null,
            "name": "Jet Tone Production",
            "origin_country": ""
        },
        {
            "id": 148854,
            "logo_path": null,
            "name": "Orly Films",
            "origin_country": ""
        },
        {
            "id": 148855,
            "logo_path": null,
            "name": "Paradis Films",
            "origin_country": ""
        }
    ],
    "production_countries": [
        {
            "iso_3166_1": "CN",
            "name": "China"
        },
        {
            "iso_3166_1": "HK",
            "name": "Hong Kong"
        }
    ],
    "release_date": "2000-09-29",
    "revenue": 12854953,
    "runtime": 99,
    "spoken_languages": [
        {
            "english_name": "Cantonese",
            "iso_639_1": "cn",
            "name": "\u5e7f\u5dde\u8bdd / \u5ee3\u5dde\u8a71"
        },
        {
            "english_name": "French",
            "iso_639_1": "fr",
            "name": "Fran\u00e7ais"
        },
        {
            "english_name": "Spanish",
            "iso_639_1": "es",
            "name": "Espa\u00f1ol"
        }
    ],
    "status": "Released",
    "tagline": "Feel the heat, keep the feeling burning, let the sensation explode.",
    "title": "In the Mood for Love",
    "video": false,
    "vote_average": 8.1,
    "vote_count": 1656
}