{
    "adult": false,
    "backdrop_path": "/aFmoJntgDPR0Jd8XD1ZfFSmcqMg.jpg",
    "belongs_to_collection": null,
    "budget": 10000000,
    "genres": [
        {
            "id": 18,
            "name": "Drama"
        },
        {
            "id": 10752,
            "name": "War"
        },
        {
            "id": 9648,
            "name": "Mystery"
        }
    ],
    "homepage": "http://www.sonyclassics.com/incendies/",
    "id": 46738,
    "imdb_id": "tt1255953",
    "original_language": "fr",
    "original_title": "Incendies",
    "overview": "A mother's last wishes send twins Jeanne and Simon on a journey to Middle East in search of their tangled roots. Adapted from Wajdi Mouawad's acclaimed play, Incendies tells the powerful and moving tale of two young adults' voyage to the core of deep-rooted hatred, never-ending wars and enduring love.",
    "popularity": 17.876,
    "poster_path": "/jO6VMoZco5jaAVm2QJ2VgPolUnx.jpg",
    "production_companies": [
        {
            "id": 313,
            "logo_path": null,
            "name": "TS Productions",
            "origin_country": "FR"
        },
        {
            "id": 7273,
            "logo_path": null,
            "name": "Phi Group",
            "origin_country": ""
        },
        {
            "id": 7029,
            "logo_path": null,
            "name": "micro_scope",
            "origin_country": "CA"
        }
    ],
    "production_countries": [
        {
            "iso_3166_1": "CA",
            "name": "Canada"
        },
        {
            "iso_3166_1": "FR",
            "name": "France"
        }
    ],
    "release_date": "2010-09-04",
    "revenue": 0,
    "runtime": 131,
    "spoken_languages": [
        {
            "english_name": "French",
            "iso_639_1": "fr",
            "name": "Fran\u00e7ais"
        },
        {
            "english_name": "Arabic",
            "iso_639_1": "ar",
            "name": "\u0627\u0644\u0639\u0631\u0628\u064a\u0629"
        },
        {
            "english_name": "English",
            "iso_639_1": "en",
            "name": "English"
        }
    ],
    "status": "Released",
    "tagline": "The search began at the opening of their mother's will.",
    "title": "Incendies",
    "video": false,
    "vote_average": 8.1,
    "vote_count": 1746
}