{
    "adult": false,
    "backdrop_path": "/s3TBrRGB1iav7gFOCNx3H31MoES.jpg",
    "belongs_to_collection": null,
    "budget": 160000000,
    "genres": [
        {
            "id": 28,
            "name": "Action"
        },
        {
            "id": 878,
            "name": "Science Fiction"
        },
        {
            "id": 12,
            "name": "Adventure"
        }
    ],
    "homepage": "http://inceptionmovie.warnerbros.com/",
    "id": 27205,
    "imdb_id": "tt1375666",
    "original_language": "en",
    "original_title": "Inception",
    "overview": "Cobb, a skilled thief who commits corporate espionage by infiltrating the subconscious of his targets is offered a chance to regain his old life as payment for a task considered to be impossible: \"inception\", the implantation of another person's idea into a target's subconscious.",
    "popularity": 148.693,
    "poster_path": "/9gk7adHYeDvHkCSEqAvQNLV5Uge.jpg",
    "production_companies": [
        {
            "id": 923,
            "logo_path": "/5UQsZrfbfG2dYJbx8DxfoTr2Bvu.png",
            "name": "Legendary Pictures",
            "origin_country": "US"
        },
        {
            "id": 9996,
            "logo_path": "/3tvBqYsBhxWeHlu62SIJ1el93O7.png",
            "name": "Syncopy",
            "origin_country": "GB"
        },
        {
            "id": 174,
            "logo_path": "/IuAlhI9eVC9Z8UQWOIDdWRKSEJ.png",
            "name": "Warner Bros. Pictures",
            "origin_country": "US"
        }
    ],
    "production_countries": [
        {
            "iso_3166_1": "GB",
            "name": "United Kingdom"
        },
        {
            "iso_3166_1": "US",
            "name": "United States of America"
        }
    ],
    "release_date": "2010-07-15",
    "revenue": 825532764,
    "runtime": 148,
    "spoken_languages": [
        {
            "english_name": "English",
            "iso_639_1": "en",
            "name": "English"
        },
        {
            "english_name": "Japanese",
            "iso_639_1": "ja",
            "name": "\u65e5\u672c\u8a9e"
        }
    ],
    "status": "Released",
    "tagline": "Your mind is the scene of the crime.",
    "title": "Inception",
    "video": false,
    "vote_average": 8.3,
    "vote_count": 30162
}