{
    "adult": false,
    "backdrop_path": "/je2QsgBLEy4lzsvWprwfoZKmIX1.jpg",
    "belongs_to_collection": {
        "backdrop_path": "/6kh59mZizZsttZPR0HAdXk6Ve2n.jpg",
        "id": 84,
        "name": "Indiana Jones Collection",
        "poster_path": "/lpxDrACKJhbbGOlwVMNz5YCj6SI.jpg"
    },
    "budget": 48000000,
    "genres": [
        {
            "id": 12,
            "name": "Adventure"
        },
        {
            "id": 28,
            "name": "Action"
        }
    ],
    "homepage": "http://www.indianajones.com/crusade",
    "id": 89,
    "imdb_id": "tt0097576",
    "original_language": "en",
    "original_title": "Indiana Jones and the Last Crusade",
    "overview": "When Dr. Henry Jones Sr. suddenly goes missing while pursuing the Holy Grail, eminent archaeologist Indiana must team up with Marcus Brody, Sallah and Elsa Schneider to follow in his father's footsteps and stop the Nazis from recovering the power of eternal life.",
    "popularity": 37.416,
    "poster_path": "/sizg1AU8f8JDZX4QIgE4pjUMBvx.jpg",
    "production_companies": [
        {
            "id": 4,
            "logo_path": "/fycMZt242LVjagMByZOLUGbCvv3.png",
            "name": "Paramount",
            "origin_country": "US"
        },
        {
            "id": 1,
            "logo_path": "/o86DbpburjxrqAzEDhXZcyE8pDb.png",
            "name": "Lucasfilm Ltd.",
            "origin_country": "US"
        }
    ],
    "production_countries": [
        {
            "iso_3166_1": "US",
            "name": "United States of America"
        }
    ],
    "release_date": "1989-05-24",
    "revenue": 474171806,
    "runtime": 127,
    "spoken_languages": [
        {
            "english_name": "German",
            "iso_639_1": "de",
            "name": "Deutsch"
        },
        {
            "english_name": "Greek",
            "iso_639_1": "el",
            "name": "\u03b5\u03bb\u03bb\u03b7\u03bd\u03b9\u03ba\u03ac"
        },
        {
            "english_name": "English",
            "iso_639_1": "en",
            "name": "English"
        }
    ],
    "status": "Released",
    "tagline": "The man with the hat is back. And this time, he's bringing his Dad.",
    "title": "Indiana Jones and the Last Crusade",
    "video": false,
    "vote_average": 7.8,
    "vote_count": 7707
}