{
    "adult": false,
    "backdrop_path": "/u3tkHXc5wzRFfRXyjGsAlfCIJuh.jpg",
    "belongs_to_collection": null,
    "budget": 70000000,
    "genres": [
        {
            "id": 18,
            "name": "Drama"
        },
        {
            "id": 28,
            "name": "Action"
        },
        {
            "id": 53,
            "name": "Thriller"
        },
        {
            "id": 10752,
            "name": "War"
        }
    ],
    "homepage": "",
    "id": 16869,
    "imdb_id": "tt0361748",
    "original_language": "en",
    "original_title": "Inglourious Basterds",
    "overview": "In Nazi-occupied France during World War II, a group of Jewish-American soldiers known as \"The Basterds\" are chosen specifically to spread fear throughout the Third Reich by scalping and brutally killing Nazis. The Basterds, lead by Lt. Aldo Raine soon cross paths with a French-Jewish teenage girl who runs a movie theater in Paris which is targeted by the soldiers.",
    "popularity": 95.408,
    "poster_path": "/7sfbEnaARXDDhKm0CZ7D7uc2sbo.jpg",
    "production_companies": [
        {
            "id": 308,
            "logo_path": "/e8F3mQM7DkJ5SfYYDp8FYzPBOGX.png",
            "name": "The Weinstein Company",
            "origin_country": "US"
        },
        {
            "id": 33,
            "logo_path": "/8lvHyhjr8oUKOOy2dKXoALWKdp0.png",
            "name": "Universal Pictures",
            "origin_country": "US"
        },
        {
            "id": 59,
            "logo_path": "/yH7OMeSxhfP0AVM6iT0rsF3F4ZC.png",
            "name": "A Band Apart",
            "origin_country": "US"
        },
        {
            "id": 6817,
            "logo_path": null,
            "name": "Zehnte Babelsberg Film",
            "origin_country": "DE"
        },
        {
            "id": 6818,
            "logo_path": null,
            "name": "Visiona Romantica",
            "origin_country": "US"
        }
    ],
    "production_countries": [
        {
            "iso_3166_1": "DE",
            "name": "Germany"
        },
        {
            "iso_3166_1": "US",
            "name": "United States of America"
        }
    ],
    "release_date": "2009-08-19",
    "revenue": 321455689,
    "runtime": 153,
    "spoken_languages": [
        {
            "english_name": "German",
            "iso_639_1": "de",
            "name": "Deutsch"
        },
        {
            "english_name": "English",
            "iso_639_1": "en",
            "name": "English"
        },
        {
            "english_name": "French",
            "iso_639_1": "fr",
            "name": "Fran\u00e7ais"
        },
        {
            "english_name": "Italian",
            "iso_639_1": "it",
            "name": "Italiano"
        }
    ],
    "status": "Released",
    "tagline": "Once upon a time in Nazi occupied France...",
    "title": "Inglourious Basterds",
    "video": false,
    "vote_average": 8.2,
    "vote_count": 17692
}