{
    "adult": false,
    "backdrop_path": "/o3i6AfTcWAuNvzAUV3q5lOmi6Gx.jpg",
    "belongs_to_collection": null,
    "budget": 175000000,
    "genres": [
        {
            "id": 16,
            "name": "Animation"
        },
        {
            "id": 10751,
            "name": "Family"
        },
        {
            "id": 12,
            "name": "Adventure"
        },
        {
            "id": 18,
            "name": "Drama"
        },
        {
            "id": 35,
            "name": "Comedy"
        }
    ],
    "homepage": "http://movies.disney.com/inside-out",
    "id": 150540,
    "imdb_id": "tt2096673",
    "original_language": "en",
    "original_title": "Inside Out",
    "overview": "Growing up can be a bumpy road, and it's no exception for Riley, who is uprooted from her Midwest life when her father starts a new job in San Francisco. Riley's guiding emotions\u2014 Joy, Fear, Anger, Disgust and Sadness\u2014live in Headquarters, the control centre inside Riley's mind, where they help advise her through everyday life and tries to keep things positive, but the emotions conflict on how best to navigate a new city, house and school.",
    "popularity": 87.081,
    "poster_path": "/2H1TmgdfNtsKlU9jKdeNyYL5y8T.jpg",
    "production_companies": [
        {
            "id": 3,
            "logo_path": "/1TjvGVDMYsj6JBxOAkUHpPEwLf7.png",
            "name": "Pixar",
            "origin_country": "US"
        },
        {
            "id": 2,
            "logo_path": "/wdrCwmRnLFJhEoH8GSfymY85KHT.png",
            "name": "Walt Disney Pictures",
            "origin_country": "US"
        }
    ],
    "production_countries": [
        {
            "iso_3166_1": "US",
            "name": "United States of America"
        }
    ],
    "release_date": "2015-06-09",
    "revenue": 857611174,
    "runtime": 95,
    "spoken_languages": [
        {
            "english_name": "English",
            "iso_639_1": "en",
            "name": "English"
        }
    ],
    "status": "Released",
    "tagline": "Meet the little voices inside your head.",
    "title": "Inside Out",
    "video": false,
    "vote_average": 7.9,
    "vote_count": 17081
}