{
    "adult": false,
    "backdrop_path": "/w8Br5nwFRgjfYdFqhxUpU9XuC0H.jpg",
    "belongs_to_collection": null,
    "budget": 15000000,
    "genres": [
        {
            "id": 12,
            "name": "Adventure"
        },
        {
            "id": 18,
            "name": "Drama"
        }
    ],
    "homepage": "http://www.intothewild.com/",
    "id": 5915,
    "imdb_id": "tt0758758",
    "original_language": "en",
    "original_title": "Into the Wild",
    "overview": "After graduating from Emory University in 1992, top student and athlete Christopher McCandless abandons his possessions, gives his entire $24,000 savings account to charity, and hitchhikes to Alaska to live in the wilderness.",
    "popularity": 18.058,
    "poster_path": "/2MSGZEE6XZd2r4ODNziwAw7Hpw0.jpg",
    "production_companies": [
        {
            "id": 1246,
            "logo_path": "/lmeFQGzHEds5t2UfmODyrbf2nXm.png",
            "name": "River Road Entertainment",
            "origin_country": "US"
        },
        {
            "id": 838,
            "logo_path": "/tcW3UqV46Mdq6GyaS1ydEDocEDF.png",
            "name": "Paramount Vantage",
            "origin_country": "US"
        },
        {
            "id": 41051,
            "logo_path": null,
            "name": "Into the Wild",
            "origin_country": "US"
        },
        {
            "id": 4700,
            "logo_path": "/A32wmjrs9Psf4zw0uaixF0GXfxq.png",
            "name": "The Linson Company",
            "origin_country": "US"
        },
        {
            "id": 137406,
            "logo_path": null,
            "name": "Square One C.I.H.",
            "origin_country": ""
        }
    ],
    "production_countries": [
        {
            "iso_3166_1": "US",
            "name": "United States of America"
        }
    ],
    "release_date": "2007-09-11",
    "revenue": 56255142,
    "runtime": 148,
    "spoken_languages": [
        {
            "english_name": "Danish",
            "iso_639_1": "da",
            "name": "Dansk"
        },
        {
            "english_name": "English",
            "iso_639_1": "en",
            "name": "English"
        }
    ],
    "status": "Released",
    "tagline": "",
    "title": "Into the Wild",
    "video": false,
    "vote_average": 7.8,
    "vote_count": 7922
}