{
    "adult": false,
    "backdrop_path": "/yWpbG6BT0IdwBnGHpCUicKTDGOm.jpg",
    "belongs_to_collection": null,
    "budget": 325000,
    "genres": [
        {
            "id": 35,
            "name": "Comedy"
        },
        {
            "id": 10749,
            "name": "Romance"
        }
    ],
    "homepage": "",
    "id": 3078,
    "imdb_id": "tt0025316",
    "original_language": "en",
    "original_title": "It Happened One Night",
    "overview": "A renegade reporter and a crazy young heiress meet on a bus heading for New York, and end up stuck with each other when the bus leaves them behind at one of the stops.",
    "popularity": 9.25,
    "poster_path": "/wx4ptyx3vlPBVl5DzBA8KomcJww.jpg",
    "production_companies": [
        {
            "id": 5,
            "logo_path": "/71BqEFAF4V3qjjMPCpLuyJFB9A.png",
            "name": "Columbia Pictures",
            "origin_country": "US"
        }
    ],
    "production_countries": [
        {
            "iso_3166_1": "US",
            "name": "United States of America"
        }
    ],
    "release_date": "1934-02-22",
    "revenue": 4500000,
    "runtime": 105,
    "spoken_languages": [
        {
            "english_name": "English",
            "iso_639_1": "en",
            "name": "English"
        }
    ],
    "status": "Released",
    "tagline": "Together for the first time!",
    "title": "It Happened One Night",
    "video": false,
    "vote_average": 7.9,
    "vote_count": 837
}