{
    "adult": false,
    "backdrop_path": "/g8yVrnJ72eOt1Xw4uyYBIsBBE2g.jpg",
    "belongs_to_collection": null,
    "budget": 3000000,
    "genres": [
        {
            "id": 18,
            "name": "Drama"
        },
        {
            "id": 36,
            "name": "History"
        },
        {
            "id": 10752,
            "name": "War"
        }
    ],
    "homepage": "",
    "id": 821,
    "imdb_id": "tt0055031",
    "original_language": "en",
    "original_title": "Judgment at Nuremberg",
    "overview": "In 1947, four German judges who served on the bench during the Nazi regime face a military tribunal to answer charges of crimes against humanity. Chief Justice Haywood hears evidence and testimony not only from lead defendant Ernst Janning and his defense attorney Hans Rolfe, but also from the widow of a Nazi general, an idealistic U.S. Army captain and reluctant witness Irene Wallner.",
    "popularity": 14.585,
    "poster_path": "/cqumfgd74ftVzOKJpFGOG64WlXL.jpg",
    "production_companies": [
        {
            "id": 60,
            "logo_path": "/oJXpAs4I3W46e4dkaOEzCa4yBko.png",
            "name": "United Artists",
            "origin_country": "US"
        },
        {
            "id": 526,
            "logo_path": null,
            "name": "Roxlom Films",
            "origin_country": ""
        }
    ],
    "production_countries": [
        {
            "iso_3166_1": "US",
            "name": "United States of America"
        }
    ],
    "release_date": "1961-12-18",
    "revenue": 10000000,
    "runtime": 179,
    "spoken_languages": [
        {
            "english_name": "German",
            "iso_639_1": "de",
            "name": "Deutsch"
        },
        {
            "english_name": "English",
            "iso_639_1": "en",
            "name": "English"
        }
    ],
    "status": "Released",
    "tagline": "The event the world will never forget",
    "title": "Judgment at Nuremberg",
    "video": false,
    "vote_average": 8.1,
    "vote_count": 517
}