{
    "adult": false,
    "backdrop_path": "/um7dCYud1VGIsjTmSTvhO0QNTFr.jpg",
    "belongs_to_collection": {
        "backdrop_path": "/njFixYzIxX8jsn6KMSEtAzi4avi.jpg",
        "id": 328,
        "name": "Jurassic Park Collection",
        "poster_path": "/qIm2nHXLpBBdMxi8dvfrnDkBUDh.jpg"
    },
    "budget": 63000000,
    "genres": [
        {
            "id": 12,
            "name": "Adventure"
        },
        {
            "id": 878,
            "name": "Science Fiction"
        }
    ],
    "homepage": "http://www.jurassicpark.com/",
    "id": 329,
    "imdb_id": "tt0107290",
    "original_language": "en",
    "original_title": "Jurassic Park",
    "overview": "A wealthy entrepreneur secretly creates a theme park featuring living dinosaurs drawn from prehistoric DNA. Before opening day, he invites a team of experts and his two eager grandchildren to experience the park and help calm anxious investors. However, the park is anything but amusing as the security systems go off-line and the dinosaurs escape.",
    "popularity": 20.747,
    "poster_path": "/oU7Oq2kFAAlGqbU4VoAE36g4hoI.jpg",
    "production_companies": [
        {
            "id": 33,
            "logo_path": "/8lvHyhjr8oUKOOy2dKXoALWKdp0.png",
            "name": "Universal Pictures",
            "origin_country": "US"
        },
        {
            "id": 56,
            "logo_path": "/cEaxANEisCqeEoRvODv2dO1I0iI.png",
            "name": "Amblin Entertainment",
            "origin_country": "US"
        }
    ],
    "production_countries": [
        {
            "iso_3166_1": "US",
            "name": "United States of America"
        }
    ],
    "release_date": "1993-06-11",
    "revenue": 920100000,
    "runtime": 127,
    "spoken_languages": [
        {
            "english_name": "English",
            "iso_639_1": "en",
            "name": "English"
        },
        {
            "english_name": "Spanish",
            "iso_639_1": "es",
            "name": "Espa\u00f1ol"
        }
    ],
    "status": "Released",
    "tagline": "An adventure 65 million years in the making.",
    "title": "Jurassic Park",
    "video": false,
    "vote_average": 7.9,
    "vote_count": 12762
}