{
    "adult": false,
    "backdrop_path": "/pcXvjjMOacxXJDqAaZQH26UKn1C.jpg",
    "belongs_to_collection": {
        "backdrop_path": "/oCLKNACMNrEf4T1EP6BpMXDl5m1.jpg",
        "id": 2883,
        "name": "Kill Bill Collection",
        "poster_path": "/tf1nUtw3LJGUGv1EFFi23iz6ngr.jpg"
    },
    "budget": 30000000,
    "genres": [
        {
            "id": 28,
            "name": "Action"
        },
        {
            "id": 80,
            "name": "Crime"
        }
    ],
    "homepage": "http://www.miramax.com/movie/kill-bill-volume-1",
    "id": 24,
    "imdb_id": "tt0266697",
    "original_language": "en",
    "original_title": "Kill Bill: Vol. 1",
    "overview": "An assassin is shot by her ruthless employer, Bill, and other members of their assassination circle \u2013 but she lives to plot her vengeance.",
    "popularity": 34.691,
    "poster_path": "/v7TaX8kXMXs5yFFGR41guUDNcnB.jpg",
    "production_companies": [
        {
            "id": 14,
            "logo_path": "/m6AHu84oZQxvq7n1rsvMNJIAsMu.png",
            "name": "Miramax",
            "origin_country": "US"
        },
        {
            "id": 59,
            "logo_path": "/yH7OMeSxhfP0AVM6iT0rsF3F4ZC.png",
            "name": "A Band Apart",
            "origin_country": "US"
        }
    ],
    "production_countries": [
        {
            "iso_3166_1": "US",
            "name": "United States of America"
        }
    ],
    "release_date": "2003-10-10",
    "revenue": 180899265,
    "runtime": 111,
    "spoken_languages": [
        {
            "english_name": "English",
            "iso_639_1": "en",
            "name": "English"
        },
        {
            "english_name": "Japanese",
            "iso_639_1": "ja",
            "name": "\u65e5\u672c\u8a9e"
        },
        {
            "english_name": "French",
            "iso_639_1": "fr",
            "name": "Fran\u00e7ais"
        }
    ],
    "status": "Released",
    "tagline": "A roaring rampage of revenge.",
    "title": "Kill Bill: Vol. 1",
    "video": false,
    "vote_average": 8.0,
    "vote_count": 13867
}