{
    "adult": false,
    "backdrop_path": "/xBD64RBepJDWmGhcxZMiJC9JKRZ.jpg",
    "belongs_to_collection": null,
    "budget": 0,
    "genres": [
        {
            "id": 16,
            "name": "Animation"
        },
        {
            "id": 10751,
            "name": "Family"
        },
        {
            "id": 12,
            "name": "Adventure"
        },
        {
            "id": 35,
            "name": "Comedy"
        }
    ],
    "homepage": "https://www.netflix.com/title/80183187",
    "id": 508965,
    "imdb_id": "tt4729430",
    "original_language": "en",
    "original_title": "Klaus",
    "overview": "When Jesper distinguishes himself as the Postal Academy's worst student, he is sent to Smeerensburg, a small village located on an icy island above the Arctic Circle, where grumpy inhabitants barely exchange words, let alone letters. Jesper is about to give up and abandon his duty as a postman when he meets local teacher Alva and Klaus, a mysterious carpenter who lives alone in a cabin full of handmade toys.",
    "popularity": 32.156,
    "poster_path": "/q125RHUDgR4gjwh1QkfYuJLYkL.jpg",
    "production_companies": [
        {
            "id": 29566,
            "logo_path": "/wHbtRtUnXGNzX0riQIpq1fcgueq.png",
            "name": "Atresmedia",
            "origin_country": "ES"
        },
        {
            "id": 101644,
            "logo_path": null,
            "name": "The SPA Studios",
            "origin_country": "ES"
        }
    ],
    "production_countries": [
        {
            "iso_3166_1": "ES",
            "name": "Spain"
        }
    ],
    "release_date": "2019-11-08",
    "revenue": 0,
    "runtime": 96,
    "spoken_languages": [
        {
            "english_name": "English",
            "iso_639_1": "en",
            "name": "English"
        },
        {
            "english_name": "Northern Sami",
            "iso_639_1": "se",
            "name": ""
        }
    ],
    "status": "Released",
    "tagline": "Welcome to the jingle",
    "title": "Klaus",
    "video": false,
    "vote_average": 8.3,
    "vote_count": 2610
}