{
    "adult": false,
    "backdrop_path": "/fGbM2cqPauRu7ALFPSTDBH9FgpU.jpg",
    "belongs_to_collection": null,
    "budget": 35000000,
    "genres": [
        {
            "id": 80,
            "name": "Crime"
        },
        {
            "id": 18,
            "name": "Drama"
        },
        {
            "id": 9648,
            "name": "Mystery"
        },
        {
            "id": 53,
            "name": "Thriller"
        }
    ],
    "homepage": "",
    "id": 2118,
    "imdb_id": "tt0119488",
    "original_language": "en",
    "original_title": "L.A. Confidential",
    "overview": "Three detectives in the corrupt and brutal L.A. police force of the 1950s use differing methods to uncover a conspiracy behind the shotgun slayings of the patrons at an all-night diner.",
    "popularity": 20.593,
    "poster_path": "/Rzope4Pk93Rg1Q2Ae8H0FYwa7n.jpg",
    "production_companies": [
        {
            "id": 508,
            "logo_path": "/7PzJdsLGlR7oW4J0J5Xcd0pHGRg.png",
            "name": "Regency Enterprises",
            "origin_country": "US"
        },
        {
            "id": 174,
            "logo_path": "/IuAlhI9eVC9Z8UQWOIDdWRKSEJ.png",
            "name": "Warner Bros. Pictures",
            "origin_country": "US"
        },
        {
            "id": 2428,
            "logo_path": null,
            "name": "The Wolper Organization",
            "origin_country": ""
        }
    ],
    "production_countries": [
        {
            "iso_3166_1": "US",
            "name": "United States of America"
        }
    ],
    "release_date": "1997-09-19",
    "revenue": 126216940,
    "runtime": 138,
    "spoken_languages": [
        {
            "english_name": "English",
            "iso_639_1": "en",
            "name": "English"
        }
    ],
    "status": "Released",
    "tagline": "Everything is suspect... Everyone is for sale... And nothing is what it seems.",
    "title": "L.A. Confidential",
    "video": false,
    "vote_average": 7.8,
    "vote_count": 3532
}