{
    "adult": false,
    "backdrop_path": "/b2hLlrD7abdMx3yxG8ODPUYbBV3.jpg",
    "belongs_to_collection": null,
    "budget": 2600000,
    "genres": [
        {
            "id": 18,
            "name": "Drama"
        }
    ],
    "homepage": "",
    "id": 406,
    "imdb_id": "tt0113247",
    "original_language": "fr",
    "original_title": "La Haine",
    "overview": "After a chaotic night of rioting in a marginal suburb of Paris, three young friends, Vinz, Hubert and Sa\u00efd, wander around unoccupied waiting for news about the state of health of a mutual friend who has been seriously injured when confronting the police.",
    "popularity": 12.599,
    "poster_path": "/bW4tXG8kZ89ZCurPnzDDSzJbeF5.jpg",
    "production_companies": [
        {
            "id": 22684,
            "logo_path": null,
            "name": "Kasso Productions",
            "origin_country": "FR"
        },
        {
            "id": 16366,
            "logo_path": null,
            "name": "La Sept Cin\u00e9ma",
            "origin_country": "FR"
        },
        {
            "id": 5869,
            "logo_path": null,
            "name": "Les Productions Lazennec",
            "origin_country": "FR"
        },
        {
            "id": 104,
            "logo_path": "/9aotxauvc9685tq9pTcRJszuT06.png",
            "name": "Canal+",
            "origin_country": "FR"
        },
        {
            "id": 694,
            "logo_path": "/5LEHONGkZBIoWvp1ygHOF8iyi1M.png",
            "name": "StudioCanal",
            "origin_country": "FR"
        }
    ],
    "production_countries": [
        {
            "iso_3166_1": "FR",
            "name": "France"
        }
    ],
    "release_date": "1995-05-31",
    "revenue": 15300000,
    "runtime": 98,
    "spoken_languages": [
        {
            "english_name": "French",
            "iso_639_1": "fr",
            "name": "Fran\u00e7ais"
        }
    ],
    "status": "Released",
    "tagline": "How far you fall doesn't matter, it's how you land\u2026",
    "title": "La Haine",
    "video": false,
    "vote_average": 8.1,
    "vote_count": 2688
}