{
    "adult": false,
    "backdrop_path": "/9Yht6Ho4y213OqeHBIQyuI919fT.jpg",
    "belongs_to_collection": null,
    "budget": 15000000,
    "genres": [
        {
            "id": 10752,
            "name": "War"
        },
        {
            "id": 36,
            "name": "History"
        },
        {
            "id": 12,
            "name": "Adventure"
        },
        {
            "id": 18,
            "name": "Drama"
        }
    ],
    "homepage": "",
    "id": 947,
    "imdb_id": "tt0056172",
    "original_language": "en",
    "original_title": "Lawrence of Arabia",
    "overview": "The story of British officer T.E. Lawrence's mission to aid the Arab tribes in their revolt against the Ottoman Empire during the First World War. Lawrence becomes a flamboyant, messianic figure in the cause of Arab unity but his psychological instability threatens to undermine his achievements.",
    "popularity": 32.503,
    "poster_path": "/vOEbimiBaTQr9SDFfDHHWCZdZK2.jpg",
    "production_companies": [
        {
            "id": 11356,
            "logo_path": null,
            "name": "Horizon Pictures",
            "origin_country": "GB"
        }
    ],
    "production_countries": [
        {
            "iso_3166_1": "GB",
            "name": "United Kingdom"
        }
    ],
    "release_date": "1962-12-11",
    "revenue": 69995385,
    "runtime": 227,
    "spoken_languages": [
        {
            "english_name": "English",
            "iso_639_1": "en",
            "name": "English"
        },
        {
            "english_name": "Arabic",
            "iso_639_1": "ar",
            "name": "\u0627\u0644\u0639\u0631\u0628\u064a\u0629"
        },
        {
            "english_name": "Turkish",
            "iso_639_1": "tr",
            "name": "T\u00fcrk\u00e7e"
        }
    ],
    "status": "Released",
    "tagline": "A mighty motion picture of action and adventure!",
    "title": "Lawrence of Arabia",
    "video": false,
    "vote_average": 8.0,
    "vote_count": 2165
}