{
    "adult": false,
    "backdrop_path": "/gavyCu1UaTaTNPsVaGXT6pe5u24.jpg",
    "belongs_to_collection": null,
    "budget": 20000000,
    "genres": [
        {
            "id": 35,
            "name": "Comedy"
        },
        {
            "id": 18,
            "name": "Drama"
        }
    ],
    "homepage": "",
    "id": 637,
    "imdb_id": "tt0118799",
    "original_language": "it",
    "original_title": "La vita \u00e8 bella",
    "overview": "A touching story of an Italian book seller of Jewish ancestry who lives in his own little fairy tale. His creative and happy life would come to an abrupt halt when his entire family is deported to a concentration camp during World War II. While locked up he tries to convince his son that the whole thing is just a game.",
    "popularity": 44.746,
    "poster_path": "/74hLDKjD5aGYOotO6esUVaeISa2.jpg",
    "production_companies": [
        {
            "id": 370,
            "logo_path": null,
            "name": "Melampo Cinematografica",
            "origin_country": "IT"
        },
        {
            "id": 14,
            "logo_path": "/m6AHu84oZQxvq7n1rsvMNJIAsMu.png",
            "name": "Miramax",
            "origin_country": "US"
        },
        {
            "id": 113521,
            "logo_path": "/fF4xLqMQ0C6Laql7HpzRnvn8hfi.png",
            "name": "StudioCanal",
            "origin_country": "GB"
        }
    ],
    "production_countries": [
        {
            "iso_3166_1": "IT",
            "name": "Italy"
        }
    ],
    "release_date": "1997-12-20",
    "revenue": 230098753,
    "runtime": 116,
    "spoken_languages": [
        {
            "english_name": "German",
            "iso_639_1": "de",
            "name": "Deutsch"
        },
        {
            "english_name": "English",
            "iso_639_1": "en",
            "name": "English"
        },
        {
            "english_name": "Italian",
            "iso_639_1": "it",
            "name": "Italiano"
        },
        {
            "english_name": "Czech",
            "iso_639_1": "cs",
            "name": "\u010cesk\u00fd"
        }
    ],
    "status": "Released",
    "tagline": "An unforgettable fable that proves love, family and imagination conquer all.",
    "title": "Life Is Beautiful",
    "video": false,
    "vote_average": 8.5,
    "vote_count": 10558
}