{
    "adult": false,
    "backdrop_path": "/aRvoRaR4l7Bxzjch5ioi5dZzrsX.jpg",
    "belongs_to_collection": null,
    "budget": 4000000,
    "genres": [
        {
            "id": 35,
            "name": "Comedy"
        }
    ],
    "homepage": "",
    "id": 583,
    "imdb_id": "tt0079470",
    "original_language": "en",
    "original_title": "Life of Brian",
    "overview": "Brian Cohen is an average young Jewish man, but through a series of ridiculous events, he gains a reputation as the Messiah. When he's not dodging his followers or being scolded by his shrill mother, the hapless Brian has to contend with the pompous Pontius Pilate and acronym-obsessed members of a separatist movement. Rife with Monty Python's signature absurdity, the tale finds Brian's life paralleling Biblical lore, albeit with many more laughs.",
    "popularity": 18.885,
    "poster_path": "/lSSA64WF0M0BXnjwr2quMh6shCl.jpg",
    "production_companies": [
        {
            "id": 20076,
            "logo_path": "/i9qXGJIP9fGN22PP5jXUVENbyHi.png",
            "name": "HandMade Films",
            "origin_country": "GB"
        },
        {
            "id": 416,
            "logo_path": null,
            "name": "Python (Monty) Pictures Limited",
            "origin_country": ""
        }
    ],
    "production_countries": [
        {
            "iso_3166_1": "GB",
            "name": "United Kingdom"
        }
    ],
    "release_date": "1979-08-17",
    "revenue": 20045115,
    "runtime": 94,
    "spoken_languages": [
        {
            "english_name": "English",
            "iso_639_1": "en",
            "name": "English"
        },
        {
            "english_name": "Latin",
            "iso_639_1": "la",
            "name": "Latin"
        }
    ],
    "status": "Released",
    "tagline": "He wasn't the messiah. He was a very naughty boy.",
    "title": "Life of Brian",
    "video": false,
    "vote_average": 7.8,
    "vote_count": 3294
}