{
    "adult": false,
    "backdrop_path": "/5dF4FNwM2qZIuF0WCUs5zvDGU2H.jpg",
    "belongs_to_collection": null,
    "budget": 2600000,
    "genres": [
        {
            "id": 18,
            "name": "Drama"
        }
    ],
    "homepage": "http://www.taarezameenpar.com/",
    "id": 7508,
    "imdb_id": "tt0986264",
    "original_language": "hi",
    "original_title": "\u0924\u093e\u0930\u0947 \u091c\u093c\u092e\u0940\u0928 \u092a\u0930",
    "overview": "Ishaan Awasthi is an eight-year-old whose world is filled with wonders that no one else seems to appreciate. Colours, fish, dogs, and kites don't seem important to the adults, who are much more interested in things like homework, marks, and neatness. Ishaan cannot seem to get anything right in class; he is then sent to boarding school, where his life changes forever.",
    "popularity": 14.591,
    "poster_path": "/lmz3fQV9wrrYiTU1gCdjhAc8pZ6.jpg",
    "production_companies": [
        {
            "id": 2140,
            "logo_path": null,
            "name": "Aamir Khan Productions",
            "origin_country": "IN"
        },
        {
            "id": 63997,
            "logo_path": null,
            "name": "PVR Pictures",
            "origin_country": "IN"
        }
    ],
    "production_countries": [
        {
            "iso_3166_1": "IN",
            "name": "India"
        }
    ],
    "release_date": "2007-12-21",
    "revenue": 28430000,
    "runtime": 165,
    "spoken_languages": [
        {
            "english_name": "English",
            "iso_639_1": "en",
            "name": "English"
        },
        {
            "english_name": "Hindi",
            "iso_639_1": "hi",
            "name": "\u0939\u093f\u0928\u094d\u0926\u0940"
        }
    ],
    "status": "Released",
    "tagline": "Every Child Is Special",
    "title": "Like Stars on Earth",
    "video": false,
    "vote_average": 8.0,
    "vote_count": 748
}