{
    "adult": false,
    "backdrop_path": "/c71zkXAykw5uu4cHnUCE6vA3NY0.jpg",
    "belongs_to_collection": {
        "backdrop_path": "/hbNMx7sxxqvkX8rLOsTryiSrCPY.jpg",
        "id": 453993,
        "name": "The Wolverine Collection",
        "poster_path": "/c18HVnKTybcAUYVQd8rOcdbqwY.jpg"
    },
    "budget": 97000000,
    "genres": [
        {
            "id": 28,
            "name": "Action"
        },
        {
            "id": 18,
            "name": "Drama"
        },
        {
            "id": 878,
            "name": "Science Fiction"
        }
    ],
    "homepage": "http://www.foxmovies.com/movies/logan",
    "id": 263115,
    "imdb_id": "tt3315342",
    "original_language": "en",
    "original_title": "Logan",
    "overview": "In the near future, a weary Logan cares for an ailing Professor X in a hideout on the Mexican border. But Logan's attempts to hide from the world and his legacy are upended when a young mutant arrives, pursued by dark forces.",
    "popularity": 81.402,
    "poster_path": "/fnbjcRDYn6YviCcePDnGdyAkYsB.jpg",
    "production_companies": [
        {
            "id": 25,
            "logo_path": "/qZCc1lty5FzX30aOCVRBLzaVmcp.png",
            "name": "20th Century Fox",
            "origin_country": "US"
        },
        {
            "id": 7505,
            "logo_path": "/837VMM4wOkODc1idNxGT0KQJlej.png",
            "name": "Marvel Entertainment",
            "origin_country": "US"
        },
        {
            "id": 22213,
            "logo_path": "/qx9K6bFWJupwde0xQDwOvXkOaL8.png",
            "name": "TSG Entertainment",
            "origin_country": "US"
        },
        {
            "id": 91797,
            "logo_path": null,
            "name": "Hutch Parker Entertainment",
            "origin_country": "US"
        },
        {
            "id": 431,
            "logo_path": null,
            "name": "The Donners' Company",
            "origin_country": "US"
        },
        {
            "id": 28788,
            "logo_path": null,
            "name": "Genre Films",
            "origin_country": "US"
        }
    ],
    "production_countries": [
        {
            "iso_3166_1": "US",
            "name": "United States of America"
        }
    ],
    "release_date": "2017-02-28",
    "revenue": 619021436,
    "runtime": 137,
    "spoken_languages": [
        {
            "english_name": "English",
            "iso_639_1": "en",
            "name": "English"
        },
        {
            "english_name": "Spanish",
            "iso_639_1": "es",
            "name": "Espa\u00f1ol"
        }
    ],
    "status": "Released",
    "tagline": "His time has come",
    "title": "Logan",
    "video": false,
    "vote_average": 7.8,
    "vote_count": 16177
}