{
    "adult": false,
    "backdrop_path": "/jRJrQ72VLyEnVsvwfep8Xjlvu8c.jpg",
    "belongs_to_collection": null,
    "budget": 16000000,
    "genres": [
        {
            "id": 80,
            "name": "Crime"
        },
        {
            "id": 18,
            "name": "Drama"
        },
        {
            "id": 28,
            "name": "Action"
        }
    ],
    "homepage": "",
    "id": 101,
    "imdb_id": "tt0110413",
    "original_language": "en",
    "original_title": "L\u00e9on: The Professional",
    "overview": "L\u00e9on, the top hit man in New York, has earned a rep as an effective \"cleaner\". But when his next-door neighbors are wiped out by a loose-cannon DEA agent, he becomes the unwilling custodian of 12-year-old Mathilda. Before long, Mathilda's thoughts turn to revenge, and she considers following in L\u00e9on's footsteps.",
    "popularity": 48.043,
    "poster_path": "/wHqGb8J6tXBVwjqWooGMtNEjs2A.jpg",
    "production_companies": [
        {
            "id": 9,
            "logo_path": "/nda3dTUYdDrJ6rZqBpYvY865aDv.png",
            "name": "Gaumont",
            "origin_country": "FR"
        },
        {
            "id": 66743,
            "logo_path": null,
            "name": "Les Films du Dauphin",
            "origin_country": "FR"
        },
        {
            "id": 5,
            "logo_path": "/71BqEFAF4V3qjjMPCpLuyJFB9A.png",
            "name": "Columbia Pictures",
            "origin_country": "US"
        }
    ],
    "production_countries": [
        {
            "iso_3166_1": "US",
            "name": "United States of America"
        },
        {
            "iso_3166_1": "FR",
            "name": "France"
        }
    ],
    "release_date": "1994-09-14",
    "revenue": 45284974,
    "runtime": 111,
    "spoken_languages": [
        {
            "english_name": "English",
            "iso_639_1": "en",
            "name": "English"
        },
        {
            "english_name": "French",
            "iso_639_1": "fr",
            "name": "Fran\u00e7ais"
        },
        {
            "english_name": "Italian",
            "iso_639_1": "it",
            "name": "Italiano"
        }
    ],
    "status": "Released",
    "tagline": "If you want a job done well, hire a professional.",
    "title": "L\u00e9on: The Professional",
    "video": false,
    "vote_average": 8.3,
    "vote_count": 11421
}