{
    "adult": false,
    "backdrop_path": "/mQUOFbRoRG9t8oS0SOk955flHJq.jpg",
    "belongs_to_collection": null,
    "budget": 0,
    "genres": [
        {
            "id": 18,
            "name": "Drama"
        },
        {
            "id": 28,
            "name": "Action"
        },
        {
            "id": 53,
            "name": "Thriller"
        },
        {
            "id": 80,
            "name": "Crime"
        }
    ],
    "homepage": "",
    "id": 832,
    "imdb_id": "tt0022100",
    "original_language": "de",
    "original_title": "M - Eine Stadt sucht einen M\u00f6rder",
    "overview": "In this classic German thriller, Hans Beckert, a serial killer who preys on children, becomes the focus of a massive Berlin police manhunt. Beckert's heinous crimes are so repellant and disruptive to city life that he is even targeted by others in the seedy underworld network. With both cops and criminals in pursuit, the murderer soon realizes that people are on his trail, sending him into a tense, panicked attempt to escape justice.",
    "popularity": 11.658,
    "poster_path": "/slsS6jT6SXjcTPOrsFcLIrHboXA.jpg",
    "production_companies": [
        {
            "id": 43854,
            "logo_path": "/tMo26bTTY0f4mMPIvFnyydrDm7V.png",
            "name": "Nero-Film AG",
            "origin_country": "DE"
        }
    ],
    "production_countries": [
        {
            "iso_3166_1": "DE",
            "name": "Germany"
        }
    ],
    "release_date": "1931-05-11",
    "revenue": 0,
    "runtime": 117,
    "spoken_languages": [
        {
            "english_name": "German",
            "iso_639_1": "de",
            "name": "Deutsch"
        }
    ],
    "status": "Released",
    "tagline": "Who is the murderer?",
    "title": "M",
    "video": false,
    "vote_average": 8.1,
    "vote_count": 1473
}