{
    "adult": false,
    "backdrop_path": "/gai6mDH0WN1jojj05VgqH45Xl9B.jpg",
    "belongs_to_collection": null,
    "budget": 8240000,
    "genres": [
        {
            "id": 16,
            "name": "Animation"
        },
        {
            "id": 35,
            "name": "Comedy"
        },
        {
            "id": 18,
            "name": "Drama"
        }
    ],
    "homepage": "http://www.maryandmax.com/",
    "id": 24238,
    "imdb_id": "tt0978762",
    "original_language": "en",
    "original_title": "Mary and Max",
    "overview": "A tale of friendship between two unlikely pen pals: Mary, a lonely, eight-year-old girl living in the suburbs of Melbourne, and Max, a forty-four-year old, severely obese man living in New York. In the mid-1970s, a homely, friendless Australian girl of 8 picks a name out of a Manhattan phone book and writes to him; she includes a chocolate bar. He writes back, with chocolate. Thus begins a 20-year correspondence. Will the two ever meet face to face?",
    "popularity": 11.292,
    "poster_path": "/b4LKlquh0ls5Rgb27QLPlkC7Oya.jpg",
    "production_companies": [
        {
            "id": 4096,
            "logo_path": null,
            "name": "icon",
            "origin_country": ""
        },
        {
            "id": 3908,
            "logo_path": null,
            "name": "Melodrama Pictures",
            "origin_country": ""
        }
    ],
    "production_countries": [
        {
            "iso_3166_1": "AU",
            "name": "Australia"
        }
    ],
    "release_date": "2009-02-09",
    "revenue": 1740429,
    "runtime": 92,
    "spoken_languages": [
        {
            "english_name": "English",
            "iso_639_1": "en",
            "name": "English"
        },
        {
            "english_name": "Yiddish",
            "iso_639_1": "yi",
            "name": ""
        }
    ],
    "status": "Released",
    "tagline": "Sometimes perfect strangers make the best friends.",
    "title": "Mary and Max",
    "video": false,
    "vote_average": 7.9,
    "vote_count": 1427
}