{
    "adult": false,
    "backdrop_path": "/q2CtXYjp9IlnfBcPktNkBPsuAEO.jpg",
    "belongs_to_collection": null,
    "budget": 9000000,
    "genres": [
        {
            "id": 9648,
            "name": "Mystery"
        },
        {
            "id": 53,
            "name": "Thriller"
        }
    ],
    "homepage": "http://www.otnemem.com/",
    "id": 77,
    "imdb_id": "tt0209144",
    "original_language": "en",
    "original_title": "Memento",
    "overview": "Leonard Shelby is tracking down the man who raped and murdered his wife. The difficulty of locating his wife's killer, however, is compounded by the fact that he suffers from a rare, untreatable form of short-term memory loss. Although he can recall details of life before his accident, Leonard cannot remember what happened fifteen minutes ago, where he's going, or why.",
    "popularity": 31.076,
    "poster_path": "/yuNs09hvpHVU1cBTCAk9zxsL2oW.jpg",
    "production_companies": [
        {
            "id": 491,
            "logo_path": "/rUp0lLKa1pr4UsPm8fgzmnNGxtq.png",
            "name": "Summit Entertainment",
            "origin_country": "US"
        },
        {
            "id": 506,
            "logo_path": null,
            "name": "Newmarket Capital Group",
            "origin_country": "US"
        },
        {
            "id": 598,
            "logo_path": null,
            "name": "Team Todd",
            "origin_country": ""
        },
        {
            "id": 34446,
            "logo_path": null,
            "name": "I Remember Productions",
            "origin_country": ""
        }
    ],
    "production_countries": [
        {
            "iso_3166_1": "US",
            "name": "United States of America"
        }
    ],
    "release_date": "2000-10-11",
    "revenue": 39723096,
    "runtime": 113,
    "spoken_languages": [
        {
            "english_name": "English",
            "iso_639_1": "en",
            "name": "English"
        }
    ],
    "status": "Released",
    "tagline": "Some memories are best forgotten.",
    "title": "Memento",
    "video": false,
    "vote_average": 8.2,
    "vote_count": 11563
}