{
    "adult": false,
    "backdrop_path": "/njaw7QZy5ni8ZDydx3b1EDpEfwk.jpg",
    "belongs_to_collection": null,
    "budget": 2800000,
    "genres": [
        {
            "id": 80,
            "name": "Crime"
        },
        {
            "id": 18,
            "name": "Drama"
        },
        {
            "id": 53,
            "name": "Thriller"
        }
    ],
    "homepage": "http://www.memoriesofmurder.com/",
    "id": 11423,
    "imdb_id": "tt0353969",
    "original_language": "ko",
    "original_title": "\uc0b4\uc778\uc758 \ucd94\uc5b5",
    "overview": "1986 Gyunggi Province. The body of a young woman is found brutally raped and murdered. Two months later, a series of rapes and murders commences under similar circumstances. And in a country that had never known such crimes, the dark whispers about a serial murderer grow louder. A special task force is set up in the area, with two local detectives Park Doo-Man and Jo Young-Goo joined by a detective from Seoul who requested to be assigned to the case.",
    "popularity": 20.481,
    "poster_path": "/jcgUjx1QcupGzjntTVlnQ15lHqy.jpg",
    "production_companies": [
        {
            "id": 7036,
            "logo_path": "/javbyY0ZCvlFJtly3tpZqf2NwLX.png",
            "name": "CJ Entertainment",
            "origin_country": "KR"
        },
        {
            "id": 11557,
            "logo_path": null,
            "name": "Muhan Investment",
            "origin_country": ""
        },
        {
            "id": 3657,
            "logo_path": "/2YXnZa6yPjxdHKzBLgmf57D8QpM.png",
            "name": "Sidus",
            "origin_country": "KR"
        }
    ],
    "production_countries": [
        {
            "iso_3166_1": "KR",
            "name": "South Korea"
        }
    ],
    "release_date": "2003-05-02",
    "revenue": 26000000,
    "runtime": 131,
    "spoken_languages": [
        {
            "english_name": "Korean",
            "iso_639_1": "ko",
            "name": "\ud55c\uad6d\uc5b4/\uc870\uc120\ub9d0"
        },
        {
            "english_name": "English",
            "iso_639_1": "en",
            "name": "English"
        }
    ],
    "status": "Released",
    "tagline": "The worst of them will stay with you... forever",
    "title": "Memories of Murder",
    "video": false,
    "vote_average": 8.1,
    "vote_count": 2419
}