{
    "adult": false,
    "backdrop_path": "/r8pUcom5Mw8igtBpj3AHSAUvH0R.jpg",
    "belongs_to_collection": null,
    "budget": 1300000,
    "genres": [
        {
            "id": 18,
            "name": "Drama"
        },
        {
            "id": 878,
            "name": "Science Fiction"
        }
    ],
    "homepage": "",
    "id": 19,
    "imdb_id": "tt0017136",
    "original_language": "de",
    "original_title": "Metropolis",
    "overview": "In a futuristic city sharply divided between the working class and the city planners, the son of the city's mastermind falls in love with a working class prophet who predicts the coming of a savior to mediate their differences.",
    "popularity": 12.432,
    "poster_path": "/hUK9rewffKGqtXynH5SW3v9hzcu.jpg",
    "production_companies": [
        {
            "id": 12372,
            "logo_path": null,
            "name": "UFA",
            "origin_country": "DE"
        }
    ],
    "production_countries": [
        {
            "iso_3166_1": "DE",
            "name": "Germany"
        }
    ],
    "release_date": "1927-02-06",
    "revenue": 650422,
    "runtime": 149,
    "spoken_languages": [
        {
            "english_name": "No Language",
            "iso_639_1": "xx",
            "name": "No Language"
        },
        {
            "english_name": "German",
            "iso_639_1": "de",
            "name": "Deutsch"
        }
    ],
    "status": "Released",
    "tagline": "There can be no understanding between the hands and the brain unless the heart acts as mediator.",
    "title": "Metropolis",
    "video": false,
    "vote_average": 8.2,
    "vote_count": 1900
}