{
    "adult": false,
    "backdrop_path": "/oGMomeS7bE43eN8SGJUaKvQnmud.jpg",
    "belongs_to_collection": null,
    "budget": 30000000,
    "genres": [
        {
            "id": 18,
            "name": "Drama"
        }
    ],
    "homepage": "http://www.milliondollarbaby-derfilm.de/",
    "id": 70,
    "imdb_id": "tt0405159",
    "original_language": "en",
    "original_title": "Million Dollar Baby",
    "overview": "Despondent over a painful estrangement from his daughter, trainer Frankie Dunn isn't prepared for boxer Maggie Fitzgerald to enter his life. But Maggie's determined to go pro and to convince Dunn and his cohort to help her.",
    "popularity": 23.132,
    "poster_path": "/mVqE0CaURUkiIXzHPOLVbTjAXFy.jpg",
    "production_companies": [
        {
            "id": 126,
            "logo_path": "/kADPanRDkKTxncPXXVahvHPUvCj.png",
            "name": "Lakeshore Entertainment",
            "origin_country": "US"
        },
        {
            "id": 171,
            "logo_path": null,
            "name": "Malpaso Productions",
            "origin_country": "US"
        },
        {
            "id": 1171,
            "logo_path": null,
            "name": "Epsilon Motion Pictures",
            "origin_country": "CH"
        },
        {
            "id": 16311,
            "logo_path": null,
            "name": "Albert S. Ruddy Productions",
            "origin_country": ""
        },
        {
            "id": 174,
            "logo_path": "/IuAlhI9eVC9Z8UQWOIDdWRKSEJ.png",
            "name": "Warner Bros. Pictures",
            "origin_country": "US"
        }
    ],
    "production_countries": [
        {
            "iso_3166_1": "US",
            "name": "United States of America"
        }
    ],
    "release_date": "2004-12-15",
    "revenue": 216763646,
    "runtime": 132,
    "spoken_languages": [
        {
            "english_name": "English",
            "iso_639_1": "en",
            "name": "English"
        },
        {
            "english_name": "Irish",
            "iso_639_1": "ga",
            "name": "Gaeilge"
        }
    ],
    "status": "Released",
    "tagline": "Beyond his silence, there is a past. Beyond her dreams, there is a feeling. Beyond hope, there is a memory. Beyond their journey, there is a love.",
    "title": "Million Dollar Baby",
    "video": false,
    "vote_average": 8.0,
    "vote_count": 7449
}