{
    "adult": false,
    "backdrop_path": "/qFWnaG1fVIloWZho6I0td43MpRD.jpg",
    "belongs_to_collection": null,
    "budget": 1500000,
    "genres": [
        {
            "id": 35,
            "name": "Comedy"
        },
        {
            "id": 18,
            "name": "Drama"
        }
    ],
    "homepage": "",
    "id": 3082,
    "imdb_id": "tt0027977",
    "original_language": "en",
    "original_title": "Modern Times",
    "overview": "The Tramp struggles to live in modern industrial society with the help of a young homeless woman.",
    "popularity": 12.428,
    "poster_path": "/7uoiKOEjxBBW0AgDGQWrlfGQ90w.jpg",
    "production_companies": [
        {
            "id": 1315,
            "logo_path": null,
            "name": "Charles Chaplin Productions",
            "origin_country": ""
        },
        {
            "id": 60,
            "logo_path": "/oJXpAs4I3W46e4dkaOEzCa4yBko.png",
            "name": "United Artists",
            "origin_country": "US"
        }
    ],
    "production_countries": [
        {
            "iso_3166_1": "US",
            "name": "United States of America"
        }
    ],
    "release_date": "1936-02-11",
    "revenue": 8500000,
    "runtime": 87,
    "spoken_languages": [
        {
            "english_name": "No Language",
            "iso_639_1": "xx",
            "name": "No Language"
        },
        {
            "english_name": "English",
            "iso_639_1": "en",
            "name": "English"
        }
    ],
    "status": "Released",
    "tagline": "He stands alone as the greatest entertainer of modern times! No one on earth can make you laugh as heartily or touch your heart as deeply...the whole world laughs, cries and thrills to his priceless genius!",
    "title": "Modern Times",
    "video": false,
    "vote_average": 8.3,
    "vote_count": 2757
}