{
    "adult": false,
    "backdrop_path": "/hVxPPgSL72qS18jIB3eWXoAsoWu.jpg",
    "belongs_to_collection": {
        "backdrop_path": "/x4Mq7gDRhbqDjw4SkemLvd1yzF3.jpg",
        "id": 137696,
        "name": "Monsters, Inc. Collection",
        "poster_path": "/4Cp0L58Rg1bSJSsT6uw7OuU4nYc.jpg"
    },
    "budget": 115000000,
    "genres": [
        {
            "id": 16,
            "name": "Animation"
        },
        {
            "id": 35,
            "name": "Comedy"
        },
        {
            "id": 10751,
            "name": "Family"
        }
    ],
    "homepage": "http://movies.disney.com/monsters-inc",
    "id": 585,
    "imdb_id": "tt0198781",
    "original_language": "en",
    "original_title": "Monsters, Inc.",
    "overview": "James Sullivan and Mike Wazowski are monsters, they earn their living scaring children and are the best in the business... even though they're more afraid of the children than they are of them. When a child accidentally enters their world, James and Mike suddenly find that kids are not to be afraid of and they uncover a conspiracy that could threaten all children across the world.",
    "popularity": 152.566,
    "poster_path": "/sgheSKxZkttIe8ONsf2sWXPgip3.jpg",
    "production_companies": [
        {
            "id": 3,
            "logo_path": "/1TjvGVDMYsj6JBxOAkUHpPEwLf7.png",
            "name": "Pixar",
            "origin_country": "US"
        },
        {
            "id": 2,
            "logo_path": "/wdrCwmRnLFJhEoH8GSfymY85KHT.png",
            "name": "Walt Disney Pictures",
            "origin_country": "US"
        }
    ],
    "production_countries": [
        {
            "iso_3166_1": "US",
            "name": "United States of America"
        }
    ],
    "release_date": "2001-11-01",
    "revenue": 562816256,
    "runtime": 92,
    "spoken_languages": [
        {
            "english_name": "English",
            "iso_639_1": "en",
            "name": "English"
        }
    ],
    "status": "Released",
    "tagline": "We Scare Because We Care.",
    "title": "Monsters, Inc.",
    "video": false,
    "vote_average": 7.8,
    "vote_count": 14775
}