{
    "adult": false,
    "backdrop_path": "/7qOpWe1Fk58MFEmcsGs2nrbv7Ow.jpg",
    "belongs_to_collection": null,
    "budget": 400000,
    "genres": [
        {
            "id": 12,
            "name": "Adventure"
        },
        {
            "id": 35,
            "name": "Comedy"
        },
        {
            "id": 14,
            "name": "Fantasy"
        }
    ],
    "homepage": "https://www.sonypictures.com/movies/montypythonandtheholygrail",
    "id": 762,
    "imdb_id": "tt0071853",
    "original_language": "en",
    "original_title": "Monty Python and the Holy Grail",
    "overview": "King Arthur, accompanied by his squire, recruits his Knights of the Round Table, including Sir Bedevere the Wise, Sir Lancelot the Brave, Sir Robin the Not-Quite-So-Brave-As-Sir-Lancelot and Sir Galahad the Pure. On the way, Arthur battles the Black Knight who, despite having had all his limbs chopped off, insists he can still fight. They reach Camelot, but Arthur decides not  to enter, as \"it is a silly place\".",
    "popularity": 18.712,
    "poster_path": "/8AVb7tyxZRsbKJNOTJHQZl7JYWO.jpg",
    "production_companies": [
        {
            "id": 416,
            "logo_path": null,
            "name": "Python (Monty) Pictures Limited",
            "origin_country": ""
        },
        {
            "id": 463,
            "logo_path": null,
            "name": "Michael White Productions",
            "origin_country": ""
        },
        {
            "id": 464,
            "logo_path": null,
            "name": "National Film Trustee Company",
            "origin_country": "GB"
        }
    ],
    "production_countries": [
        {
            "iso_3166_1": "GB",
            "name": "United Kingdom"
        }
    ],
    "release_date": "1975-05-25",
    "revenue": 5028948,
    "runtime": 91,
    "spoken_languages": [
        {
            "english_name": "French",
            "iso_639_1": "fr",
            "name": "Fran\u00e7ais"
        },
        {
            "english_name": "Latin",
            "iso_639_1": "la",
            "name": "Latin"
        },
        {
            "english_name": "English",
            "iso_639_1": "en",
            "name": "English"
        }
    ],
    "status": "Released",
    "tagline": "And now! At Last! Another film completely different from some of the other films which aren't quite the same as this one is.",
    "title": "Monty Python and the Holy Grail",
    "video": false,
    "vote_average": 7.8,
    "vote_count": 4439
}