{
    "adult": false,
    "backdrop_path": "/1uOpPfARvbEf1TQfRGadWHhQqJH.jpg",
    "belongs_to_collection": null,
    "budget": 1500000,
    "genres": [
        {
            "id": 35,
            "name": "Comedy"
        },
        {
            "id": 18,
            "name": "Drama"
        }
    ],
    "homepage": "",
    "id": 3083,
    "imdb_id": "tt0031679",
    "original_language": "en",
    "original_title": "Mr. Smith Goes to Washington",
    "overview": "Naive and idealistic Jefferson Smith, leader of the Boy Rangers, is appointed to the United States Senate by the puppet governor of his state. He soon discovers, upon going to Washington, many shortcomings of the political process as his earnest goal of a national boys' camp leads to a conflict with the state political boss.",
    "popularity": 10.262,
    "poster_path": "/994cgAiauYUkkwsikMOjnvaLhxk.jpg",
    "production_companies": [
        {
            "id": 5,
            "logo_path": "/71BqEFAF4V3qjjMPCpLuyJFB9A.png",
            "name": "Columbia Pictures",
            "origin_country": "US"
        }
    ],
    "production_countries": [
        {
            "iso_3166_1": "US",
            "name": "United States of America"
        }
    ],
    "release_date": "1939-10-19",
    "revenue": 9600000,
    "runtime": 129,
    "spoken_languages": [
        {
            "english_name": "English",
            "iso_639_1": "en",
            "name": "English"
        }
    ],
    "status": "Released",
    "tagline": "Romance, drama, laughter and heartbreak... created out of the very heart and soil of America!",
    "title": "Mr. Smith Goes to Washington",
    "video": false,
    "vote_average": 8.0,
    "vote_count": 736
}