{
    "adult": false,
    "backdrop_path": "/ci8NMpK3HvuySQRGPMAPyBSlL7f.jpg",
    "belongs_to_collection": null,
    "budget": 0,
    "genres": [
        {
            "id": 18,
            "name": "Drama"
        }
    ],
    "homepage": "",
    "id": 13393,
    "imdb_id": "tt0476735",
    "original_language": "tr",
    "original_title": "Babam ve O\u011flum",
    "overview": "A left-wing journalist whose wife died while giving birth to his son during a military coup returns to his family's farm. Estranged from his father for turning his back on the family and wasting his life with political activism instead, he tries to reconnect with him so that his son will have a place to live as his health is deteriorating due to the extensive torture he had to endure.",
    "popularity": 6.551,
    "poster_path": "/8MZYwUWJhLADpExD2zMj4uINeFM.jpg",
    "production_companies": [
        {
            "id": 67496,
            "logo_path": "/95k6qxrpMGoiKkwKC5SBUHb4Pa1.png",
            "name": "Av\u015far Film",
            "origin_country": "TR"
        }
    ],
    "production_countries": [
        {
            "iso_3166_1": "TR",
            "name": "Turkey"
        }
    ],
    "release_date": "2005-11-18",
    "revenue": 4187299,
    "runtime": 112,
    "spoken_languages": [
        {
            "english_name": "Turkish",
            "iso_639_1": "tr",
            "name": "T\u00fcrk\u00e7e"
        }
    ],
    "status": "Released",
    "tagline": "",
    "title": "My Father and My Son",
    "video": false,
    "vote_average": 7.6,
    "vote_count": 199
}