{
    "adult": false,
    "backdrop_path": "/fxYazFVeOCHpHwuqGuiqcCTw162.jpg",
    "belongs_to_collection": null,
    "budget": 3700000,
    "genres": [
        {
            "id": 14,
            "name": "Fantasy"
        },
        {
            "id": 16,
            "name": "Animation"
        },
        {
            "id": 10751,
            "name": "Family"
        }
    ],
    "homepage": "https://movies.disney.com/my-neighbor-totoro",
    "id": 8392,
    "imdb_id": "tt0096283",
    "original_language": "ja",
    "original_title": "\u3068\u306a\u308a\u306e\u30c8\u30c8\u30ed",
    "overview": "Two sisters move to the country with their father in order to be closer to their hospitalized mother, and discover the surrounding trees are inhabited by Totoros, magical spirits of the forest. When the youngest runs away from home, the older sister seeks help from the spirits to find her.",
    "popularity": 44.737,
    "poster_path": "/rtGDOeG9LzoerkDGZF9dnVeLppL.jpg",
    "production_companies": [
        {
            "id": 10342,
            "logo_path": "/eS79pslnoKbWg7t3PMA9ayl0bGs.png",
            "name": "Studio Ghibli",
            "origin_country": "JP"
        },
        {
            "id": 12516,
            "logo_path": null,
            "name": "Nibariki",
            "origin_country": "JP"
        },
        {
            "id": 1779,
            "logo_path": "/41nGzTdCnORYZIZzaGZtfsBwQCl.png",
            "name": "Tokuma Shoten",
            "origin_country": "JP"
        }
    ],
    "production_countries": [
        {
            "iso_3166_1": "JP",
            "name": "Japan"
        }
    ],
    "release_date": "1988-04-16",
    "revenue": 45000000,
    "runtime": 86,
    "spoken_languages": [
        {
            "english_name": "Japanese",
            "iso_639_1": "ja",
            "name": "\u65e5\u672c\u8a9e"
        }
    ],
    "status": "Released",
    "tagline": "",
    "title": "My Neighbor Totoro",
    "video": false,
    "vote_average": 8.1,
    "vote_count": 5726
}