{
    "adult": false,
    "backdrop_path": "/ulVUa2MvnJAjAeRt7h23FFJVRKH.jpg",
    "belongs_to_collection": null,
    "budget": 1000000,
    "genres": [
        {
            "id": 12,
            "name": "Adventure"
        },
        {
            "id": 16,
            "name": "Animation"
        },
        {
            "id": 14,
            "name": "Fantasy"
        }
    ],
    "homepage": "https://movies.disney.com/nausicaa-of-the-valley-of-the-wind",
    "id": 81,
    "imdb_id": "tt0087544",
    "original_language": "ja",
    "original_title": "\u98a8\u306e\u8c37\u306e\u30ca\u30a6\u30b7\u30ab",
    "overview": "After a global war, the seaside kingdom known as the Valley of the Wind remains one of the last strongholds on Earth untouched by a poisonous jungle and the powerful insects that guard it. Led by the courageous Princess Nausica\u00e4, the people of the Valley engage in an epic struggle to restore the bond between humanity and Earth.",
    "popularity": 29.158,
    "poster_path": "/sIpcATxMrKHRRUJAGI5UIUT7XMG.jpg",
    "production_companies": [
        {
            "id": 29,
            "logo_path": "/2ZGkaLO1oVR39zxtQca8iDaU7fR.png",
            "name": "Topcraft",
            "origin_country": "JP"
        }
    ],
    "production_countries": [
        {
            "iso_3166_1": "JP",
            "name": "Japan"
        }
    ],
    "release_date": "1984-03-11",
    "revenue": 3301446,
    "runtime": 117,
    "spoken_languages": [
        {
            "english_name": "Japanese",
            "iso_639_1": "ja",
            "name": "\u65e5\u672c\u8a9e"
        }
    ],
    "status": "Released",
    "tagline": "A young girl's love called forth miracles\u2026",
    "title": "Nausica\u00e4 of the Valley of the Wind",
    "video": false,
    "vote_average": 7.9,
    "vote_count": 2486
}