{
    "adult": false,
    "backdrop_path": "/AfyuI3glMCBDFmNPj9PY6DwbgGp.jpg",
    "belongs_to_collection": {
        "backdrop_path": "/zguc4BSy4cbviHd7di67kifnmzD.jpg",
        "id": 96850,
        "name": "Evangelion Collection",
        "poster_path": "/in2Oid51htVMo4NA1GCk0cKmZ5G.jpg"
    },
    "budget": 0,
    "genres": [
        {
            "id": 18,
            "name": "Drama"
        },
        {
            "id": 878,
            "name": "Science Fiction"
        },
        {
            "id": 16,
            "name": "Animation"
        },
        {
            "id": 28,
            "name": "Action"
        }
    ],
    "homepage": "",
    "id": 18491,
    "imdb_id": "tt0169858",
    "original_language": "ja",
    "original_title": "\u65b0\u4e16\u7d00\u30a8\u30f4\u30a1\u30f3\u30b2\u30ea\u30aa\u30f3\u5287\u5834\u7248 Air\uff0f\u307e\u3054\u3053\u308d\u3092\u3001\u541b\u306b",
    "overview": "The second of two theatrically released follow-ups to the Neon Genesis Evangelion series. Comprising of two alternate episodes which were first intended to take the place of episodes 25 and 26, this finale answers many of the questions surrounding the series, while also opening up some new possibilities.",
    "popularity": 32.013,
    "poster_path": "/m9PTii0XWCIKZBBrCrOn8RLTK0w.jpg",
    "production_companies": [
        {
            "id": 3041,
            "logo_path": "/j9VqEdiNqIkMJKku1UTGMAvmuRr.png",
            "name": "GAINAX",
            "origin_country": "JP"
        },
        {
            "id": 3466,
            "logo_path": "/lmCg0zarmM52wrmsZRUY0QlPKLh.png",
            "name": "Movic",
            "origin_country": "JP"
        },
        {
            "id": 21504,
            "logo_path": null,
            "name": "Star Child Recording",
            "origin_country": ""
        },
        {
            "id": 3034,
            "logo_path": "/kGRavMqgyx4p2X4C96bjRCj50oI.png",
            "name": "TV Tokyo",
            "origin_country": "JP"
        },
        {
            "id": 529,
            "logo_path": "/rwB6w2aPENQbx756pBWSw44Ouk.png",
            "name": "Production I.G",
            "origin_country": "JP"
        },
        {
            "id": 1194,
            "logo_path": null,
            "name": "Kadokawa Shoten",
            "origin_country": "JP"
        },
        {
            "id": 5822,
            "logo_path": "/qyTbRgCyU9NLKvKaiQVbadtr7RY.png",
            "name": "Toei Company",
            "origin_country": "JP"
        },
        {
            "id": 113750,
            "logo_path": "/A3QVZ9Ah0yI2d2GiXUFpdlbTgyr.png",
            "name": "SEGA",
            "origin_country": "JP"
        }
    ],
    "production_countries": [
        {
            "iso_3166_1": "JP",
            "name": "Japan"
        }
    ],
    "release_date": "1997-07-19",
    "revenue": 20000000,
    "runtime": 87,
    "spoken_languages": [
        {
            "english_name": "Japanese",
            "iso_639_1": "ja",
            "name": "\u65e5\u672c\u8a9e"
        }
    ],
    "status": "Released",
    "tagline": "The fate of destruction is also the joy of rebirth",
    "title": "Neon Genesis Evangelion: The End of Evangelion",
    "video": false,
    "vote_average": 8.4,
    "vote_count": 933
}