{
    "adult": false,
    "backdrop_path": "/pRMmLhZQncfvS44JelQyB078ZP2.jpg",
    "belongs_to_collection": null,
    "budget": 3800000,
    "genres": [
        {
            "id": 18,
            "name": "Drama"
        }
    ],
    "homepage": "",
    "id": 10774,
    "imdb_id": "tt0074958",
    "original_language": "en",
    "original_title": "Network",
    "overview": "When veteran anchorman Howard Beale is forced to retire his 25-year post because of his age, he announces to viewers that he will kill himself during his farewell broadcast. Network executives rethink their decision when his fanatical tirade results in a spike in ratings.",
    "popularity": 7.987,
    "poster_path": "/l3opUgZaoRyu9O1sBRJvsArhcaz.jpg",
    "production_companies": [
        {
            "id": 60,
            "logo_path": "/oJXpAs4I3W46e4dkaOEzCa4yBko.png",
            "name": "United Artists",
            "origin_country": "US"
        },
        {
            "id": 21,
            "logo_path": "/aOWKh4gkNrfFZ3Ep7n0ckPhoGb5.png",
            "name": "Metro-Goldwyn-Mayer",
            "origin_country": "US"
        }
    ],
    "production_countries": [
        {
            "iso_3166_1": "US",
            "name": "United States of America"
        }
    ],
    "release_date": "1976-11-01",
    "revenue": 23689877,
    "runtime": 122,
    "spoken_languages": [
        {
            "english_name": "English",
            "iso_639_1": "en",
            "name": "English"
        }
    ],
    "status": "Released",
    "tagline": "Television will never be the same.",
    "title": "Network",
    "video": false,
    "vote_average": 7.9,
    "vote_count": 1198
}