{
    "adult": false,
    "backdrop_path": "/urQ8tTV6evZKXn00pdID4WnZDjj.jpg",
    "belongs_to_collection": null,
    "budget": 0,
    "genres": [
        {
            "id": 18,
            "name": "Drama"
        }
    ],
    "homepage": "",
    "id": 19426,
    "imdb_id": "tt0050783",
    "original_language": "it",
    "original_title": "Le notti di Cabiria",
    "overview": "Rome, 1957. A woman, Cabiria, is robbed and left to drown by her boyfriend, Giorgio. Rescued, she resumes her life and tries her best to find happiness in a cynical world. Even when she thinks her struggles are over and she has found happiness and contentment, things may not be what they seem.",
    "popularity": 9.177,
    "poster_path": "/xF4oCG3PLNbcrtPZbqB3BtkIbKg.jpg",
    "production_companies": [
        {
            "id": 1216,
            "logo_path": null,
            "name": "Dino de Laurentiis Cinematografica",
            "origin_country": "IT"
        },
        {
            "id": 2260,
            "logo_path": null,
            "name": "Les Films Marceau",
            "origin_country": ""
        }
    ],
    "production_countries": [
        {
            "iso_3166_1": "IT",
            "name": "Italy"
        },
        {
            "iso_3166_1": "FR",
            "name": "France"
        }
    ],
    "release_date": "1957-10-03",
    "revenue": 752045,
    "runtime": 110,
    "spoken_languages": [
        {
            "english_name": "Italian",
            "iso_639_1": "it",
            "name": "Italiano"
        }
    ],
    "status": "Released",
    "tagline": "The story of a betrayed but unquenchable little Roman street-walker.",
    "title": "Nights of Cabiria",
    "video": false,
    "vote_average": 8.1,
    "vote_count": 504
}