{
    "adult": false,
    "backdrop_path": "/kd9jFTTabg4xJpHDgxY0h8F9BzG.jpg",
    "belongs_to_collection": null,
    "budget": 25000000,
    "genres": [
        {
            "id": 80,
            "name": "Crime"
        },
        {
            "id": 18,
            "name": "Drama"
        },
        {
            "id": 53,
            "name": "Thriller"
        }
    ],
    "homepage": "",
    "id": 6977,
    "imdb_id": "tt0477348",
    "original_language": "en",
    "original_title": "No Country for Old Men",
    "overview": "Llewelyn Moss stumbles upon dead bodies, $2 million and a hoard of heroin in a Texas desert, but methodical killer Anton Chigurh comes looking for it, with local sheriff Ed Tom Bell hot on his trail. The roles of prey and predator blur as the violent pursuit of money and justice collide.",
    "popularity": 29.726,
    "poster_path": "/6d5XOczc226jECq0LIX0siKtgHR.jpg",
    "production_companies": [
        {
            "id": 14,
            "logo_path": "/m6AHu84oZQxvq7n1rsvMNJIAsMu.png",
            "name": "Miramax",
            "origin_country": "US"
        },
        {
            "id": 258,
            "logo_path": null,
            "name": "Scott Rudin Productions",
            "origin_country": "US"
        },
        {
            "id": 2092,
            "logo_path": null,
            "name": "Mike Zoss Productions",
            "origin_country": "US"
        },
        {
            "id": 838,
            "logo_path": "/tcW3UqV46Mdq6GyaS1ydEDocEDF.png",
            "name": "Paramount Vantage",
            "origin_country": "US"
        }
    ],
    "production_countries": [
        {
            "iso_3166_1": "US",
            "name": "United States of America"
        }
    ],
    "release_date": "2007-11-08",
    "revenue": 171627166,
    "runtime": 122,
    "spoken_languages": [
        {
            "english_name": "English",
            "iso_639_1": "en",
            "name": "English"
        },
        {
            "english_name": "Spanish",
            "iso_639_1": "es",
            "name": "Espa\u00f1ol"
        }
    ],
    "status": "Released",
    "tagline": "There are no clean getaways.",
    "title": "No Country for Old Men",
    "video": false,
    "vote_average": 7.9,
    "vote_count": 9102
}