{
    "adult": false,
    "backdrop_path": "/fONtQBk12LGjQo4q6bXDROVQmTy.jpg",
    "belongs_to_collection": null,
    "budget": 4000000,
    "genres": [
        {
            "id": 9648,
            "name": "Mystery"
        },
        {
            "id": 53,
            "name": "Thriller"
        }
    ],
    "homepage": "",
    "id": 213,
    "imdb_id": "tt0053125",
    "original_language": "en",
    "original_title": "North by Northwest",
    "overview": "Advertising man Roger Thornhill is mistaken for a spy, triggering a deadly cross-country chase.",
    "popularity": 22.603,
    "poster_path": "/2XhojYqG4ICe68Iqf2bN8xfVgz8.jpg",
    "production_companies": [
        {
            "id": 21,
            "logo_path": "/aOWKh4gkNrfFZ3Ep7n0ckPhoGb5.png",
            "name": "Metro-Goldwyn-Mayer",
            "origin_country": "US"
        }
    ],
    "production_countries": [
        {
            "iso_3166_1": "US",
            "name": "United States of America"
        }
    ],
    "release_date": "1959-07-08",
    "revenue": 13275000,
    "runtime": 136,
    "spoken_languages": [
        {
            "english_name": "English",
            "iso_639_1": "en",
            "name": "English"
        }
    ],
    "status": "Released",
    "tagline": "It's a deadly game of 'tag' and Cary Grant is 'it'...",
    "title": "North by Northwest",
    "video": false,
    "vote_average": 8.0,
    "vote_count": 3020
}