{
    "adult": false,
    "backdrop_path": "/47rioCQJLDe6gT7NYdPf7IRy3Nu.jpg",
    "belongs_to_collection": null,
    "budget": 3000000,
    "genres": [
        {
            "id": 18,
            "name": "Drama"
        },
        {
            "id": 53,
            "name": "Thriller"
        },
        {
            "id": 9648,
            "name": "Mystery"
        },
        {
            "id": 28,
            "name": "Action"
        }
    ],
    "homepage": "",
    "id": 670,
    "imdb_id": "tt0364569",
    "original_language": "ko",
    "original_title": "\uc62c\ub4dc\ubcf4\uc774",
    "overview": "With no clue how he came to be imprisoned, drugged and tortured for 15 years, a desperate businessman seeks revenge on his captors.",
    "popularity": 27.079,
    "poster_path": "/pWDtjs568ZfOTMbURQBYuT4Qxka.jpg",
    "production_companies": [
        {
            "id": 399,
            "logo_path": null,
            "name": "Show East",
            "origin_country": "KR"
        },
        {
            "id": 7036,
            "logo_path": "/javbyY0ZCvlFJtly3tpZqf2NwLX.png",
            "name": "CJ Entertainment",
            "origin_country": "KR"
        },
        {
            "id": 118802,
            "logo_path": null,
            "name": "Egg Film",
            "origin_country": "KR"
        },
        {
            "id": 685,
            "logo_path": null,
            "name": "Cineclick Asia",
            "origin_country": "KR"
        }
    ],
    "production_countries": [
        {
            "iso_3166_1": "KR",
            "name": "South Korea"
        }
    ],
    "release_date": "2003-11-21",
    "revenue": 14980005,
    "runtime": 120,
    "spoken_languages": [
        {
            "english_name": "Korean",
            "iso_639_1": "ko",
            "name": "\ud55c\uad6d\uc5b4/\uc870\uc120\ub9d0"
        }
    ],
    "status": "Released",
    "tagline": "Laugh, and the world laughs with you. Weep, and you weep alone.",
    "title": "Oldboy",
    "video": false,
    "vote_average": 8.3,
    "vote_count": 6201
}