{
    "adult": false,
    "backdrop_path": "/hUzRPXBUHyJhpyGV0NfBDuadbgp.jpg",
    "belongs_to_collection": null,
    "budget": 910000,
    "genres": [
        {
            "id": 80,
            "name": "Crime"
        },
        {
            "id": 18,
            "name": "Drama"
        }
    ],
    "homepage": "",
    "id": 654,
    "imdb_id": "tt0047296",
    "original_language": "en",
    "original_title": "On the Waterfront",
    "overview": "Terry Malloy dreams about being a prize fighter, while tending his pigeons and running errands at the docks for Johnny Friendly, the corrupt boss of the dockers union. Terry witnesses a murder by two of Johnny's thugs, and later meets the dead man's sister and feels responsible for his death. She introduces him to Father Barry, who tries to force him to provide information for the courts that will smash the dock racketeers.",
    "popularity": 10.338,
    "poster_path": "/v1RtJ1qR4v9nrnfoBVBl6hjTW9.jpg",
    "production_companies": [
        {
            "id": 5,
            "logo_path": "/71BqEFAF4V3qjjMPCpLuyJFB9A.png",
            "name": "Columbia Pictures",
            "origin_country": "US"
        },
        {
            "id": 11356,
            "logo_path": null,
            "name": "Horizon Pictures",
            "origin_country": "GB"
        }
    ],
    "production_countries": [
        {
            "iso_3166_1": "US",
            "name": "United States of America"
        }
    ],
    "release_date": "1954-06-22",
    "revenue": 9600000,
    "runtime": 108,
    "spoken_languages": [
        {
            "english_name": "English",
            "iso_639_1": "en",
            "name": "English"
        }
    ],
    "status": "Released",
    "tagline": "The man lived by the jungle law of the docks!",
    "title": "On the Waterfront",
    "video": false,
    "vote_average": 8.0,
    "vote_count": 1104
}