{
    "adult": false,
    "backdrop_path": "/uPYa165sraN2c8gZBM9C47g3JoU.jpg",
    "belongs_to_collection": null,
    "budget": 30000000,
    "genres": [
        {
            "id": 18,
            "name": "Drama"
        },
        {
            "id": 80,
            "name": "Crime"
        }
    ],
    "homepage": "",
    "id": 311,
    "imdb_id": "tt0087843",
    "original_language": "en",
    "original_title": "Once Upon a Time in America",
    "overview": "A former Prohibition-era Jewish gangster returns to the Lower East Side of Manhattan over thirty years later, where he once again must confront the ghosts and regrets of his old life.",
    "popularity": 28.177,
    "poster_path": "/i0enkzsL5dPeneWnjl1fCWm6L7k.jpg",
    "production_companies": [
        {
            "id": 7965,
            "logo_path": null,
            "name": "The Ladd Company",
            "origin_country": "US"
        },
        {
            "id": 10214,
            "logo_path": null,
            "name": "Embassy International Pictures",
            "origin_country": "US"
        },
        {
            "id": 218,
            "logo_path": null,
            "name": "Rafran Cinematografica",
            "origin_country": "IT"
        },
        {
            "id": 174,
            "logo_path": "/IuAlhI9eVC9Z8UQWOIDdWRKSEJ.png",
            "name": "Warner Bros. Pictures",
            "origin_country": "US"
        },
        {
            "id": 1256,
            "logo_path": null,
            "name": "PSO",
            "origin_country": "US"
        }
    ],
    "production_countries": [
        {
            "iso_3166_1": "US",
            "name": "United States of America"
        },
        {
            "iso_3166_1": "IT",
            "name": "Italy"
        }
    ],
    "release_date": "1984-05-23",
    "revenue": 5472914,
    "runtime": 229,
    "spoken_languages": [
        {
            "english_name": "English",
            "iso_639_1": "en",
            "name": "English"
        },
        {
            "english_name": "Italian",
            "iso_639_1": "it",
            "name": "Italiano"
        },
        {
            "english_name": "Hebrew",
            "iso_639_1": "he",
            "name": "\u05e2\u05b4\u05d1\u05b0\u05e8\u05b4\u05d9\u05ea"
        },
        {
            "english_name": "French",
            "iso_639_1": "fr",
            "name": "Fran\u00e7ais"
        },
        {
            "english_name": "Yiddish",
            "iso_639_1": "yi",
            "name": ""
        }
    ],
    "status": "Released",
    "tagline": "Crime, passion and lust for power.",
    "title": "Once Upon a Time in America",
    "video": false,
    "vote_average": 8.4,
    "vote_count": 3833
}