{
    "adult": false,
    "backdrop_path": "/h31SOVlekuHXsMWVGxI8nPPfY82.jpg",
    "belongs_to_collection": null,
    "budget": 5000000,
    "genres": [
        {
            "id": 18,
            "name": "Drama"
        },
        {
            "id": 37,
            "name": "Western"
        }
    ],
    "homepage": "",
    "id": 335,
    "imdb_id": "tt0064116",
    "original_language": "it",
    "original_title": "C'era una volta il West",
    "overview": "As the railroad builders advance unstoppably through the Arizona desert on their way to the sea, Jill arrives in the small town of Flagstone with the intention of starting a new life.",
    "popularity": 25.854,
    "poster_path": "/qbYgqOczabWNn2XKwgMtVrntD6P.jpg",
    "production_companies": [
        {
            "id": 4,
            "logo_path": "/fycMZt242LVjagMByZOLUGbCvv3.png",
            "name": "Paramount",
            "origin_country": "US"
        },
        {
            "id": 218,
            "logo_path": null,
            "name": "Rafran Cinematografica",
            "origin_country": "IT"
        },
        {
            "id": 25287,
            "logo_path": null,
            "name": "San Marco",
            "origin_country": "IT"
        }
    ],
    "production_countries": [
        {
            "iso_3166_1": "IT",
            "name": "Italy"
        },
        {
            "iso_3166_1": "US",
            "name": "United States of America"
        }
    ],
    "release_date": "1968-12-21",
    "revenue": 5380118,
    "runtime": 166,
    "spoken_languages": [
        {
            "english_name": "English",
            "iso_639_1": "en",
            "name": "English"
        }
    ],
    "status": "Released",
    "tagline": "There were three men in her life. One to take her\u2026 one to love her \u2014and one to kill her.",
    "title": "Once Upon a Time in the West",
    "video": false,
    "vote_average": 8.3,
    "vote_count": 3151
}