{
    "adult": false,
    "backdrop_path": "/3KwAmIKMaDcBMonF5wmyNTL0SR6.jpg",
    "belongs_to_collection": null,
    "budget": 3000000,
    "genres": [
        {
            "id": 18,
            "name": "Drama"
        }
    ],
    "homepage": "",
    "id": 510,
    "imdb_id": "tt0073486",
    "original_language": "en",
    "original_title": "One Flew Over the Cuckoo's Nest",
    "overview": "While serving time for insanity at a state mental hospital, implacable rabble-rouser, Randle Patrick McMurphy, inspires his fellow patients to rebel against the authoritarian rule of head nurse, Mildred Ratched.",
    "popularity": 30.469,
    "poster_path": "/3jcbDmRFiQ83drXNOvRDeKHxS0C.jpg",
    "production_companies": [
        {
            "id": 286,
            "logo_path": null,
            "name": "Fantasy Films",
            "origin_country": ""
        }
    ],
    "production_countries": [
        {
            "iso_3166_1": "US",
            "name": "United States of America"
        }
    ],
    "release_date": "1975-11-18",
    "revenue": 108981275,
    "runtime": 133,
    "spoken_languages": [
        {
            "english_name": "English",
            "iso_639_1": "en",
            "name": "English"
        }
    ],
    "status": "Released",
    "tagline": "If he's crazy, what does that make you?",
    "title": "One Flew Over the Cuckoo's Nest",
    "video": false,
    "vote_average": 8.4,
    "vote_count": 8147
}