{
    "adult": false,
    "backdrop_path": "/o0IWa75BXyXryNDVqw0xoXZzy1J.jpg",
    "belongs_to_collection": null,
    "budget": 19000000,
    "genres": [
        {
            "id": 14,
            "name": "Fantasy"
        },
        {
            "id": 18,
            "name": "Drama"
        },
        {
            "id": 10752,
            "name": "War"
        }
    ],
    "homepage": "",
    "id": 1417,
    "imdb_id": "tt0457430",
    "original_language": "es",
    "original_title": "El laberinto del fauno",
    "overview": "Living with her tyrannical stepfather in a new home with her pregnant mother, 10-year-old Ofelia feels alone until she explores a decaying labyrinth guarded by a mysterious faun who claims to know her destiny. If she wishes to return to her real father, Ofelia must complete three terrifying tasks.",
    "popularity": 40.636,
    "poster_path": "/v9qYpp7PX6KhpoolZmZcS00zavH.jpg",
    "production_companies": [
        {
            "id": 2029,
            "logo_path": null,
            "name": "Estudios Picasso",
            "origin_country": "ES"
        },
        {
            "id": 7470,
            "logo_path": null,
            "name": "Esperanto Filmoj",
            "origin_country": "US"
        },
        {
            "id": 11628,
            "logo_path": null,
            "name": "Tequila Gang",
            "origin_country": "MX"
        },
        {
            "id": 1182,
            "logo_path": "/bkgwJWvqqLuzsXV2Qv3Mg3wfcNZ.png",
            "name": "Telecinco Cinema",
            "origin_country": "ES"
        }
    ],
    "production_countries": [
        {
            "iso_3166_1": "MX",
            "name": "Mexico"
        },
        {
            "iso_3166_1": "ES",
            "name": "Spain"
        },
        {
            "iso_3166_1": "US",
            "name": "United States of America"
        }
    ],
    "release_date": "2006-08-25",
    "revenue": 83258226,
    "runtime": 118,
    "spoken_languages": [
        {
            "english_name": "Spanish",
            "iso_639_1": "es",
            "name": "Espa\u00f1ol"
        }
    ],
    "status": "Released",
    "tagline": "What happens when make-believe believes it's real?",
    "title": "Pan's Labyrinth",
    "video": false,
    "vote_average": 7.7,
    "vote_count": 8516
}