{
    "adult": false,
    "backdrop_path": "/moTOuNKnM2phZCYPF49Y1Hb7WJj.jpg",
    "belongs_to_collection": null,
    "budget": 1746964,
    "genres": [
        {
            "id": 18,
            "name": "Drama"
        }
    ],
    "homepage": "",
    "id": 655,
    "imdb_id": "tt0087884",
    "original_language": "en",
    "original_title": "Paris, Texas",
    "overview": "A man wanders out of the desert not knowing who he is. His brother finds him, and helps to pull his memory back of the life he led before he walked out on his family and disappeared four years earlier.",
    "popularity": 12.442,
    "poster_path": "/6NuFYT1f1rG0AeIVTJEgsRa7AOi.jpg",
    "production_companies": [
        {
            "id": 181,
            "logo_path": "/zhQ77XOviCBuXd74IurqqjgLNe0.png",
            "name": "Channel Four Films",
            "origin_country": "GB"
        },
        {
            "id": 1448,
            "logo_path": null,
            "name": "Pro-ject Filmproduktion",
            "origin_country": "DE"
        },
        {
            "id": 6116,
            "logo_path": null,
            "name": "Argos Films",
            "origin_country": "FR"
        },
        {
            "id": 36229,
            "logo_path": null,
            "name": "Wim Wenders Stiftung",
            "origin_country": "DE"
        },
        {
            "id": 46,
            "logo_path": "/3xFdKHLXPGHEbrAkmsepGE8974Y.png",
            "name": "WDR",
            "origin_country": "DE"
        },
        {
            "id": 45,
            "logo_path": "/tUkNOAjyTt9D56DUeQfmmAFvwYQ.png",
            "name": "Road Movies",
            "origin_country": "DE"
        }
    ],
    "production_countries": [
        {
            "iso_3166_1": "DE",
            "name": "Germany"
        },
        {
            "iso_3166_1": "FR",
            "name": "France"
        },
        {
            "iso_3166_1": "GB",
            "name": "United Kingdom"
        }
    ],
    "release_date": "1984-08-23",
    "revenue": 2181987,
    "runtime": 146,
    "spoken_languages": [
        {
            "english_name": "Spanish",
            "iso_639_1": "es",
            "name": "Espa\u00f1ol"
        },
        {
            "english_name": "English",
            "iso_639_1": "en",
            "name": "English"
        }
    ],
    "status": "Released",
    "tagline": "A place for dreams. A place for heartbreak. A place to pick up the pieces.",
    "title": "Paris, Texas",
    "video": false,
    "vote_average": 8.1,
    "vote_count": 1159
}