{
    "adult": false,
    "backdrop_path": "/354kfjVb96mtFALMhBE6jzHGiA2.jpg",
    "belongs_to_collection": null,
    "budget": 935000,
    "genres": [
        {
            "id": 18,
            "name": "Drama"
        },
        {
            "id": 10752,
            "name": "War"
        }
    ],
    "homepage": "",
    "id": 975,
    "imdb_id": "tt0050825",
    "original_language": "en",
    "original_title": "Paths of Glory",
    "overview": "A commanding officer defends three scapegoats on trial for a failed offensive that occurred within the French Army in 1916.",
    "popularity": 14.766,
    "poster_path": "/l2IY0gOHHmCWM90LjteFssxIV1G.jpg",
    "production_companies": [
        {
            "id": 60,
            "logo_path": "/oJXpAs4I3W46e4dkaOEzCa4yBko.png",
            "name": "United Artists",
            "origin_country": "US"
        },
        {
            "id": 611,
            "logo_path": null,
            "name": "Bryna Productions",
            "origin_country": ""
        }
    ],
    "production_countries": [
        {
            "iso_3166_1": "US",
            "name": "United States of America"
        }
    ],
    "release_date": "1957-10-25",
    "revenue": 0,
    "runtime": 88,
    "spoken_languages": [
        {
            "english_name": "English",
            "iso_639_1": "en",
            "name": "English"
        },
        {
            "english_name": "Italian",
            "iso_639_1": "it",
            "name": "Italiano"
        },
        {
            "english_name": "Latin",
            "iso_639_1": "la",
            "name": "Latin"
        },
        {
            "english_name": "German",
            "iso_639_1": "de",
            "name": "Deutsch"
        }
    ],
    "status": "Released",
    "tagline": "It explodes in the no-man's land no picture ever dared cross before!",
    "title": "Paths of Glory",
    "video": false,
    "vote_average": 8.3,
    "vote_count": 2017
}