{
    "adult": false,
    "backdrop_path": "/tyy4SVwSNTrOHMzt7HxA92xdmMl.jpg",
    "belongs_to_collection": {
        "backdrop_path": "/b5zCX85EvJpizJzA2WaQmkd6DN6.jpg",
        "id": 158391,
        "name": "The Apu Trilogy",
        "poster_path": "/5WAKR48YAV9l37pBPElCRJsvaZv.jpg"
    },
    "budget": 0,
    "genres": [
        {
            "id": 18,
            "name": "Drama"
        }
    ],
    "homepage": "",
    "id": 5801,
    "imdb_id": "tt0048473",
    "original_language": "bn",
    "original_title": "\u09aa\u09a5\u09c7\u09b0 \u09aa\u09be\u0981\u099a\u09be\u09b2\u09c0",
    "overview": "Impoverished priest Harihar Ray, dreaming of a better life for himself and his family, leaves his rural Bengal village in search of work. Alone, his wife, Sarbojaya, looks after her rebellious daughter, Durga, and her young son, Apu, as well as Harihar's elderly aunt Indir. The children enjoy the small pleasures of their difficult life, while their parents suffer the daily indignities heaped upon them.",
    "popularity": 7.677,
    "poster_path": "/frZj5djlU9hFEjMcL21RJZVuG5O.jpg",
    "production_companies": [
        {
            "id": 1984,
            "logo_path": null,
            "name": "Government of West Bengal",
            "origin_country": ""
        }
    ],
    "production_countries": [
        {
            "iso_3166_1": "IN",
            "name": "India"
        }
    ],
    "release_date": "1955-08-26",
    "revenue": 536364,
    "runtime": 125,
    "spoken_languages": [
        {
            "english_name": "Bengali",
            "iso_639_1": "bn",
            "name": "\u09ac\u09be\u0982\u09b2\u09be"
        }
    ],
    "status": "Released",
    "tagline": "",
    "title": "Pather Panchali",
    "video": false,
    "vote_average": 8.1,
    "vote_count": 248
}