{
    "adult": false,
    "backdrop_path": "/32YB3OXR036XBi1Dm5i9D0hDM2o.jpg",
    "belongs_to_collection": null,
    "budget": 0,
    "genres": [
        {
            "id": 18,
            "name": "Drama"
        }
    ],
    "homepage": "",
    "id": 797,
    "imdb_id": "tt0060827",
    "original_language": "sv",
    "original_title": "Persona",
    "overview": "A young nurse, Alma, is put in charge of Elisabeth Vogler: an actress who is seemingly healthy in all respects, but will not talk. As they spend time together, Alma speaks to Elisabeth constantly, never receiving any answer. The time they spend together only strengthens the crushing realization that one does not exist.",
    "popularity": 13.854,
    "poster_path": "/bdXbfUir63TQHA5NTNcXPICZCW8.jpg",
    "production_companies": [
        {
            "id": 6181,
            "logo_path": "/eaQ7or8IoEmPfgmQiU2C5lVZkxS.png",
            "name": "SF Studios",
            "origin_country": "SE"
        }
    ],
    "production_countries": [
        {
            "iso_3166_1": "SE",
            "name": "Sweden"
        }
    ],
    "release_date": "1966-10-18",
    "revenue": 0,
    "runtime": 84,
    "spoken_languages": [
        {
            "english_name": "Swedish",
            "iso_639_1": "sv",
            "name": "svenska"
        }
    ],
    "status": "Released",
    "tagline": "",
    "title": "Persona",
    "video": false,
    "vote_average": 8.3,
    "vote_count": 1464
}