{
    "adult": false,
    "backdrop_path": "/2WZLSN9cdHCkJFbkj0oMfOfVHn8.jpg",
    "belongs_to_collection": null,
    "budget": 6000000,
    "genres": [
        {
            "id": 18,
            "name": "Drama"
        },
        {
            "id": 10752,
            "name": "War"
        },
        {
            "id": 28,
            "name": "Action"
        }
    ],
    "homepage": "",
    "id": 792,
    "imdb_id": "tt0091763",
    "original_language": "en",
    "original_title": "Platoon",
    "overview": "As a young and naive recruit in Vietnam, Chris Taylor faces a moral crisis when confronted with the horrors of war and the duality of man.",
    "popularity": 27.955,
    "poster_path": "/m3mmFkPQKvPZq5exmh0bDuXlD9T.jpg",
    "production_companies": [
        {
            "id": 469,
            "logo_path": null,
            "name": "Hemdale Film Corporation",
            "origin_country": ""
        },
        {
            "id": 104411,
            "logo_path": null,
            "name": "Cinema 86",
            "origin_country": ""
        },
        {
            "id": 4764,
            "logo_path": null,
            "name": "Cinema 84",
            "origin_country": ""
        }
    ],
    "production_countries": [
        {
            "iso_3166_1": "US",
            "name": "United States of America"
        },
        {
            "iso_3166_1": "GB",
            "name": "United Kingdom"
        }
    ],
    "release_date": "1986-12-19",
    "revenue": 138530565,
    "runtime": 120,
    "spoken_languages": [
        {
            "english_name": "English",
            "iso_639_1": "en",
            "name": "English"
        },
        {
            "english_name": "Vietnamese",
            "iso_639_1": "vi",
            "name": "Ti\u1ebfng Vi\u1ec7t"
        }
    ],
    "status": "Released",
    "tagline": "The first casualty of war is innocence.",
    "title": "Platoon",
    "video": false,
    "vote_average": 7.7,
    "vote_count": 3327
}