{
    "adult": false,
    "backdrop_path": "/mpNd0rTVrp6vHJ9Je7wSa3zC8JS.jpg",
    "belongs_to_collection": null,
    "budget": 26500000,
    "genres": [
        {
            "id": 12,
            "name": "Adventure"
        },
        {
            "id": 14,
            "name": "Fantasy"
        },
        {
            "id": 16,
            "name": "Animation"
        }
    ],
    "homepage": "",
    "id": 128,
    "imdb_id": "tt0119698",
    "original_language": "ja",
    "original_title": "\u3082\u306e\u306e\u3051\u59eb",
    "overview": "Ashitaka, a prince of the disappearing Emishi people, is cursed by a demonized boar god and must journey to the west to find a cure. Along the way, he encounters San, a young human woman fighting to protect the forest, and Lady Eboshi, who is trying to destroy it. Ashitaka must find a way to bring balance to this conflict.",
    "popularity": 39.504,
    "poster_path": "/jHWmNr7m544fJ8eItsfNk8fs2Ed.jpg",
    "production_companies": [
        {
            "id": 10342,
            "logo_path": "/eS79pslnoKbWg7t3PMA9ayl0bGs.png",
            "name": "Studio Ghibli",
            "origin_country": "JP"
        },
        {
            "id": 12516,
            "logo_path": null,
            "name": "Nibariki",
            "origin_country": "JP"
        },
        {
            "id": 2752,
            "logo_path": null,
            "name": "DENTSU Music And Entertainment",
            "origin_country": "JP"
        },
        {
            "id": 67681,
            "logo_path": null,
            "name": "TNDG",
            "origin_country": ""
        },
        {
            "id": 1779,
            "logo_path": "/41nGzTdCnORYZIZzaGZtfsBwQCl.png",
            "name": "Tokuma Shoten",
            "origin_country": "JP"
        },
        {
            "id": 6755,
            "logo_path": "/c0ENH8QeZLvCACpzCpwvYMy2SDr.png",
            "name": "Nippon Television Network Corporation",
            "origin_country": "JP"
        }
    ],
    "production_countries": [
        {
            "iso_3166_1": "JP",
            "name": "Japan"
        }
    ],
    "release_date": "1997-07-12",
    "revenue": 159414369,
    "runtime": 134,
    "spoken_languages": [
        {
            "english_name": "Japanese",
            "iso_639_1": "ja",
            "name": "\u65e5\u672c\u8a9e"
        }
    ],
    "status": "Released",
    "tagline": "The Fate Of The World Rests On The Courage Of One Warrior.",
    "title": "Princess Mononoke",
    "video": false,
    "vote_average": 8.4,
    "vote_count": 5905
}