{
    "adult": false,
    "backdrop_path": "/gv0p6gQM6tDkJFx2UpURWyCAjPn.jpg",
    "belongs_to_collection": null,
    "budget": 46000000,
    "genres": [
        {
            "id": 18,
            "name": "Drama"
        },
        {
            "id": 53,
            "name": "Thriller"
        },
        {
            "id": 80,
            "name": "Crime"
        }
    ],
    "homepage": "http://prisonersmovie.warnerbros.com/",
    "id": 146233,
    "imdb_id": "tt1392214",
    "original_language": "en",
    "original_title": "Prisoners",
    "overview": "Keller Dover faces a parent's worst nightmare when his 6-year-old daughter, Anna, and her friend go missing. The only lead is an old motorhome that had been parked on their street. The head of the investigation, Detective Loki, arrests the driver, but a lack of evidence forces Loki to release his only suspect. Dover, knowing that his daughter's life is at stake, decides that he has no choice but to take matters into his own hands.",
    "popularity": 50.847,
    "poster_path": "/tuZhZ6biFMr5n9YSVuHOJnNL1uU.jpg",
    "production_companies": [
        {
            "id": 12199,
            "logo_path": "/gYYIgHpgRsyhyUkeFev1GnwBqHb.png",
            "name": "Madhouse Entertainment",
            "origin_country": "US"
        },
        {
            "id": 1088,
            "logo_path": "/9WOE5AQUXbOtLU6GTwfjS8OMF0v.png",
            "name": "Alcon Entertainment",
            "origin_country": "US"
        },
        {
            "id": 18208,
            "logo_path": null,
            "name": "8:38 Productions",
            "origin_country": ""
        },
        {
            "id": 174,
            "logo_path": "/IuAlhI9eVC9Z8UQWOIDdWRKSEJ.png",
            "name": "Warner Bros. Pictures",
            "origin_country": "US"
        },
        {
            "id": 491,
            "logo_path": "/rUp0lLKa1pr4UsPm8fgzmnNGxtq.png",
            "name": "Summit Entertainment",
            "origin_country": "US"
        }
    ],
    "production_countries": [
        {
            "iso_3166_1": "US",
            "name": "United States of America"
        }
    ],
    "release_date": "2013-09-18",
    "revenue": 122126687,
    "runtime": 153,
    "spoken_languages": [
        {
            "english_name": "English",
            "iso_639_1": "en",
            "name": "English"
        }
    ],
    "status": "Released",
    "tagline": "Every moment matters.",
    "title": "Prisoners",
    "video": false,
    "vote_average": 8.0,
    "vote_count": 8583
}