{
    "adult": false,
    "backdrop_path": "/5A9dsIpb7876nU9QrWEGziDmj0r.jpg",
    "belongs_to_collection": {
        "backdrop_path": "/qawcCCyJNcdOpDRuXo5aJJycecY.jpg",
        "id": 119674,
        "name": "Psycho Collection",
        "poster_path": "/3FIOaKjbNBTu4fnGfho0tsx3ktM.jpg"
    },
    "budget": 806947,
    "genres": [
        {
            "id": 27,
            "name": "Horror"
        },
        {
            "id": 18,
            "name": "Drama"
        },
        {
            "id": 53,
            "name": "Thriller"
        }
    ],
    "homepage": "",
    "id": 539,
    "imdb_id": "tt0054215",
    "original_language": "en",
    "original_title": "Psycho",
    "overview": "When larcenous real estate clerk Marion Crane goes on the lam with a wad of cash and hopes of starting a new life, she ends up at the notorious Bates Motel, where manager Norman Bates cares for his housebound mother.",
    "popularity": 41.84,
    "poster_path": "/nXjkXxpsE7ZGRCVd6PKkrf9tgsL.jpg",
    "production_companies": [
        {
            "id": 10717,
            "logo_path": null,
            "name": "Shamley Productions",
            "origin_country": "US"
        }
    ],
    "production_countries": [
        {
            "iso_3166_1": "US",
            "name": "United States of America"
        }
    ],
    "release_date": "1960-06-22",
    "revenue": 32000000,
    "runtime": 109,
    "spoken_languages": [
        {
            "english_name": "English",
            "iso_639_1": "en",
            "name": "English"
        }
    ],
    "status": "Released",
    "tagline": "A new\u2014and altogether different\u2014screen excitement!",
    "title": "Psycho",
    "video": false,
    "vote_average": 8.4,
    "vote_count": 7715
}