{
    "adult": false,
    "backdrop_path": "/suaEOtk1N1sgg2MTM7oZd2cfVp3.jpg",
    "belongs_to_collection": null,
    "budget": 8000000,
    "genres": [
        {
            "id": 53,
            "name": "Thriller"
        },
        {
            "id": 80,
            "name": "Crime"
        }
    ],
    "homepage": "https://www.miramax.com/movie/pulp-fiction/",
    "id": 680,
    "imdb_id": "tt0110912",
    "original_language": "en",
    "original_title": "Pulp Fiction",
    "overview": "A burger-loving hit man, his philosophical partner, a drug-addled gangster's moll and a washed-up boxer converge in this sprawling, comedic crime caper. Their adventures unfurl in three stories that ingeniously trip back and forth in time.",
    "popularity": 56.421,
    "poster_path": "/d5iIlFn5s0ImszYzBPb8JPIfbXD.jpg",
    "production_companies": [
        {
            "id": 14,
            "logo_path": "/m6AHu84oZQxvq7n1rsvMNJIAsMu.png",
            "name": "Miramax",
            "origin_country": "US"
        },
        {
            "id": 59,
            "logo_path": "/yH7OMeSxhfP0AVM6iT0rsF3F4ZC.png",
            "name": "A Band Apart",
            "origin_country": "US"
        },
        {
            "id": 216,
            "logo_path": null,
            "name": "Jersey Films",
            "origin_country": "US"
        }
    ],
    "production_countries": [
        {
            "iso_3166_1": "US",
            "name": "United States of America"
        }
    ],
    "release_date": "1994-09-10",
    "revenue": 214179088,
    "runtime": 154,
    "spoken_languages": [
        {
            "english_name": "English",
            "iso_639_1": "en",
            "name": "English"
        },
        {
            "english_name": "Spanish",
            "iso_639_1": "es",
            "name": "Espa\u00f1ol"
        },
        {
            "english_name": "French",
            "iso_639_1": "fr",
            "name": "Fran\u00e7ais"
        }
    ],
    "status": "Released",
    "tagline": "Just because you are a character doesn't mean you have character.",
    "title": "Pulp Fiction",
    "video": false,
    "vote_average": 8.5,
    "vote_count": 22014
}