{
    "adult": false,
    "backdrop_path": "/6t4jqCok1yGBn7z7CKlCsWsjoNX.jpg",
    "belongs_to_collection": null,
    "budget": 18000000,
    "genres": [
        {
            "id": 18,
            "name": "Drama"
        },
        {
            "id": 36,
            "name": "History"
        }
    ],
    "homepage": "",
    "id": 1578,
    "imdb_id": "tt0081398",
    "original_language": "en",
    "original_title": "Raging Bull",
    "overview": "The life of boxer Jake LaMotta, whose violence and temper that led him to the top in the ring destroyed his life outside of it.",
    "popularity": 18.639,
    "poster_path": "/snwFkbVGnRX9dcswxDPSBBEsN9r.jpg",
    "production_companies": [
        {
            "id": 60,
            "logo_path": "/oJXpAs4I3W46e4dkaOEzCa4yBko.png",
            "name": "United Artists",
            "origin_country": "US"
        }
    ],
    "production_countries": [
        {
            "iso_3166_1": "US",
            "name": "United States of America"
        }
    ],
    "release_date": "1980-11-14",
    "revenue": 23000000,
    "runtime": 129,
    "spoken_languages": [
        {
            "english_name": "English",
            "iso_639_1": "en",
            "name": "English"
        }
    ],
    "status": "Released",
    "tagline": "",
    "title": "Raging Bull",
    "video": false,
    "vote_average": 8.0,
    "vote_count": 3119
}