{
    "adult": false,
    "backdrop_path": "/gfR3GEClL7WrNpQOg8mcPhM8fx6.jpg",
    "belongs_to_collection": null,
    "budget": 11500005,
    "genres": [
        {
            "id": 28,
            "name": "Action"
        },
        {
            "id": 18,
            "name": "Drama"
        },
        {
            "id": 36,
            "name": "History"
        }
    ],
    "homepage": "",
    "id": 11645,
    "imdb_id": "tt0089881",
    "original_language": "ja",
    "original_title": "\u4e71",
    "overview": "With Ran, legendary director Akira Kurosawa reimagines Shakespeare's King Lear as a singular historical epic set in sixteenth-century Japan. Majestic in scope, the film is Kurosawa's late-life masterpiece, a profound examination of the folly of war and the crumbling of one family under the weight of betrayal, greed, and the insatiable thirst for power.",
    "popularity": 17.679,
    "poster_path": "/jQnUtWaHYfqnXPOIf77K7Ycqk4M.jpg",
    "production_companies": [
        {
            "id": 1598,
            "logo_path": null,
            "name": "Herald Nippon",
            "origin_country": "JP"
        },
        {
            "id": 1657,
            "logo_path": null,
            "name": "Greenwich Film Production",
            "origin_country": "FR"
        },
        {
            "id": 8886,
            "logo_path": null,
            "name": "Herald Ace",
            "origin_country": "JP"
        },
        {
            "id": 882,
            "logo_path": "/fRSWWjquvzcHjACbtF53utZFIll.png",
            "name": "Toho Co.",
            "origin_country": "JP"
        }
    ],
    "production_countries": [
        {
            "iso_3166_1": "JP",
            "name": "Japan"
        },
        {
            "iso_3166_1": "FR",
            "name": "France"
        }
    ],
    "release_date": "1985-06-01",
    "revenue": 11859533,
    "runtime": 160,
    "spoken_languages": [
        {
            "english_name": "Japanese",
            "iso_639_1": "ja",
            "name": "\u65e5\u672c\u8a9e"
        }
    ],
    "status": "Released",
    "tagline": "The Greatest Shakespeare Film.",
    "title": "Ran",
    "video": false,
    "vote_average": 8.1,
    "vote_count": 1025
}