{
    "adult": false,
    "backdrop_path": "/zyO6j74DKMWfp5snWg6Hwo0T3Mz.jpg",
    "belongs_to_collection": null,
    "budget": 250000,
    "genres": [
        {
            "id": 80,
            "name": "Crime"
        },
        {
            "id": 18,
            "name": "Drama"
        },
        {
            "id": 9648,
            "name": "Mystery"
        }
    ],
    "homepage": "",
    "id": 548,
    "imdb_id": "tt0042876",
    "original_language": "ja",
    "original_title": "\u7f85\u751f\u9580",
    "overview": "Brimming with action while incisively examining the nature of truth, \"Rashomon\" is perhaps the finest film ever to investigate the philosophy of justice. Through an ingenious use of camera and flashbacks, Kurosawa reveals the complexities of human nature as four people recount different versions of the story of a man's murder and the rape of his wife.",
    "popularity": 19.437,
    "poster_path": "/vL7Xw04nFMHwnvXRFCmYYAzMUvY.jpg",
    "production_companies": [
        {
            "id": 880,
            "logo_path": "/vwhPRAZ4lhUtSuaifk4Au2MIm92.png",
            "name": "Daiei Film",
            "origin_country": "JP"
        }
    ],
    "production_countries": [
        {
            "iso_3166_1": "JP",
            "name": "Japan"
        }
    ],
    "release_date": "1950-08-26",
    "revenue": 96568,
    "runtime": 88,
    "spoken_languages": [
        {
            "english_name": "Japanese",
            "iso_639_1": "ja",
            "name": "\u65e5\u672c\u8a9e"
        }
    ],
    "status": "Released",
    "tagline": "The husband, the wife\u2026 or the bandit?",
    "title": "Rashomon",
    "video": false,
    "vote_average": 8.2,
    "vote_count": 1483
}