{
    "adult": false,
    "backdrop_path": "/zGs5tZOlvc9cprdcU6kDOVNpujf.jpg",
    "belongs_to_collection": null,
    "budget": 1000000,
    "genres": [
        {
            "id": 53,
            "name": "Thriller"
        },
        {
            "id": 9648,
            "name": "Mystery"
        }
    ],
    "homepage": "",
    "id": 567,
    "imdb_id": "tt0047396",
    "original_language": "en",
    "original_title": "Rear Window",
    "overview": "A wheelchair-bound photographer spies on his neighbors from his apartment window and becomes convinced one of them has committed murder.",
    "popularity": 21.19,
    "poster_path": "/qitnZcLP7C9DLRuPpmvZ7GiEjJN.jpg",
    "production_companies": [
        {
            "id": 10715,
            "logo_path": null,
            "name": "Alfred J. Hitchcock Productions",
            "origin_country": "US"
        },
        {
            "id": 4,
            "logo_path": "/fycMZt242LVjagMByZOLUGbCvv3.png",
            "name": "Paramount",
            "origin_country": "US"
        }
    ],
    "production_countries": [
        {
            "iso_3166_1": "US",
            "name": "United States of America"
        }
    ],
    "release_date": "1954-09-01",
    "revenue": 37034514,
    "runtime": 112,
    "spoken_languages": [
        {
            "english_name": "English",
            "iso_639_1": "en",
            "name": "English"
        }
    ],
    "status": "Released",
    "tagline": "It only takes one witness to spoil the perfect crime.",
    "title": "Rear Window",
    "video": false,
    "vote_average": 8.4,
    "vote_count": 4772
}