{
    "adult": false,
    "backdrop_path": "/jKgLVAhoq4fXBs1C9Gjvap93fxd.jpg",
    "belongs_to_collection": null,
    "budget": 1288000,
    "genres": [
        {
            "id": 9648,
            "name": "Mystery"
        },
        {
            "id": 18,
            "name": "Drama"
        },
        {
            "id": 53,
            "name": "Thriller"
        },
        {
            "id": 10749,
            "name": "Romance"
        }
    ],
    "homepage": "",
    "id": 223,
    "imdb_id": "tt0032976",
    "original_language": "en",
    "original_title": "Rebecca",
    "overview": "Story of a young woman who marries a fascinating widower only to find out that she must live in the shadow of his former wife, Rebecca, who died mysteriously several years earlier. The young wife must come to grips with the terrible secret of her handsome, cold husband, Max De Winter. She must also deal with the jealous, obsessed Mrs. Danvers, the housekeeper, who will not accept her as the mistress of the house.",
    "popularity": 18.888,
    "poster_path": "/3Gla0nxHboX3nxQzaU4SoqOtTjh.jpg",
    "production_companies": [
        {
            "id": 1553,
            "logo_path": null,
            "name": "Selznick International Pictures",
            "origin_country": "US"
        },
        {
            "id": 60,
            "logo_path": "/oJXpAs4I3W46e4dkaOEzCa4yBko.png",
            "name": "United Artists",
            "origin_country": "US"
        }
    ],
    "production_countries": [
        {
            "iso_3166_1": "US",
            "name": "United States of America"
        }
    ],
    "release_date": "1940-03-23",
    "revenue": 6000000,
    "runtime": 130,
    "spoken_languages": [
        {
            "english_name": "English",
            "iso_639_1": "en",
            "name": "English"
        },
        {
            "english_name": "French",
            "iso_639_1": "fr",
            "name": "Fran\u00e7ais"
        }
    ],
    "status": "Released",
    "tagline": "The shadow of this woman darkened their love.",
    "title": "Rebecca",
    "video": false,
    "vote_average": 7.9,
    "vote_count": 1180
}