{
    "adult": false,
    "backdrop_path": "/c5g1Dn1tF22CS2oOvHDNKr1Ve2U.jpg",
    "belongs_to_collection": null,
    "budget": 4500000,
    "genres": [
        {
            "id": 80,
            "name": "Crime"
        },
        {
            "id": 18,
            "name": "Drama"
        }
    ],
    "homepage": "http://www.requiemforadream.com/",
    "id": 641,
    "imdb_id": "tt0180093",
    "original_language": "en",
    "original_title": "Requiem for a Dream",
    "overview": "The hopes and dreams of four ambitious people are shattered when their drug addictions begin spiraling out of control. A look into addiction and how it overcomes the mind and body.",
    "popularity": 12.746,
    "poster_path": "/a1BrBoErndBAYEZZEJaotIJ6CE1.jpg",
    "production_companies": [
        {
            "id": 2188,
            "logo_path": null,
            "name": "Artisan Entertainment",
            "origin_country": "US"
        },
        {
            "id": 380,
            "logo_path": null,
            "name": "Thousand Words",
            "origin_country": "US"
        },
        {
            "id": 7503,
            "logo_path": "/3K8wbNkTn7O4wX89ucnp1ZYR1XF.png",
            "name": "Protozoa Pictures",
            "origin_country": "US"
        }
    ],
    "production_countries": [
        {
            "iso_3166_1": "US",
            "name": "United States of America"
        }
    ],
    "release_date": "2000-10-06",
    "revenue": 7390108,
    "runtime": 102,
    "spoken_languages": [
        {
            "english_name": "English",
            "iso_639_1": "en",
            "name": "English"
        }
    ],
    "status": "Released",
    "tagline": "",
    "title": "Requiem for a Dream",
    "video": false,
    "vote_average": 8.0,
    "vote_count": 7613
}