{
    "adult": false,
    "backdrop_path": "/iP2tEA2A77qhbhRfcFkiD6WFOqH.jpg",
    "belongs_to_collection": {
        "backdrop_path": "/d8duYyyC9J5T825Hg7grmaabfxQ.jpg",
        "id": 10,
        "name": "Star Wars Collection",
        "poster_path": "/tdQzRSk4PXX6hzjLcQWHafYtZTI.jpg"
    },
    "budget": 32350000,
    "genres": [
        {
            "id": 12,
            "name": "Adventure"
        },
        {
            "id": 28,
            "name": "Action"
        },
        {
            "id": 878,
            "name": "Science Fiction"
        }
    ],
    "homepage": "http://www.starwars.com/films/star-wars-episode-vi-return-of-the-jedi",
    "id": 1892,
    "imdb_id": "tt0086190",
    "original_language": "en",
    "original_title": "Return of the Jedi",
    "overview": "Luke Skywalker leads a mission to rescue his friend Han Solo from the clutches of Jabba the Hutt, while the Emperor seeks to destroy the Rebellion once and for all with a second dreaded Death Star.",
    "popularity": 27.214,
    "poster_path": "/mDCBQNhR6R0PVFucJl0O4Hp5klZ.jpg",
    "production_companies": [
        {
            "id": 1,
            "logo_path": "/o86DbpburjxrqAzEDhXZcyE8pDb.png",
            "name": "Lucasfilm Ltd.",
            "origin_country": "US"
        },
        {
            "id": 25,
            "logo_path": "/qZCc1lty5FzX30aOCVRBLzaVmcp.png",
            "name": "20th Century Fox",
            "origin_country": "US"
        }
    ],
    "production_countries": [
        {
            "iso_3166_1": "US",
            "name": "United States of America"
        }
    ],
    "release_date": "1983-05-25",
    "revenue": 572700000,
    "runtime": 135,
    "spoken_languages": [
        {
            "english_name": "English",
            "iso_639_1": "en",
            "name": "English"
        }
    ],
    "status": "Released",
    "tagline": "The Empire Falls...",
    "title": "Return of the Jedi",
    "video": false,
    "vote_average": 7.9,
    "vote_count": 12011
}