{
    "adult": false,
    "backdrop_path": "/wC36tEU7AqP5llAvjXkZhZ248tX.jpg",
    "belongs_to_collection": {
        "backdrop_path": "/JhGydj4q5y8MoWZFyj15yKNrzC.jpg",
        "id": 1575,
        "name": "Rocky Collection",
        "poster_path": "/O66XFv0mU6JKfmrgkoTQLwbFDG.jpg"
    },
    "budget": 1000000,
    "genres": [
        {
            "id": 18,
            "name": "Drama"
        }
    ],
    "homepage": "https://www.20thcenturystudios.com/movies/rocky",
    "id": 1366,
    "imdb_id": "tt0075148",
    "original_language": "en",
    "original_title": "Rocky",
    "overview": "When world heavyweight boxing champion, Apollo Creed wants to give an unknown fighter a shot at the title as a publicity stunt, his handlers choose palooka Rocky Balboa, an uneducated collector for a Philadelphia loan shark. Rocky teams up with trainer  Mickey Goldmill to make the most of this once in a lifetime break.",
    "popularity": 43.882,
    "poster_path": "/xtkWmgPIeJ0SqCZyyxiTSsbZXvR.jpg",
    "production_companies": [
        {
            "id": 8880,
            "logo_path": "/fE7LBw7Jz8R29EABFGCvWNriZxN.png",
            "name": "Winkler Films",
            "origin_country": "US"
        },
        {
            "id": 60,
            "logo_path": "/oJXpAs4I3W46e4dkaOEzCa4yBko.png",
            "name": "United Artists",
            "origin_country": "US"
        }
    ],
    "production_countries": [
        {
            "iso_3166_1": "US",
            "name": "United States of America"
        }
    ],
    "release_date": "1976-11-21",
    "revenue": 117235147,
    "runtime": 120,
    "spoken_languages": [
        {
            "english_name": "English",
            "iso_639_1": "en",
            "name": "English"
        }
    ],
    "status": "Released",
    "tagline": "His whole life was a million-to-one shot.",
    "title": "Rocky",
    "video": false,
    "vote_average": 7.8,
    "vote_count": 5707
}