{
    "adult": false,
    "backdrop_path": "/pUKIUdLMHvPkCs5pQeB2TFhPSYM.jpg",
    "belongs_to_collection": null,
    "budget": 13000000,
    "genres": [
        {
            "id": 18,
            "name": "Drama"
        },
        {
            "id": 53,
            "name": "Thriller"
        }
    ],
    "homepage": "http://www.roomthemovie.com",
    "id": 264644,
    "imdb_id": "tt3170832",
    "original_language": "en",
    "original_title": "Room",
    "overview": "Held captive for 7 years in an enclosed space, a woman and her young son finally gain their freedom, allowing the boy to experience the outside world for the first time.",
    "popularity": 26.352,
    "poster_path": "/pCURNjeomWbMSdiP64gj8NVVHTQ.jpg",
    "production_companies": [
        {
            "id": 82552,
            "logo_path": "/cLEXKtCpRQs0meQwT7HK6u3QmRH.png",
            "name": "Elevation Pictures",
            "origin_country": "CA"
        },
        {
            "id": 806,
            "logo_path": "/kcNh09qqR2Pkw1JAzRW4CommrW4.png",
            "name": "T\u00e9l\u00e9film Canada",
            "origin_country": "CA"
        },
        {
            "id": 3353,
            "logo_path": "/qv2v9HaStUTRjqonODM29YG0oFX.png",
            "name": "Element Pictures",
            "origin_country": "IE"
        },
        {
            "id": 7493,
            "logo_path": "/452FO4LcI6lA6bfgl6w1kQYRBlr.png",
            "name": "FilmNation Entertainment",
            "origin_country": "US"
        },
        {
            "id": 35846,
            "logo_path": "/tOJlsgZNRdMurnJgSiuRFIUz0te.png",
            "name": "No Trace Camping",
            "origin_country": "US"
        },
        {
            "id": 6705,
            "logo_path": "/e8EXNSfwr5E9d3TR8dHKbQnQK4W.png",
            "name": "Film4 Productions",
            "origin_country": "GB"
        },
        {
            "id": 1898,
            "logo_path": "/a2gst8022qi5g3sFxJIWeKVd2aK.png",
            "name": "Screen Ireland",
            "origin_country": "IE"
        }
    ],
    "production_countries": [
        {
            "iso_3166_1": "CA",
            "name": "Canada"
        },
        {
            "iso_3166_1": "IE",
            "name": "Ireland"
        },
        {
            "iso_3166_1": "GB",
            "name": "United Kingdom"
        },
        {
            "iso_3166_1": "US",
            "name": "United States of America"
        }
    ],
    "release_date": "2015-10-16",
    "revenue": 35401758,
    "runtime": 118,
    "spoken_languages": [
        {
            "english_name": "English",
            "iso_639_1": "en",
            "name": "English"
        }
    ],
    "status": "Released",
    "tagline": "Love knows no boundaries",
    "title": "Room",
    "video": false,
    "vote_average": 8.1,
    "vote_count": 7600
}