{
    "adult": false,
    "backdrop_path": "/mtDWRsP7XBiAcmDY6bgvQXfZ6sG.jpg",
    "belongs_to_collection": null,
    "budget": 38000000,
    "genres": [
        {
            "id": 18,
            "name": "Drama"
        },
        {
            "id": 28,
            "name": "Action"
        }
    ],
    "homepage": "",
    "id": 96721,
    "imdb_id": "tt1979320",
    "original_language": "en",
    "original_title": "Rush",
    "overview": "A biographical drama centered on the rivalry between Formula 1 drivers James Hunt and Niki Lauda during the 1976 Formula One motor-racing season.",
    "popularity": 25.611,
    "poster_path": "/uWcMgxO3p3qwVFUxsRz1HbTzGvT.jpg",
    "production_companies": [
        {
            "id": 31922,
            "logo_path": null,
            "name": "Double Negative",
            "origin_country": ""
        },
        {
            "id": 11448,
            "logo_path": "/twhX9HMUuGW4Mhb45AyWDhRqkvR.png",
            "name": "Exclusive Media",
            "origin_country": "US"
        },
        {
            "id": 10246,
            "logo_path": "/rREvQNWAxkDfY9CDn2c5YxEMPdP.png",
            "name": "Cross Creek Pictures",
            "origin_country": "US"
        },
        {
            "id": 163,
            "logo_path": null,
            "name": "Revolution Films",
            "origin_country": "GB"
        },
        {
            "id": 10163,
            "logo_path": "/16KWBMmfPX0aJzDExDrPxSLj0Pg.png",
            "name": "Working Title Films",
            "origin_country": "GB"
        },
        {
            "id": 23,
            "logo_path": "/mkxNjThahj5pvntvYKVpMbWXm3D.png",
            "name": "Imagine Entertainment",
            "origin_country": "US"
        },
        {
            "id": 33,
            "logo_path": "/8lvHyhjr8oUKOOy2dKXoALWKdp0.png",
            "name": "Universal Pictures",
            "origin_country": "US"
        }
    ],
    "production_countries": [
        {
            "iso_3166_1": "DE",
            "name": "Germany"
        },
        {
            "iso_3166_1": "GB",
            "name": "United Kingdom"
        },
        {
            "iso_3166_1": "US",
            "name": "United States of America"
        }
    ],
    "release_date": "2013-09-02",
    "revenue": 90247624,
    "runtime": 123,
    "spoken_languages": [
        {
            "english_name": "English",
            "iso_639_1": "en",
            "name": "English"
        },
        {
            "english_name": "German",
            "iso_639_1": "de",
            "name": "Deutsch"
        },
        {
            "english_name": "Italian",
            "iso_639_1": "it",
            "name": "Italiano"
        },
        {
            "english_name": "French",
            "iso_639_1": "fr",
            "name": "Fran\u00e7ais"
        }
    ],
    "status": "Released",
    "tagline": "Everyone's driven by something.",
    "title": "Rush",
    "video": false,
    "vote_average": 7.7,
    "vote_count": 5583
}