{
    "adult": false,
    "backdrop_path": "/i5H7zusQGsysGQ8i6P361Vnr0n2.jpg",
    "belongs_to_collection": null,
    "budget": 33000000,
    "genres": [
        {
            "id": 80,
            "name": "Crime"
        },
        {
            "id": 9648,
            "name": "Mystery"
        },
        {
            "id": 53,
            "name": "Thriller"
        }
    ],
    "homepage": "http://www.sevenmovie.com/",
    "id": 807,
    "imdb_id": "tt0114369",
    "original_language": "en",
    "original_title": "Se7en",
    "overview": "Two homicide detectives are on a desperate hunt for a serial killer whose crimes are based on the \"seven deadly sins\" in this dark and haunting film that takes viewers from the tortured remains of one victim to the next. The seasoned Det. Sommerset researches each sin in an effort to get inside the killer's mind, while his novice partner, Mills, scoffs at his efforts to unravel the case.",
    "popularity": 43.139,
    "poster_path": "/69Sns8WoET6CfaYlIkHbla4l7nC.jpg",
    "production_companies": [
        {
            "id": 12,
            "logo_path": "/iaYpEp3LQmb8AfAtmTvpqd4149c.png",
            "name": "New Line Cinema",
            "origin_country": "US"
        },
        {
            "id": 4286,
            "logo_path": null,
            "name": "Juno Pix",
            "origin_country": ""
        },
        {
            "id": 65393,
            "logo_path": null,
            "name": "Cecchi Gori Pictures",
            "origin_country": ""
        }
    ],
    "production_countries": [
        {
            "iso_3166_1": "US",
            "name": "United States of America"
        }
    ],
    "release_date": "1995-09-22",
    "revenue": 327311859,
    "runtime": 127,
    "spoken_languages": [
        {
            "english_name": "English",
            "iso_639_1": "en",
            "name": "English"
        }
    ],
    "status": "Released",
    "tagline": "Seven deadly sins. Seven ways to die.",
    "title": "Se7en",
    "video": false,
    "vote_average": 8.3,
    "vote_count": 15992
}