{
    "adult": false,
    "backdrop_path": "/qvZ91FwMq6O47VViAr8vZNQz3WI.jpg",
    "belongs_to_collection": null,
    "budget": 2000000,
    "genres": [
        {
            "id": 28,
            "name": "Action"
        },
        {
            "id": 18,
            "name": "Drama"
        }
    ],
    "homepage": "",
    "id": 346,
    "imdb_id": "tt0047478",
    "original_language": "ja",
    "original_title": "\u4e03\u4eba\u306e\u4f8d",
    "overview": "A samurai answers a village's request for protection after he falls on hard times. The town needs protection from bandits, so the samurai gathers six others to help him teach the people how to defend themselves, and the villagers provide the soldiers with food.",
    "popularity": 25.476,
    "poster_path": "/tGLc7BE56VkIfDJVRoT9GLMBUr9.jpg",
    "production_companies": [
        {
            "id": 882,
            "logo_path": "/fRSWWjquvzcHjACbtF53utZFIll.png",
            "name": "Toho Co.",
            "origin_country": "JP"
        }
    ],
    "production_countries": [
        {
            "iso_3166_1": "JP",
            "name": "Japan"
        }
    ],
    "release_date": "1954-04-26",
    "revenue": 271842,
    "runtime": 207,
    "spoken_languages": [
        {
            "english_name": "Japanese",
            "iso_639_1": "ja",
            "name": "\u65e5\u672c\u8a9e"
        }
    ],
    "status": "Released",
    "tagline": "The Mighty Warriors Who Became the Seven National Heroes of a Small Town",
    "title": "Seven Samurai",
    "video": false,
    "vote_average": 8.5,
    "vote_count": 2425
}