{
    "adult": false,
    "backdrop_path": "/v2SCnNZDZ7USonAWnsGtL4PUqHt.jpg",
    "belongs_to_collection": null,
    "budget": 0,
    "genres": [
        {
            "id": 28,
            "name": "Action"
        },
        {
            "id": 35,
            "name": "Comedy"
        },
        {
            "id": 9648,
            "name": "Mystery"
        }
    ],
    "homepage": "",
    "id": 992,
    "imdb_id": "tt0015324",
    "original_language": "en",
    "original_title": "Sherlock Jr.",
    "overview": "A film projectionist longs to be a detective, and puts his meagre skills to work when he is framed by a rival for stealing his girlfriend's father's pocketwatch.",
    "popularity": 8.897,
    "poster_path": "/1G9r3rqtbFAQuyWKOZm4Y5J5s7Q.jpg",
    "production_companies": [
        {
            "id": 16101,
            "logo_path": "/2yI4rjPZ1I7TLZ2UWvTtXifYEnw.png",
            "name": "Metro Pictures Corporation",
            "origin_country": "US"
        }
    ],
    "production_countries": [
        {
            "iso_3166_1": "US",
            "name": "United States of America"
        }
    ],
    "release_date": "1924-04-17",
    "revenue": 0,
    "runtime": 45,
    "spoken_languages": [
        {
            "english_name": "No Language",
            "iso_639_1": "xx",
            "name": "No Language"
        }
    ],
    "status": "Released",
    "tagline": "Every inch of footage holds such a laugh!",
    "title": "Sherlock Jr.",
    "video": false,
    "vote_average": 8.2,
    "vote_count": 604
}