{
    "adult": false,
    "backdrop_path": "/U8QRD7jvTXEYsUXq74IFKaSiL5.jpg",
    "belongs_to_collection": null,
    "budget": 80000000,
    "genres": [
        {
            "id": 18,
            "name": "Drama"
        },
        {
            "id": 53,
            "name": "Thriller"
        },
        {
            "id": 9648,
            "name": "Mystery"
        }
    ],
    "homepage": "http://www.shutterisland.com/",
    "id": 11324,
    "imdb_id": "tt1130884",
    "original_language": "en",
    "original_title": "Shutter Island",
    "overview": "World War II soldier-turned-U.S. Marshal Teddy Daniels investigates the disappearance of a patient from a hospital for the criminally insane, but his efforts are compromised by his troubling visions and also by a mysterious doctor.",
    "popularity": 58.839,
    "poster_path": "/52d7CAjnwh1cZXd2lhKaHVFMu0Q.jpg",
    "production_companies": [
        {
            "id": 11317,
            "logo_path": "/hMboqqmeILXFeOJjuCsn3FvCIT3.png",
            "name": "Phoenix Pictures",
            "origin_country": "US"
        },
        {
            "id": 4,
            "logo_path": "/fycMZt242LVjagMByZOLUGbCvv3.png",
            "name": "Paramount",
            "origin_country": "US"
        },
        {
            "id": 562,
            "logo_path": "/k3NsSdV854UX4zEReX1dl1Psxbb.png",
            "name": "Appian Way",
            "origin_country": "US"
        },
        {
            "id": 23243,
            "logo_path": null,
            "name": "Sikelia Productions",
            "origin_country": "US"
        }
    ],
    "production_countries": [
        {
            "iso_3166_1": "US",
            "name": "United States of America"
        }
    ],
    "release_date": "2010-02-14",
    "revenue": 294800000,
    "runtime": 138,
    "spoken_languages": [
        {
            "english_name": "English",
            "iso_639_1": "en",
            "name": "English"
        },
        {
            "english_name": "German",
            "iso_639_1": "de",
            "name": "Deutsch"
        }
    ],
    "status": "Released",
    "tagline": "Some places never let you go.",
    "title": "Shutter Island",
    "video": false,
    "vote_average": 8.2,
    "vote_count": 18759
}