{
    "adult": false,
    "backdrop_path": "/kOJHfBhGCeBjLjAWw2SHLAztlmf.jpg",
    "belongs_to_collection": null,
    "budget": 2540800,
    "genres": [
        {
            "id": 35,
            "name": "Comedy"
        },
        {
            "id": 10402,
            "name": "Music"
        },
        {
            "id": 10749,
            "name": "Romance"
        }
    ],
    "homepage": "",
    "id": 872,
    "imdb_id": "tt0045152",
    "original_language": "en",
    "original_title": "Singin' in the Rain",
    "overview": "In 1927 Hollywood, a silent film production company and cast make a difficult transition to sound.",
    "popularity": 14.503,
    "poster_path": "/w03EiJVHP8Un77boQeE7hg9DVdU.jpg",
    "production_companies": [
        {
            "id": 21,
            "logo_path": "/aOWKh4gkNrfFZ3Ep7n0ckPhoGb5.png",
            "name": "Metro-Goldwyn-Mayer",
            "origin_country": "US"
        }
    ],
    "production_countries": [
        {
            "iso_3166_1": "US",
            "name": "United States of America"
        }
    ],
    "release_date": "1952-04-09",
    "revenue": 7200000,
    "runtime": 103,
    "spoken_languages": [
        {
            "english_name": "English",
            "iso_639_1": "en",
            "name": "English"
        }
    ],
    "status": "Released",
    "tagline": "What a Glorious Feeling!",
    "title": "Singin' in the Rain",
    "video": false,
    "vote_average": 8.2,
    "vote_count": 2252
}