{
    "adult": false,
    "backdrop_path": "/jFKM4cMVeoXKy8Vez3RcV60WgNJ.jpg",
    "belongs_to_collection": null,
    "budget": 10000000,
    "genres": [
        {
            "id": 80,
            "name": "Crime"
        },
        {
            "id": 35,
            "name": "Comedy"
        }
    ],
    "homepage": "",
    "id": 107,
    "imdb_id": "tt0208092",
    "original_language": "en",
    "original_title": "Snatch",
    "overview": "Unscrupulous boxing promoters, violent bookmakers, a Russian gangster, incompetent amateur robbers and supposedly Jewish jewelers fight to track down a priceless stolen diamond.",
    "popularity": 19.313,
    "poster_path": "/56mOJth6DJ6JhgoE2jtpilVqJO.jpg",
    "production_companies": [
        {
            "id": 3287,
            "logo_path": "/bz6GbCQQXGNE56LTW9dwgksW0Iw.png",
            "name": "Screen Gems",
            "origin_country": "US"
        },
        {
            "id": 13419,
            "logo_path": null,
            "name": "SKA Films",
            "origin_country": ""
        },
        {
            "id": 5,
            "logo_path": "/71BqEFAF4V3qjjMPCpLuyJFB9A.png",
            "name": "Columbia Pictures",
            "origin_country": "US"
        }
    ],
    "production_countries": [
        {
            "iso_3166_1": "GB",
            "name": "United Kingdom"
        },
        {
            "iso_3166_1": "US",
            "name": "United States of America"
        }
    ],
    "release_date": "2000-09-01",
    "revenue": 83557872,
    "runtime": 104,
    "spoken_languages": [
        {
            "english_name": "English",
            "iso_639_1": "en",
            "name": "English"
        },
        {
            "english_name": "Russian",
            "iso_639_1": "ru",
            "name": "P\u0443\u0441\u0441\u043a\u0438\u0439"
        }
    ],
    "status": "Released",
    "tagline": "Stealin' stones and breakin' bones.",
    "title": "Snatch",
    "video": false,
    "vote_average": 7.8,
    "vote_count": 6936
}