{
    "adult": false,
    "backdrop_path": "/iSbhQqeDnkvFuP7QWwy0qeX0LYy.jpg",
    "belongs_to_collection": null,
    "budget": 2883848,
    "genres": [
        {
            "id": 35,
            "name": "Comedy"
        },
        {
            "id": 10402,
            "name": "Music"
        },
        {
            "id": 10749,
            "name": "Romance"
        },
        {
            "id": 80,
            "name": "Crime"
        }
    ],
    "homepage": "",
    "id": 239,
    "imdb_id": "tt0053291",
    "original_language": "en",
    "original_title": "Some Like It Hot",
    "overview": "Two musicians witness a mob hit and struggle to find a way out of the city before they are found by the gangsters. Their only opportunity is to join an all-girl band as they leave on a tour. To make their getaway they must first disguise themselves as women, then keep their identities secret and deal with the problems this brings - such as an attractive bandmate and a very determined suitor.",
    "popularity": 23.169,
    "poster_path": "/hVIKyTK13AvOGv7ICmJjK44DTzp.jpg",
    "production_companies": [
        {
            "id": 219,
            "logo_path": null,
            "name": "The Mirisch Company",
            "origin_country": "US"
        },
        {
            "id": 11982,
            "logo_path": null,
            "name": "Ashton Productions",
            "origin_country": ""
        },
        {
            "id": 60,
            "logo_path": "/oJXpAs4I3W46e4dkaOEzCa4yBko.png",
            "name": "United Artists",
            "origin_country": "US"
        }
    ],
    "production_countries": [
        {
            "iso_3166_1": "US",
            "name": "United States of America"
        }
    ],
    "release_date": "1959-03-19",
    "revenue": 25000000,
    "runtime": 122,
    "spoken_languages": [
        {
            "english_name": "English",
            "iso_639_1": "en",
            "name": "English"
        }
    ],
    "status": "Released",
    "tagline": "",
    "title": "Some Like It Hot",
    "video": false,
    "vote_average": 8.2,
    "vote_count": 2553
}