{
    "adult": false,
    "backdrop_path": "/bf9shWfUKyEB5oB7awJeKIoCehl.jpg",
    "belongs_to_collection": null,
    "budget": 19000000,
    "genres": [
        {
            "id": 16,
            "name": "Animation"
        },
        {
            "id": 10751,
            "name": "Family"
        },
        {
            "id": 14,
            "name": "Fantasy"
        }
    ],
    "homepage": "http://movies.disney.com/spirited-away",
    "id": 129,
    "imdb_id": "tt0245429",
    "original_language": "ja",
    "original_title": "\u5343\u3068\u5343\u5c0b\u306e\u795e\u96a0\u3057",
    "overview": "A young girl, Chihiro, becomes trapped in a strange new world of spirits. When her parents undergo a mysterious transformation, she must call upon the courage she never knew she had to free her family.",
    "popularity": 69.484,
    "poster_path": "/39wmItIWsg5sZMyRUHLkWBcuVCM.jpg",
    "production_companies": [
        {
            "id": 10342,
            "logo_path": "/eS79pslnoKbWg7t3PMA9ayl0bGs.png",
            "name": "Studio Ghibli",
            "origin_country": "JP"
        }
    ],
    "production_countries": [
        {
            "iso_3166_1": "JP",
            "name": "Japan"
        }
    ],
    "release_date": "2001-07-20",
    "revenue": 274925095,
    "runtime": 125,
    "spoken_languages": [
        {
            "english_name": "Japanese",
            "iso_639_1": "ja",
            "name": "\u65e5\u672c\u8a9e"
        }
    ],
    "status": "Released",
    "tagline": "",
    "title": "Spirited Away",
    "video": false,
    "vote_average": 8.5,
    "vote_count": 11987
}