{
    "adult": false,
    "backdrop_path": "/bF8GCJ3ZLlS5nLwDlL3CTljdXzN.jpg",
    "belongs_to_collection": null,
    "budget": 20000000,
    "genres": [
        {
            "id": 18,
            "name": "Drama"
        },
        {
            "id": 53,
            "name": "Thriller"
        },
        {
            "id": 36,
            "name": "History"
        }
    ],
    "homepage": "http://www.spotlightthefilm.com",
    "id": 314365,
    "imdb_id": "tt1895587",
    "original_language": "en",
    "original_title": "Spotlight",
    "overview": "The true story of how the Boston Globe uncovered the massive scandal of child molestation and cover-up within the local Catholic Archdiocese, shaking the entire Catholic Church to its core.",
    "popularity": 17.276,
    "poster_path": "/rBkptJyAMqCfoMwUGQfCpubroec.jpg",
    "production_companies": [
        {
            "id": 6735,
            "logo_path": "/pAQW38WU8ychBvYU2aGPTEbynEN.png",
            "name": "Participant",
            "origin_country": "US"
        },
        {
            "id": 10039,
            "logo_path": "/b8w4LldQolMKiLZw4FQJBcXSDGI.png",
            "name": "Anonymous Content",
            "origin_country": "US"
        },
        {
            "id": 42421,
            "logo_path": null,
            "name": "Rocklin / Faust",
            "origin_country": ""
        },
        {
            "id": 75807,
            "logo_path": "/bLzSVaxHIe8gzxhiSJCj0zI1Lj9.png",
            "name": "First Look Media",
            "origin_country": "US"
        },
        {
            "id": 10427,
            "logo_path": "/3u5sNgPRbba0ND3SUMXPTT7On9h.png",
            "name": "Open Road Films",
            "origin_country": "US"
        },
        {
            "id": 8147,
            "logo_path": "/q6HOAdSNgCbeOqwoMVRc6REgbXF.png",
            "name": "Entertainment One",
            "origin_country": "CA"
        },
        {
            "id": 99366,
            "logo_path": "/lFMRxW463eOrpupVjnMtYnMmhJo.png",
            "name": "Topic Studios",
            "origin_country": "US"
        }
    ],
    "production_countries": [
        {
            "iso_3166_1": "CA",
            "name": "Canada"
        },
        {
            "iso_3166_1": "US",
            "name": "United States of America"
        }
    ],
    "release_date": "2015-11-06",
    "revenue": 98690254,
    "runtime": 129,
    "spoken_languages": [
        {
            "english_name": "English",
            "iso_639_1": "en",
            "name": "English"
        }
    ],
    "status": "Released",
    "tagline": "Break the story. Break the silence.",
    "title": "Spotlight",
    "video": false,
    "vote_average": 7.8,
    "vote_count": 6819
}