{
    "adult": false,
    "backdrop_path": "/p47ihFj4A7EpBjmPHdTj4ipyq1S.jpg",
    "belongs_to_collection": null,
    "budget": 1752000,
    "genres": [
        {
            "id": 18,
            "name": "Drama"
        }
    ],
    "homepage": "",
    "id": 599,
    "imdb_id": "tt0043014",
    "original_language": "en",
    "original_title": "Sunset Boulevard",
    "overview": "A hack screenwriter writes a screenplay for a former silent film star who has faded into Hollywood obscurity.",
    "popularity": 16.022,
    "poster_path": "/zt8aQ6ksqK6p1AopC5zVTDS9pKT.jpg",
    "production_companies": [
        {
            "id": 4,
            "logo_path": "/fycMZt242LVjagMByZOLUGbCvv3.png",
            "name": "Paramount",
            "origin_country": "US"
        }
    ],
    "production_countries": [
        {
            "iso_3166_1": "US",
            "name": "United States of America"
        }
    ],
    "release_date": "1950-08-10",
    "revenue": 5000000,
    "runtime": 110,
    "spoken_languages": [
        {
            "english_name": "English",
            "iso_639_1": "en",
            "name": "English"
        }
    ],
    "status": "Released",
    "tagline": "A Hollywood Story",
    "title": "Sunset Boulevard",
    "video": false,
    "vote_average": 8.4,
    "vote_count": 1813
}