{
    "adult": false,
    "backdrop_path": "/6nPbmf5ctz3xFDWEMNokV4vUpyt.jpg",
    "belongs_to_collection": null,
    "budget": 0,
    "genres": [
        {
            "id": 18,
            "name": "Drama"
        },
        {
            "id": 10752,
            "name": "War"
        }
    ],
    "homepage": "",
    "id": 238628,
    "imdb_id": "tt2991224",
    "original_language": "et",
    "original_title": "Mandariinid",
    "overview": "War in Abkhazia, 1992. An Estonian man Ivo has stayed behind to harvest his crops of tangerines. In a bloody conflict at his door, a wounded man is left behind, and Ivo is forced to take him in.",
    "popularity": 9.713,
    "poster_path": "/jNKUXcwZr1vpgq7sGTCEqdngo4Z.jpg",
    "production_companies": [
        {
            "id": 6154,
            "logo_path": null,
            "name": "Allfilm",
            "origin_country": "EE"
        },
        {
            "id": 15326,
            "logo_path": "/u0ooNQKgjZqrXEf7zpRJqY1w0zx.png",
            "name": "Georgian-Film",
            "origin_country": "GE"
        }
    ],
    "production_countries": [
        {
            "iso_3166_1": "EE",
            "name": "Estonia"
        },
        {
            "iso_3166_1": "GE",
            "name": "Georgia"
        }
    ],
    "release_date": "2013-10-16",
    "revenue": 0,
    "runtime": 87,
    "spoken_languages": [
        {
            "english_name": "Estonian",
            "iso_639_1": "et",
            "name": "Eesti"
        },
        {
            "english_name": "Georgian",
            "iso_639_1": "ka",
            "name": "\u10e5\u10d0\u10e0\u10d7\u10e3\u10da\u10d8"
        },
        {
            "english_name": "Russian",
            "iso_639_1": "ru",
            "name": "P\u0443\u0441\u0441\u043a\u0438\u0439"
        }
    ],
    "status": "Released",
    "tagline": "",
    "title": "Tangerines",
    "video": false,
    "vote_average": 7.7,
    "vote_count": 345
}