{
    "adult": false,
    "backdrop_path": "/xKb6mtdfI5Qsggc44Hr9CCUDvaj.jpg",
    "belongs_to_collection": {
        "backdrop_path": "/cpmbkwSxZnKO69V82A9a34tvk2E.jpg",
        "id": 528,
        "name": "The Terminator Collection",
        "poster_path": "/kpZxdNsAV7qTdTLwKM5NLqa7GEo.jpg"
    },
    "budget": 102000000,
    "genres": [
        {
            "id": 28,
            "name": "Action"
        },
        {
            "id": 53,
            "name": "Thriller"
        },
        {
            "id": 878,
            "name": "Science Fiction"
        }
    ],
    "homepage": "https://www.lionsgate.com/movies/terminator-2-judgment-day",
    "id": 280,
    "imdb_id": "tt0103064",
    "original_language": "en",
    "original_title": "Terminator 2: Judgment Day",
    "overview": "Nearly 10 years have passed since Sarah Connor was targeted for termination by a cyborg from the future. Now her son, John, the future leader of the resistance, is the target for a newer, more deadly terminator. Once again, the resistance has managed to send a protector back to attempt to save John and his mother Sarah.",
    "popularity": 46.35,
    "poster_path": "/weVXMD5QBGeQil4HEATZqAkXeEc.jpg",
    "production_companies": [
        {
            "id": 559,
            "logo_path": "/eC0bWHVjnjUducyA6YFoEFqnPMC.png",
            "name": "TriStar Pictures",
            "origin_country": "US"
        },
        {
            "id": 694,
            "logo_path": "/5LEHONGkZBIoWvp1ygHOF8iyi1M.png",
            "name": "StudioCanal",
            "origin_country": "FR"
        },
        {
            "id": 73036,
            "logo_path": "/1gMrlkgIuNWkuigpF5EsCfkaczk.png",
            "name": "Valhalla Entertainment",
            "origin_country": "US"
        },
        {
            "id": 574,
            "logo_path": "/iB6GjNVHs5hOqcEYt2rcjBqIjki.png",
            "name": "Lightstorm Entertainment",
            "origin_country": "US"
        }
    ],
    "production_countries": [
        {
            "iso_3166_1": "FR",
            "name": "France"
        },
        {
            "iso_3166_1": "US",
            "name": "United States of America"
        }
    ],
    "release_date": "1991-07-03",
    "revenue": 520000000,
    "runtime": 137,
    "spoken_languages": [
        {
            "english_name": "English",
            "iso_639_1": "en",
            "name": "English"
        },
        {
            "english_name": "Spanish",
            "iso_639_1": "es",
            "name": "Espa\u00f1ol"
        }
    ],
    "status": "Released",
    "tagline": "It's nothing personal.",
    "title": "Terminator 2: Judgment Day",
    "video": false,
    "vote_average": 8.1,
    "vote_count": 9795
}