{
    "adult": false,
    "backdrop_path": "/A6Cq1Hjw8qe47DsLAi2nHmNcRyZ.jpg",
    "belongs_to_collection": null,
    "budget": 0,
    "genres": [
        {
            "id": 80,
            "name": "Crime"
        },
        {
            "id": 18,
            "name": "Drama"
        },
        {
            "id": 53,
            "name": "Thriller"
        }
    ],
    "homepage": "",
    "id": 26900,
    "imdb_id": "tt0116231",
    "original_language": "tr",
    "original_title": "E\u015fk\u0131ya",
    "overview": "Baran the Bandit, released from prison after serving 35 years, searches for vengeance against his former best friend who betrayed him and stole his lover, teaming up with a young punk with his own demons along the way.",
    "popularity": 5.566,
    "poster_path": "/8M2DKRBI9O79dSXGGbshugpQgor.jpg",
    "production_companies": [
        {
            "id": 75291,
            "logo_path": null,
            "name": "Geopoly",
            "origin_country": ""
        },
        {
            "id": 47853,
            "logo_path": null,
            "name": "Filma-Cass",
            "origin_country": "TR"
        },
        {
            "id": 75290,
            "logo_path": null,
            "name": "ArtCam",
            "origin_country": ""
        }
    ],
    "production_countries": [
        {
            "iso_3166_1": "TR",
            "name": "Turkey"
        }
    ],
    "release_date": "1996-11-29",
    "revenue": 0,
    "runtime": 128,
    "spoken_languages": [
        {
            "english_name": "Turkish",
            "iso_639_1": "tr",
            "name": "T\u00fcrk\u00e7e"
        }
    ],
    "status": "Released",
    "tagline": "",
    "title": "The Bandit",
    "video": false,
    "vote_average": 7.5,
    "vote_count": 216
}