{
    "adult": false,
    "backdrop_path": "/6TjllWT3cGrPFyqDXurVZ3L8bBi.jpg",
    "belongs_to_collection": null,
    "budget": 40000000,
    "genres": [
        {
            "id": 9648,
            "name": "Mystery"
        },
        {
            "id": 53,
            "name": "Thriller"
        },
        {
            "id": 18,
            "name": "Drama"
        }
    ],
    "homepage": "",
    "id": 745,
    "imdb_id": "tt0167404",
    "original_language": "en",
    "original_title": "The Sixth Sense",
    "overview": "Following an unexpected tragedy, a child psychologist named Malcolm Crowe meets an nine year old boy named Cole Sear, who is hiding a dark secret.",
    "popularity": 34.773,
    "poster_path": "/fIssD3w3SvIhPPmVo4WMgZDVLID.jpg",
    "production_companies": [
        {
            "id": 158,
            "logo_path": "/6SHlNIype9zmyEMRsBtoueUtLsq.png",
            "name": "Spyglass Entertainment",
            "origin_country": "US"
        },
        {
            "id": 862,
            "logo_path": "/udTjbqPmcTbfrihMuLtLcizDEM1.png",
            "name": "The Kennedy/Marshall Company",
            "origin_country": "US"
        },
        {
            "id": 915,
            "logo_path": "/4neXXpjSJDZPBGBnfWtqysB5htV.png",
            "name": "Hollywood Pictures",
            "origin_country": "US"
        },
        {
            "id": 17032,
            "logo_path": null,
            "name": "Barry Mendel Productions",
            "origin_country": "US"
        }
    ],
    "production_countries": [
        {
            "iso_3166_1": "US",
            "name": "United States of America"
        }
    ],
    "release_date": "1999-08-06",
    "revenue": 672806292,
    "runtime": 107,
    "spoken_languages": [
        {
            "english_name": "Latin",
            "iso_639_1": "la",
            "name": "Latin"
        },
        {
            "english_name": "Spanish",
            "iso_639_1": "es",
            "name": "Espa\u00f1ol"
        },
        {
            "english_name": "English",
            "iso_639_1": "en",
            "name": "English"
        }
    ],
    "status": "Released",
    "tagline": "Not every gift is a blessing.",
    "title": "The Sixth Sense",
    "video": false,
    "vote_average": 7.9,
    "vote_count": 8999
}