{
    "adult": false,
    "backdrop_path": "/nS4picOwj15APKzJeBCk6EBcMG5.jpg",
    "belongs_to_collection": {
        "backdrop_path": "/bccR2CGTWVVSZAG0yqmy3DIvhTX.jpg",
        "id": 119,
        "name": "The Lord of the Rings Collection",
        "poster_path": "/nSNle6UJNNuEbglNvXt67m1a1Yn.jpg"
    },
    "budget": 79000000,
    "genres": [
        {
            "id": 12,
            "name": "Adventure"
        },
        {
            "id": 14,
            "name": "Fantasy"
        },
        {
            "id": 28,
            "name": "Action"
        }
    ],
    "homepage": "http://www.lordoftherings.net/",
    "id": 121,
    "imdb_id": "tt0167261",
    "original_language": "en",
    "original_title": "The Lord of the Rings: The Two Towers",
    "overview": "Frodo and Sam are trekking to Mordor to destroy the One Ring of Power while Gimli, Legolas and Aragorn search for the orc-captured Merry and Pippin. All along, nefarious wizard Saruman awaits the Fellowship members at the Orthanc Tower in Isengard.",
    "popularity": 100.355,
    "poster_path": "/5VTN0pR8gcqV3EPUHHfMGnJYN9L.jpg",
    "production_companies": [
        {
            "id": 12,
            "logo_path": "/iaYpEp3LQmb8AfAtmTvpqd4149c.png",
            "name": "New Line Cinema",
            "origin_country": "US"
        },
        {
            "id": 11,
            "logo_path": "/6FAuASQHybRkZUk08p9PzSs9ezM.png",
            "name": "WingNut Films",
            "origin_country": "NZ"
        },
        {
            "id": 5237,
            "logo_path": null,
            "name": "The Saul Zaentz Company",
            "origin_country": "US"
        }
    ],
    "production_countries": [
        {
            "iso_3166_1": "NZ",
            "name": "New Zealand"
        },
        {
            "iso_3166_1": "US",
            "name": "United States of America"
        }
    ],
    "release_date": "2002-12-18",
    "revenue": 926287400,
    "runtime": 179,
    "spoken_languages": [
        {
            "english_name": "English",
            "iso_639_1": "en",
            "name": "English"
        }
    ],
    "status": "Released",
    "tagline": "A New Power Is Rising.",
    "title": "The Lord of the Rings: The Two Towers",
    "video": false,
    "vote_average": 8.4,
    "vote_count": 17248
}