{
    "adult": false,
    "backdrop_path": "/sdNPipjZoOJFuTBwH8EyEb5dsKv.jpg",
    "belongs_to_collection": null,
    "budget": 0,
    "genres": [
        {
            "id": 18,
            "name": "Drama"
        },
        {
            "id": 53,
            "name": "Thriller"
        },
        {
            "id": 12,
            "name": "Adventure"
        }
    ],
    "homepage": "",
    "id": 204,
    "imdb_id": "tt0046268",
    "original_language": "fr",
    "original_title": "Le Salaire de la peur",
    "overview": "In the South American jungle, supplies of nitroglycerine are needed at a remote oil field. The oil company pays four men to deliver the supplies in two trucks. A tense rivalry develops between the two sets of drivers on the rough remote roads where the slightest jolt can result in death.",
    "popularity": 7.613,
    "poster_path": "/dZyZSosIlWcpQkV0f7pXcrV2TQV.jpg",
    "production_companies": [
        {
            "id": 11788,
            "logo_path": null,
            "name": "Compagnie Industrielle et Commerciale Cin\u00e9matographique (CICC)",
            "origin_country": "FR"
        },
        {
            "id": 141,
            "logo_path": null,
            "name": "V\u00e9ra Films",
            "origin_country": "FR"
        },
        {
            "id": 144,
            "logo_path": null,
            "name": "Fono Roma",
            "origin_country": ""
        },
        {
            "id": 534,
            "logo_path": null,
            "name": "Filmsonor",
            "origin_country": "FR"
        }
    ],
    "production_countries": [
        {
            "iso_3166_1": "FR",
            "name": "France"
        },
        {
            "iso_3166_1": "IT",
            "name": "Italy"
        }
    ],
    "release_date": "1953-04-22",
    "revenue": 0,
    "runtime": 153,
    "spoken_languages": [
        {
            "english_name": "French",
            "iso_639_1": "fr",
            "name": "Fran\u00e7ais"
        },
        {
            "english_name": "English",
            "iso_639_1": "en",
            "name": "English"
        },
        {
            "english_name": "Spanish",
            "iso_639_1": "es",
            "name": "Espa\u00f1ol"
        },
        {
            "english_name": "Italian",
            "iso_639_1": "it",
            "name": "Italiano"
        },
        {
            "english_name": "German",
            "iso_639_1": "de",
            "name": "Deutsch"
        }
    ],
    "status": "Released",
    "tagline": "Dynamic Tremendous Shattering",
    "title": "The Wages of Fear",
    "video": false,
    "vote_average": 8.1,
    "vote_count": 576
}