{
    "adult": false,
    "backdrop_path": "/1YlaU9vXlD4K5EBGZKjaCb9rJb9.jpg",
    "belongs_to_collection": null,
    "budget": 5000000,
    "genres": [
        {
            "id": 18,
            "name": "Drama"
        },
        {
            "id": 36,
            "name": "History"
        }
    ],
    "homepage": "",
    "id": 1955,
    "imdb_id": "tt0080678",
    "original_language": "en",
    "original_title": "The Elephant Man",
    "overview": "A Victorian surgeon rescues a heavily disfigured man being mistreated by his \"owner\" as a side-show freak. Behind his monstrous fa\u00e7ade, there is revealed a person of great intelligence and sensitivity. Based on the true story of Joseph Merrick (called John Merrick in the film), a severely deformed man in 19th century London.",
    "popularity": 13.883,
    "poster_path": "/rk2lKgEtjF9HO9N2UFMRc2cMGdj.jpg",
    "production_companies": [
        {
            "id": 5612,
            "logo_path": null,
            "name": "Brooksfilms",
            "origin_country": ""
        },
        {
            "id": 4,
            "logo_path": "/fycMZt242LVjagMByZOLUGbCvv3.png",
            "name": "Paramount",
            "origin_country": "US"
        },
        {
            "id": 694,
            "logo_path": "/5LEHONGkZBIoWvp1ygHOF8iyi1M.png",
            "name": "StudioCanal",
            "origin_country": "FR"
        }
    ],
    "production_countries": [
        {
            "iso_3166_1": "GB",
            "name": "United Kingdom"
        },
        {
            "iso_3166_1": "US",
            "name": "United States of America"
        }
    ],
    "release_date": "1980-10-02",
    "revenue": 26010864,
    "runtime": 124,
    "spoken_languages": [
        {
            "english_name": "English",
            "iso_639_1": "en",
            "name": "English"
        }
    ],
    "status": "Released",
    "tagline": "I am not an animal! I am a human being! I \u2026 am \u2026 a man!",
    "title": "The Elephant Man",
    "video": false,
    "vote_average": 8.1,
    "vote_count": 2486
}