{
    "adult": false,
    "backdrop_path": "/A5sZ1OxIH5StZgqBE9MslgsWjK6.jpg",
    "belongs_to_collection": null,
    "budget": 800000,
    "genres": [
        {
            "id": 18,
            "name": "Drama"
        },
        {
            "id": 10752,
            "name": "War"
        },
        {
            "id": 36,
            "name": "History"
        }
    ],
    "homepage": "",
    "id": 17295,
    "imdb_id": "tt0058946",
    "original_language": "it",
    "original_title": "La battaglia di Algeri",
    "overview": "Tracing the struggle of the Algerian Front de Liberation Nationale to gain freedom from French colonial rule as seen through the eyes of Ali from his start as a petty thief to his rise to prominence in the organisation and capture by the French in 1957. The film traces the rebels' struggle and the increasingly extreme measures taken by the French government to quell the revolt.",
    "popularity": 9.195,
    "poster_path": "/9fHkCuYEKsu7j0xsI2HbBvlZNZc.jpg",
    "production_companies": [
        {
            "id": 3280,
            "logo_path": null,
            "name": "Igor Film",
            "origin_country": ""
        },
        {
            "id": 10207,
            "logo_path": null,
            "name": "Casbah Film",
            "origin_country": "DZ"
        }
    ],
    "production_countries": [
        {
            "iso_3166_1": "IT",
            "name": "Italy"
        },
        {
            "iso_3166_1": "DZ",
            "name": "Algeria"
        }
    ],
    "release_date": "1966-09-08",
    "revenue": 964028,
    "runtime": 121,
    "spoken_languages": [
        {
            "english_name": "English",
            "iso_639_1": "en",
            "name": "English"
        },
        {
            "english_name": "Arabic",
            "iso_639_1": "ar",
            "name": "\u0627\u0644\u0639\u0631\u0628\u064a\u0629"
        },
        {
            "english_name": "French",
            "iso_639_1": "fr",
            "name": "Fran\u00e7ais"
        }
    ],
    "status": "Released",
    "tagline": "The Revolt that Stirred the World!",
    "title": "The Battle of Algiers",
    "video": false,
    "vote_average": 8.0,
    "vote_count": 480
}