{
    "adult": false,
    "backdrop_path": "/3mxteiwtcCPjbYKlyC0WxY1G9J3.jpg",
    "belongs_to_collection": null,
    "budget": 2000000,
    "genres": [
        {
            "id": 18,
            "name": "Drama"
        },
        {
            "id": 53,
            "name": "Thriller"
        }
    ],
    "homepage": "",
    "id": 582,
    "imdb_id": "tt0405094",
    "original_language": "de",
    "original_title": "Das Leben der Anderen",
    "overview": "A tragic love story set in East Berlin with the backdrop of an undercover Stasi controlled culture. Stasi captain Wieler is ordered to follow author Dreyman and plunges deeper and deeper into his life until he reaches the threshold of doubting the system.",
    "popularity": 16.613,
    "poster_path": "/5BCyeLJHPcRwhu0YaRqUzw00JJ4.jpg",
    "production_companies": [
        {
            "id": 337,
            "logo_path": null,
            "name": "Creado Film",
            "origin_country": ""
        },
        {
            "id": 336,
            "logo_path": "/4YJDtfNDyI1ustIo6KttzEuIvQz.png",
            "name": "Wiedemann & Berg Film",
            "origin_country": "DE"
        },
        {
            "id": 1251,
            "logo_path": "/ucgmv8vBIA3Tr2VbqQ1NKYgkTsN.png",
            "name": "ARD",
            "origin_country": "DE"
        },
        {
            "id": 58,
            "logo_path": "/voYCwlBHJQANtjvm5MNIkCF1dDH.png",
            "name": "Sony Pictures Classics",
            "origin_country": "US"
        }
    ],
    "production_countries": [
        {
            "iso_3166_1": "DE",
            "name": "Germany"
        }
    ],
    "release_date": "2006-03-15",
    "revenue": 70000000,
    "runtime": 137,
    "spoken_languages": [
        {
            "english_name": "German",
            "iso_639_1": "de",
            "name": "Deutsch"
        }
    ],
    "status": "Released",
    "tagline": "Before the Fall of the Berlin Wall, East Germany's Secret Police Listened to Your Secrets.",
    "title": "The Lives of Others",
    "video": false,
    "vote_average": 8.1,
    "vote_count": 2690
}