{
    "adult": false,
    "backdrop_path": "/rSPw7tgCH9c6NqICZef4kZjFOQ5.jpg",
    "belongs_to_collection": {
        "backdrop_path": "/pGl7NqNhyncju3Qu8LGA7owciMW.jpg",
        "id": 230,
        "name": "The Godfather Collection",
        "poster_path": "/zqV8MGXfpLZiFVObLxpAI7wWonJ.jpg"
    },
    "budget": 6000000,
    "genres": [
        {
            "id": 18,
            "name": "Drama"
        },
        {
            "id": 80,
            "name": "Crime"
        }
    ],
    "homepage": "http://www.thegodfather.com/",
    "id": 238,
    "imdb_id": "tt0068646",
    "original_language": "en",
    "original_title": "The Godfather",
    "overview": "Spanning the years 1945 to 1955, a chronicle of the fictional Italian-American Corleone crime family. When organized crime family patriarch, Vito Corleone barely survives an attempt on his life, his youngest son, Michael steps in to take care of the would-be killers, launching a campaign of bloody revenge.",
    "popularity": 65.064,
    "poster_path": "/eEslKSwcqmiNS6va24Pbxf2UKmJ.jpg",
    "production_companies": [
        {
            "id": 4,
            "logo_path": "/fycMZt242LVjagMByZOLUGbCvv3.png",
            "name": "Paramount",
            "origin_country": "US"
        },
        {
            "id": 10211,
            "logo_path": null,
            "name": "Alfran Productions",
            "origin_country": "US"
        }
    ],
    "production_countries": [
        {
            "iso_3166_1": "US",
            "name": "United States of America"
        }
    ],
    "release_date": "1972-03-14",
    "revenue": 245066411,
    "runtime": 175,
    "spoken_languages": [
        {
            "english_name": "English",
            "iso_639_1": "en",
            "name": "English"
        },
        {
            "english_name": "Italian",
            "iso_639_1": "it",
            "name": "Italiano"
        },
        {
            "english_name": "Latin",
            "iso_639_1": "la",
            "name": "Latin"
        }
    ],
    "status": "Released",
    "tagline": "An offer you can't refuse.",
    "title": "The Godfather",
    "video": false,
    "vote_average": 8.7,
    "vote_count": 15009
}