{
    "adult": false,
    "backdrop_path": "/sj5R5SGor3YMFBuabMj8gPbyBmh.jpg",
    "belongs_to_collection": null,
    "budget": 3800000,
    "genres": [
        {
            "id": 12,
            "name": "Adventure"
        },
        {
            "id": 18,
            "name": "Drama"
        },
        {
            "id": 37,
            "name": "Western"
        }
    ],
    "homepage": "",
    "id": 3090,
    "imdb_id": "tt0040897",
    "original_language": "en",
    "original_title": "The Treasure of the Sierra Madre",
    "overview": "Fred C. Dobbs and Bob Curtin, both down on their luck in Tampico, Mexico in 1925, meet up with a grizzled prospector named Howard and decide to join with him in search of gold in the wilds of central Mexico. Through enormous difficulties, they eventually succeed in finding gold, but bandits, the elements, and most especially greed threaten to turn their success into disaster.",
    "popularity": 13.206,
    "poster_path": "/qvExr87oqKHvNiFRK5VqDoZrS5D.jpg",
    "production_companies": [
        {
            "id": 174,
            "logo_path": "/IuAlhI9eVC9Z8UQWOIDdWRKSEJ.png",
            "name": "Warner Bros. Pictures",
            "origin_country": "US"
        }
    ],
    "production_countries": [
        {
            "iso_3166_1": "US",
            "name": "United States of America"
        }
    ],
    "release_date": "1948-01-15",
    "revenue": 4307000,
    "runtime": 126,
    "spoken_languages": [
        {
            "english_name": "English",
            "iso_639_1": "en",
            "name": "English"
        }
    ],
    "status": "Released",
    "tagline": "The nearer they get to their treasure, the farther they get from the law.",
    "title": "The Treasure of the Sierra Madre",
    "video": false,
    "vote_average": 8.0,
    "vote_count": 807
}