{
    "adult": false,
    "backdrop_path": "/pCClmlbgfg4cEmn5aERxHRqhbpw.jpg",
    "belongs_to_collection": null,
    "budget": 15000000,
    "genres": [
        {
            "id": 18,
            "name": "Drama"
        },
        {
            "id": 10752,
            "name": "War"
        }
    ],
    "homepage": "",
    "id": 11778,
    "imdb_id": "tt0077416",
    "original_language": "en",
    "original_title": "The Deer Hunter",
    "overview": "A group of working-class friends decide to enlist in the Army during the Vietnam War and finds it to be hellish chaos -- not the noble venture they imagined. Before they left, Steven married his pregnant girlfriend -- and Michael and Nick were in love with the same woman. But all three are different men upon their return.",
    "popularity": 23.275,
    "poster_path": "/bbGtogDZOg09bm42KIpCXUXICkh.jpg",
    "production_companies": [
        {
            "id": 33,
            "logo_path": "/8lvHyhjr8oUKOOy2dKXoALWKdp0.png",
            "name": "Universal Pictures",
            "origin_country": "US"
        },
        {
            "id": 538,
            "logo_path": null,
            "name": "EMI Films",
            "origin_country": "GB"
        }
    ],
    "production_countries": [
        {
            "iso_3166_1": "GB",
            "name": "United Kingdom"
        },
        {
            "iso_3166_1": "US",
            "name": "United States of America"
        }
    ],
    "release_date": "1978-03-09",
    "revenue": 50000000,
    "runtime": 184,
    "spoken_languages": [
        {
            "english_name": "English",
            "iso_639_1": "en",
            "name": "English"
        },
        {
            "english_name": "French",
            "iso_639_1": "fr",
            "name": "Fran\u00e7ais"
        },
        {
            "english_name": "Russian",
            "iso_639_1": "ru",
            "name": "P\u0443\u0441\u0441\u043a\u0438\u0439"
        },
        {
            "english_name": "Vietnamese",
            "iso_639_1": "vi",
            "name": "Ti\u1ebfng Vi\u1ec7t"
        }
    ],
    "status": "Released",
    "tagline": "One of the most important and powerful films of all time!",
    "title": "The Deer Hunter",
    "video": false,
    "vote_average": 8.0,
    "vote_count": 2738
}