{
    "adult": false,
    "backdrop_path": "/nMKdUUepR0i5zn0y1T4CsSB5chy.jpg",
    "belongs_to_collection": {
        "backdrop_path": "/xfKot7lqaiW4XpL5TtDlVBA9ei9.jpg",
        "id": 263,
        "name": "The Dark Knight Collection",
        "poster_path": "/lvI9k6dBqCPjisNlq0TBu1iiEZW.jpg"
    },
    "budget": 185000000,
    "genres": [
        {
            "id": 18,
            "name": "Drama"
        },
        {
            "id": 28,
            "name": "Action"
        },
        {
            "id": 80,
            "name": "Crime"
        },
        {
            "id": 53,
            "name": "Thriller"
        }
    ],
    "homepage": "https://www.warnerbros.com/movies/dark-knight/",
    "id": 155,
    "imdb_id": "tt0468569",
    "original_language": "en",
    "original_title": "The Dark Knight",
    "overview": "Batman raises the stakes in his war on crime. With the help of Lt. Jim Gordon and District Attorney Harvey Dent, Batman sets out to dismantle the remaining criminal organizations that plague the streets. The partnership proves to be effective, but they soon find themselves prey to a reign of chaos unleashed by a rising criminal mastermind known to the terrified citizens of Gotham as the Joker.",
    "popularity": 65.126,
    "poster_path": "/qJ2tW6WMUDux911r6m7haRef0WH.jpg",
    "production_companies": [
        {
            "id": 429,
            "logo_path": "/2Tc1P3Ac8M479naPp1kYT3izLS5.png",
            "name": "DC Comics",
            "origin_country": "US"
        },
        {
            "id": 923,
            "logo_path": "/5UQsZrfbfG2dYJbx8DxfoTr2Bvu.png",
            "name": "Legendary Pictures",
            "origin_country": "US"
        },
        {
            "id": 9996,
            "logo_path": "/3tvBqYsBhxWeHlu62SIJ1el93O7.png",
            "name": "Syncopy",
            "origin_country": "GB"
        },
        {
            "id": 118865,
            "logo_path": null,
            "name": "Isobel Griffiths",
            "origin_country": "GB"
        },
        {
            "id": 9993,
            "logo_path": "/2Tc1P3Ac8M479naPp1kYT3izLS5.png",
            "name": "DC Entertainment",
            "origin_country": "US"
        },
        {
            "id": 174,
            "logo_path": "/IuAlhI9eVC9Z8UQWOIDdWRKSEJ.png",
            "name": "Warner Bros. Pictures",
            "origin_country": "US"
        }
    ],
    "production_countries": [
        {
            "iso_3166_1": "GB",
            "name": "United Kingdom"
        },
        {
            "iso_3166_1": "US",
            "name": "United States of America"
        }
    ],
    "release_date": "2008-07-14",
    "revenue": 1004558444,
    "runtime": 152,
    "spoken_languages": [
        {
            "english_name": "English",
            "iso_639_1": "en",
            "name": "English"
        },
        {
            "english_name": "Mandarin",
            "iso_639_1": "zh",
            "name": "\u666e\u901a\u8bdd"
        }
    ],
    "status": "Released",
    "tagline": "Why So Serious?",
    "title": "The Dark Knight",
    "video": false,
    "vote_average": 8.5,
    "vote_count": 26129
}