{
    "adult": false,
    "backdrop_path": "/1MwjlmniXrEh8Lsvel5s2sMHD0Y.jpg",
    "belongs_to_collection": null,
    "budget": 3800000,
    "genres": [
        {
            "id": 18,
            "name": "Drama"
        }
    ],
    "homepage": "",
    "id": 103663,
    "imdb_id": "tt2106476",
    "original_language": "da",
    "original_title": "Jagten",
    "overview": "A teacher lives a lonely life, all the while struggling over his son\u2019s custody. His life slowly gets better as he finds love and receives good news from his son, but his new luck is about to be brutally shattered by an innocent little lie.",
    "popularity": 20.905,
    "poster_path": "/jkixsXzRh28q3PCqFoWcf7unghT.jpg",
    "production_companies": [
        {
            "id": 76,
            "logo_path": "/nebkQYtQKhZyHJfh5v0oGpNbPzu.png",
            "name": "Zentropa Entertainments",
            "origin_country": "DK"
        },
        {
            "id": 118,
            "logo_path": "/AiBorgNTCS1lT1FdFPYheax9jfF.png",
            "name": "Det Danske Filminstitut",
            "origin_country": "DK"
        },
        {
            "id": 119,
            "logo_path": "/1di2gITGUZr730AMuMKiCrP90Vl.png",
            "name": "Danmarks Radio (DR)",
            "origin_country": "DK"
        },
        {
            "id": 850,
            "logo_path": "/aF7qajGJGtMpdrtvssM9g90YanX.png",
            "name": "Eurimages",
            "origin_country": "FR"
        },
        {
            "id": 851,
            "logo_path": null,
            "name": "MEDIA Programme of the European Union",
            "origin_country": ""
        },
        {
            "id": 2302,
            "logo_path": "/rPXEdpqwFycAY9ZgrAJXv13qcWW.png",
            "name": "Svenska Filminstitutet",
            "origin_country": "SE"
        },
        {
            "id": 2999,
            "logo_path": "/zGSqFee9aDgDuLD6vcs2mcJUem4.png",
            "name": "SVT",
            "origin_country": "SE"
        },
        {
            "id": 2801,
            "logo_path": "/bswb1PLLsKDUXMLgy42bZtCtIde.png",
            "name": "Film i V\u00e4st",
            "origin_country": "SE"
        },
        {
            "id": 5403,
            "logo_path": "/fAz2WhTpoMxutBA92JqlfeHEGuz.png",
            "name": "Nordisk Film & TV Fond",
            "origin_country": "NO"
        }
    ],
    "production_countries": [
        {
            "iso_3166_1": "DK",
            "name": "Denmark"
        },
        {
            "iso_3166_1": "SE",
            "name": "Sweden"
        }
    ],
    "release_date": "2012-09-24",
    "revenue": 18309793,
    "runtime": 116,
    "spoken_languages": [
        {
            "english_name": "Danish",
            "iso_639_1": "da",
            "name": "Dansk"
        },
        {
            "english_name": "Polish",
            "iso_639_1": "pl",
            "name": "Polski"
        },
        {
            "english_name": "English",
            "iso_639_1": "en",
            "name": "English"
        }
    ],
    "status": "Released",
    "tagline": "The lie is spreading.",
    "title": "The Hunt",
    "video": false,
    "vote_average": 8.1,
    "vote_count": 2770
}