{
    "adult": false,
    "backdrop_path": "/bGksau9GGu0uJ8DJQ8DYc9JW5LM.jpg",
    "belongs_to_collection": null,
    "budget": 13000000,
    "genres": [
        {
            "id": 18,
            "name": "Drama"
        },
        {
            "id": 35,
            "name": "Comedy"
        }
    ],
    "homepage": "",
    "id": 77338,
    "imdb_id": "tt1675434",
    "original_language": "fr",
    "original_title": "Intouchables",
    "overview": "A true story of two men who should never have met \u2013 a quadriplegic aristocrat who was injured in a paragliding accident and a young man from the projects.",
    "popularity": 71.882,
    "poster_path": "/ttx4GQl0azO6NJFWj4XNZCQOY7S.jpg",
    "production_companies": [
        {
            "id": 9,
            "logo_path": "/nda3dTUYdDrJ6rZqBpYvY865aDv.png",
            "name": "Gaumont",
            "origin_country": "FR"
        },
        {
            "id": 6301,
            "logo_path": "/jma8ZaHq1KAzlXW3v0RswVOWSdn.png",
            "name": "Cin\u00e9Cin\u00e9ma",
            "origin_country": "FR"
        },
        {
            "id": 7038,
            "logo_path": "/9YDo78sKAy6xxqBwVBT2Vi9FSZl.png",
            "name": "Quad Productions",
            "origin_country": "FR"
        },
        {
            "id": 7766,
            "logo_path": null,
            "name": "Chaocorp",
            "origin_country": ""
        },
        {
            "id": 8018,
            "logo_path": null,
            "name": "Ten Films",
            "origin_country": "FR"
        },
        {
            "id": 22123,
            "logo_path": "/zPTy6QDAlCKGeAALZoFEL3QAlut.png",
            "name": "TF1",
            "origin_country": "FR"
        },
        {
            "id": 104,
            "logo_path": "/9aotxauvc9685tq9pTcRJszuT06.png",
            "name": "Canal+",
            "origin_country": "FR"
        },
        {
            "id": 356,
            "logo_path": "/9tW5wZEGotn1Ei5pErA88m47XiD.png",
            "name": "TF1 Films Production",
            "origin_country": "FR"
        }
    ],
    "production_countries": [
        {
            "iso_3166_1": "FR",
            "name": "France"
        }
    ],
    "release_date": "2011-11-02",
    "revenue": 426588510,
    "runtime": 113,
    "spoken_languages": [
        {
            "english_name": "English",
            "iso_639_1": "en",
            "name": "English"
        },
        {
            "english_name": "French",
            "iso_639_1": "fr",
            "name": "Fran\u00e7ais"
        }
    ],
    "status": "Released",
    "tagline": "Sometimes you have to reach into someone else's world to find out what's missing in your own.",
    "title": "The Intouchables",
    "video": false,
    "vote_average": 8.3,
    "vote_count": 13942
}