{
    "adult": false,
    "backdrop_path": "/poec6RqOKY9iSiIUmfyfPfiLtvB.jpg",
    "belongs_to_collection": {
        "backdrop_path": "/pGl7NqNhyncju3Qu8LGA7owciMW.jpg",
        "id": 230,
        "name": "The Godfather Collection",
        "poster_path": "/zqV8MGXfpLZiFVObLxpAI7wWonJ.jpg"
    },
    "budget": 13000000,
    "genres": [
        {
            "id": 18,
            "name": "Drama"
        },
        {
            "id": 80,
            "name": "Crime"
        }
    ],
    "homepage": "",
    "id": 240,
    "imdb_id": "tt0071562",
    "original_language": "en",
    "original_title": "The Godfather: Part II",
    "overview": "In the continuing saga of the Corleone crime family, a young Vito Corleone grows up in Sicily and in 1910s New York. In the 1950s, Michael Corleone attempts to expand the family business into Las Vegas, Hollywood and Cuba.",
    "popularity": 43.675,
    "poster_path": "/hek3koDUyRQk7FIhPXsa6mT2Zc3.jpg",
    "production_companies": [
        {
            "id": 4,
            "logo_path": "/fycMZt242LVjagMByZOLUGbCvv3.png",
            "name": "Paramount",
            "origin_country": "US"
        },
        {
            "id": 536,
            "logo_path": null,
            "name": "The Coppola Company",
            "origin_country": "US"
        }
    ],
    "production_countries": [
        {
            "iso_3166_1": "US",
            "name": "United States of America"
        }
    ],
    "release_date": "1974-12-20",
    "revenue": 102600000,
    "runtime": 202,
    "spoken_languages": [
        {
            "english_name": "English",
            "iso_639_1": "en",
            "name": "English"
        },
        {
            "english_name": "Italian",
            "iso_639_1": "it",
            "name": "Italiano"
        },
        {
            "english_name": "Latin",
            "iso_639_1": "la",
            "name": "Latin"
        },
        {
            "english_name": "Spanish",
            "iso_639_1": "es",
            "name": "Espa\u00f1ol"
        }
    ],
    "status": "Released",
    "tagline": "I don't feel I have to wipe everybody out, Tom. Just my enemies.",
    "title": "The Godfather: Part II",
    "video": false,
    "vote_average": 8.6,
    "vote_count": 9024
}