{
    "adult": false,
    "backdrop_path": "/cKPfiu9IcCW0fMdKdQBXe3PRtTZ.jpg",
    "belongs_to_collection": {
        "backdrop_path": "/xfKot7lqaiW4XpL5TtDlVBA9ei9.jpg",
        "id": 263,
        "name": "The Dark Knight Collection",
        "poster_path": "/lvI9k6dBqCPjisNlq0TBu1iiEZW.jpg"
    },
    "budget": 250000000,
    "genres": [
        {
            "id": 28,
            "name": "Action"
        },
        {
            "id": 80,
            "name": "Crime"
        },
        {
            "id": 18,
            "name": "Drama"
        },
        {
            "id": 53,
            "name": "Thriller"
        }
    ],
    "homepage": "http://www.thedarkknightrises.com/",
    "id": 49026,
    "imdb_id": "tt1345836",
    "original_language": "en",
    "original_title": "The Dark Knight Rises",
    "overview": "Following the death of District Attorney Harvey Dent, Batman assumes responsibility for Dent's crimes to protect the late attorney's reputation and is subsequently hunted by the Gotham City Police Department. Eight years later, Batman encounters the mysterious Selina Kyle and the villainous Bane, a new terrorist leader who overwhelms Gotham's finest. The Dark Knight resurfaces to protect a city that has branded him an enemy.",
    "popularity": 89.363,
    "poster_path": "/vzvKcPQ4o7TjWeGIn0aGC9FeVNu.jpg",
    "production_companies": [
        {
            "id": 9996,
            "logo_path": "/3tvBqYsBhxWeHlu62SIJ1el93O7.png",
            "name": "Syncopy",
            "origin_country": "GB"
        },
        {
            "id": 923,
            "logo_path": "/5UQsZrfbfG2dYJbx8DxfoTr2Bvu.png",
            "name": "Legendary Pictures",
            "origin_country": "US"
        },
        {
            "id": 9993,
            "logo_path": "/2Tc1P3Ac8M479naPp1kYT3izLS5.png",
            "name": "DC Entertainment",
            "origin_country": "US"
        },
        {
            "id": 174,
            "logo_path": "/IuAlhI9eVC9Z8UQWOIDdWRKSEJ.png",
            "name": "Warner Bros. Pictures",
            "origin_country": "US"
        }
    ],
    "production_countries": [
        {
            "iso_3166_1": "US",
            "name": "United States of America"
        }
    ],
    "release_date": "2012-07-16",
    "revenue": 1081041287,
    "runtime": 165,
    "spoken_languages": [
        {
            "english_name": "English",
            "iso_639_1": "en",
            "name": "English"
        }
    ],
    "status": "Released",
    "tagline": "The Legend Ends",
    "title": "The Dark Knight Rises",
    "video": false,
    "vote_average": 7.8,
    "vote_count": 18514
}