{
    "adult": false,
    "backdrop_path": "/d9VUlRTovsGbwkUjNR2OGOGrQuO.jpg",
    "belongs_to_collection": null,
    "budget": 0,
    "genres": [
        {
            "id": 14,
            "name": "Fantasy"
        },
        {
            "id": 18,
            "name": "Drama"
        }
    ],
    "homepage": "",
    "id": 490,
    "imdb_id": "tt0050976",
    "original_language": "sv",
    "original_title": "Det sjunde inseglet",
    "overview": "When disillusioned Swedish knight Antonius Block returns home from the Crusades to find his country in the grips of the Black Death, he challenges Death to a chess match for his life. Tormented by the belief that God does not exist, Block sets off on a journey, meeting up with traveling players Jof and his wife, Mia, and becoming determined to evade Death long enough to commit one redemptive act while he still lives.",
    "popularity": 23.984,
    "poster_path": "/khbyQUFTYIIltrC1yYvLXP85Lh8.jpg",
    "production_companies": [
        {
            "id": 6181,
            "logo_path": "/eaQ7or8IoEmPfgmQiU2C5lVZkxS.png",
            "name": "SF Studios",
            "origin_country": "SE"
        }
    ],
    "production_countries": [
        {
            "iso_3166_1": "SE",
            "name": "Sweden"
        }
    ],
    "release_date": "1957-02-16",
    "revenue": 0,
    "runtime": 96,
    "spoken_languages": [
        {
            "english_name": "Swedish",
            "iso_639_1": "sv",
            "name": "svenska"
        }
    ],
    "status": "Released",
    "tagline": "",
    "title": "The Seventh Seal",
    "video": false,
    "vote_average": 8.2,
    "vote_count": 2140
}