{
    "adult": false,
    "backdrop_path": "/fNHCogWhABNAmzk0IFdzQP5XLYj.jpg",
    "belongs_to_collection": null,
    "budget": 2000000,
    "genres": [
        {
            "id": 80,
            "name": "Crime"
        },
        {
            "id": 18,
            "name": "Drama"
        },
        {
            "id": 9648,
            "name": "Mystery"
        }
    ],
    "homepage": "http://www.elsecretodesusojos.com",
    "id": 25376,
    "imdb_id": "tt1305806",
    "original_language": "es",
    "original_title": "El secreto de sus ojos",
    "overview": "A retired legal counselor writes a novel hoping to find closure for one of his past unresolved homicide cases and for his unreciprocated love with his superior - both of which still haunt him decades later.",
    "popularity": 16.552,
    "poster_path": "/r3FctmAMk2tbrwxuWdpeLrZLwIz.jpg",
    "production_companies": [
        {
            "id": 9335,
            "logo_path": null,
            "name": "Canal+ Espa\u00f1a",
            "origin_country": "ES"
        },
        {
            "id": 5517,
            "logo_path": "/XPKV5HO98Q5fzgRGWBj5GSRKig.png",
            "name": "100 Bares",
            "origin_country": "AR"
        },
        {
            "id": 7680,
            "logo_path": "/uGcInOaHyvFZ337T5OeQKKVjSCJ.png",
            "name": "Tornasol Films",
            "origin_country": "ES"
        },
        {
            "id": 11408,
            "logo_path": null,
            "name": "Ministerio de Cultura",
            "origin_country": ""
        },
        {
            "id": 6458,
            "logo_path": "/BrkmIPGDoj15uaYwfPqUNde2Cc.png",
            "name": "INCAA",
            "origin_country": "AR"
        },
        {
            "id": 5623,
            "logo_path": null,
            "name": "Haddock Films",
            "origin_country": "AR"
        },
        {
            "id": 11427,
            "logo_path": null,
            "name": "Instituto de Cr\u00e9dito Oficial (ICO)",
            "origin_country": ""
        },
        {
            "id": 981,
            "logo_path": "/pkrdO9ykplO4Zc8edikoSX5APUN.png",
            "name": "TVE",
            "origin_country": "ES"
        },
        {
            "id": 8046,
            "logo_path": "/9Pvyw0vgN6PWoMJGsUil0DNlXdd.png",
            "name": "Telefe",
            "origin_country": "AR"
        }
    ],
    "production_countries": [
        {
            "iso_3166_1": "AR",
            "name": "Argentina"
        },
        {
            "iso_3166_1": "ES",
            "name": "Spain"
        }
    ],
    "release_date": "2009-08-13",
    "revenue": 33965843,
    "runtime": 130,
    "spoken_languages": [
        {
            "english_name": "Spanish",
            "iso_639_1": "es",
            "name": "Espa\u00f1ol"
        }
    ],
    "status": "Released",
    "tagline": "",
    "title": "The Secret in Their Eyes",
    "video": false,
    "vote_average": 8.0,
    "vote_count": 1876
}