{
    "adult": false,
    "backdrop_path": "/liZhDhrrNVX8IK4TaeaFodzMamy.jpg",
    "belongs_to_collection": null,
    "budget": 3000000,
    "genres": [
        {
            "id": 18,
            "name": "Drama"
        },
        {
            "id": 36,
            "name": "History"
        },
        {
            "id": 10752,
            "name": "War"
        }
    ],
    "homepage": "",
    "id": 826,
    "imdb_id": "tt0050212",
    "original_language": "en",
    "original_title": "The Bridge on the River Kwai",
    "overview": "The classic story of English POWs in Burma forced to build a bridge to aid the war effort of their Japanese captors. British and American intelligence officers conspire to blow up the structure, but Col. Nicholson , the commander who supervised the bridge's construction, has acquired a sense of pride in his creation and tries to foil their plans.",
    "popularity": 21.76,
    "poster_path": "/mHAxH3msDPHfHsbrPvZ4M6CAWgS.jpg",
    "production_companies": [
        {
            "id": 11356,
            "logo_path": null,
            "name": "Horizon Pictures",
            "origin_country": "GB"
        },
        {
            "id": 5,
            "logo_path": "/71BqEFAF4V3qjjMPCpLuyJFB9A.png",
            "name": "Columbia Pictures",
            "origin_country": "US"
        }
    ],
    "production_countries": [
        {
            "iso_3166_1": "GB",
            "name": "United Kingdom"
        },
        {
            "iso_3166_1": "US",
            "name": "United States of America"
        }
    ],
    "release_date": "1957-10-11",
    "revenue": 44908000,
    "runtime": 161,
    "spoken_languages": [
        {
            "english_name": "Japanese",
            "iso_639_1": "ja",
            "name": "\u65e5\u672c\u8a9e"
        },
        {
            "english_name": "Thai",
            "iso_639_1": "th",
            "name": "\u0e20\u0e32\u0e29\u0e32\u0e44\u0e17\u0e22"
        },
        {
            "english_name": "English",
            "iso_639_1": "en",
            "name": "English"
        }
    ],
    "status": "Released",
    "tagline": "It spans a whole new world of entertainment!",
    "title": "The Bridge on the River Kwai",
    "video": false,
    "vote_average": 7.8,
    "vote_count": 1462
}