{
    "adult": false,
    "backdrop_path": "/bCrlhcXK5oTyXRvT9JXGysRrt3Q.jpg",
    "belongs_to_collection": null,
    "budget": 3000000,
    "genres": [
        {
            "id": 35,
            "name": "Comedy"
        },
        {
            "id": 18,
            "name": "Drama"
        },
        {
            "id": 10749,
            "name": "Romance"
        }
    ],
    "homepage": "",
    "id": 284,
    "imdb_id": "tt0053604",
    "original_language": "en",
    "original_title": "The Apartment",
    "overview": "Bud Baxter is a minor clerk in a huge New York insurance company, until he discovers a quick way to climb the corporate ladder. He lends out his apartment to the executives as a place to take their mistresses. Although he often has to deal with the aftermath of their visits, one night he's left with a major problem to solve.",
    "popularity": 15.043,
    "poster_path": "/rwYVl3kjD70nAyhlYXjl27bwFRx.jpg",
    "production_companies": [
        {
            "id": 60,
            "logo_path": "/oJXpAs4I3W46e4dkaOEzCa4yBko.png",
            "name": "United Artists",
            "origin_country": "US"
        },
        {
            "id": 219,
            "logo_path": null,
            "name": "The Mirisch Company",
            "origin_country": "US"
        }
    ],
    "production_countries": [
        {
            "iso_3166_1": "US",
            "name": "United States of America"
        }
    ],
    "release_date": "1960-06-21",
    "revenue": 25000000,
    "runtime": 125,
    "spoken_languages": [
        {
            "english_name": "English",
            "iso_639_1": "en",
            "name": "English"
        }
    ],
    "status": "Released",
    "tagline": "Movie-wise, there has never been anything like it - laugh-wise, love-wise, or otherwise-wise!",
    "title": "The Apartment",
    "video": false,
    "vote_average": 8.2,
    "vote_count": 1587
}