{
    "adult": false,
    "backdrop_path": "/mfJepkInUbiZ0mFXFhDNz8ko6Zr.jpg",
    "belongs_to_collection": null,
    "budget": 40000000,
    "genres": [
        {
            "id": 18,
            "name": "Drama"
        },
        {
            "id": 9648,
            "name": "Mystery"
        },
        {
            "id": 53,
            "name": "Thriller"
        }
    ],
    "homepage": "http://wwws.warnerbros.de/theprestige/",
    "id": 1124,
    "imdb_id": "tt0482571",
    "original_language": "en",
    "original_title": "The Prestige",
    "overview": "A mysterious story of two magicians whose intense rivalry leads them on a life-long battle for supremacy -- full of obsession, deceit and jealousy with dangerous and deadly consequences.",
    "popularity": 31.721,
    "poster_path": "/bdN3gXuIZYaJP7ftKK2sU0nPtEA.jpg",
    "production_companies": [
        {
            "id": 9195,
            "logo_path": "/ou5BUbtulr6tIt699q6xJiEQTR9.png",
            "name": "Touchstone Pictures",
            "origin_country": "US"
        },
        {
            "id": 9996,
            "logo_path": "/3tvBqYsBhxWeHlu62SIJ1el93O7.png",
            "name": "Syncopy",
            "origin_country": "GB"
        },
        {
            "id": 174,
            "logo_path": "/IuAlhI9eVC9Z8UQWOIDdWRKSEJ.png",
            "name": "Warner Bros. Pictures",
            "origin_country": "US"
        }
    ],
    "production_countries": [
        {
            "iso_3166_1": "US",
            "name": "United States of America"
        }
    ],
    "release_date": "2006-10-19",
    "revenue": 109676311,
    "runtime": 130,
    "spoken_languages": [
        {
            "english_name": "English",
            "iso_639_1": "en",
            "name": "English"
        }
    ],
    "status": "Released",
    "tagline": "Are You Watching Closely?",
    "title": "The Prestige",
    "video": false,
    "vote_average": 8.2,
    "vote_count": 12282
}