{
    "adult": false,
    "backdrop_path": "/aQ2ZbNqIaecoQsryNe33UmDtms.jpg",
    "belongs_to_collection": null,
    "budget": 16000000,
    "genres": [
        {
            "id": 12,
            "name": "Adventure"
        },
        {
            "id": 10751,
            "name": "Family"
        },
        {
            "id": 14,
            "name": "Fantasy"
        },
        {
            "id": 35,
            "name": "Comedy"
        },
        {
            "id": 10749,
            "name": "Romance"
        }
    ],
    "homepage": "http://princessbrideforever.com/",
    "id": 2493,
    "imdb_id": "tt0093779",
    "original_language": "en",
    "original_title": "The Princess Bride",
    "overview": "In this enchantingly cracked fairy tale, the beautiful Princess Buttercup and the dashing Westley must overcome staggering odds to find happiness amid six-fingered swordsmen, murderous princes, Sicilians and rodents of unusual size. But even death can't stop these true lovebirds from triumphing.",
    "popularity": 22.437,
    "poster_path": "/dvjqlp2sAhUeFjUOfQDgqwpphHj.jpg",
    "production_companies": [
        {
            "id": 49243,
            "logo_path": null,
            "name": "The Princess Bride Ltd.",
            "origin_country": "US"
        },
        {
            "id": 49244,
            "logo_path": null,
            "name": "Buttercup Films Ltd.",
            "origin_country": "US"
        },
        {
            "id": 56485,
            "logo_path": "/t0M92JDUfcICcOB46NHxEOhK1FS.png",
            "name": "Act III Productions",
            "origin_country": "US"
        }
    ],
    "production_countries": [
        {
            "iso_3166_1": "US",
            "name": "United States of America"
        }
    ],
    "release_date": "1987-09-25",
    "revenue": 30861665,
    "runtime": 99,
    "spoken_languages": [
        {
            "english_name": "English",
            "iso_639_1": "en",
            "name": "English"
        }
    ],
    "status": "Released",
    "tagline": "It's as real as the feelings you feel.",
    "title": "The Princess Bride",
    "video": false,
    "vote_average": 7.6,
    "vote_count": 3529
}