{
    "adult": false,
    "backdrop_path": "/cDFtxTxEtE3ljadfQ5SwtRTi8Iw.jpg",
    "belongs_to_collection": null,
    "budget": 90000000,
    "genres": [
        {
            "id": 18,
            "name": "Drama"
        },
        {
            "id": 53,
            "name": "Thriller"
        },
        {
            "id": 80,
            "name": "Crime"
        }
    ],
    "homepage": "http://thedeparted.com",
    "id": 1422,
    "imdb_id": "tt0407887",
    "original_language": "en",
    "original_title": "The Departed",
    "overview": "To take down South Boston's Irish Mafia, the police send in one of their own to infiltrate the underworld, not realizing the syndicate has done likewise. While an undercover cop curries favor with the mob kingpin, a career criminal rises through the police ranks. But both sides soon discover there's a mole among them.",
    "popularity": 24.547,
    "poster_path": "/kWWAt2FMRbqLFFy8o5R4Zr8cMAb.jpg",
    "production_companies": [
        {
            "id": 829,
            "logo_path": "/mzpAmEQ5P1gFvdRoNyCk9q8ngiv.png",
            "name": "Vertigo Entertainment",
            "origin_country": "US"
        },
        {
            "id": 5552,
            "logo_path": "/wdtjT9x5OG7nLusPctACI3i7Im2.png",
            "name": "Media Asia Films",
            "origin_country": ""
        },
        {
            "id": 7380,
            "logo_path": null,
            "name": "Initial Entertainment Group (IEG)",
            "origin_country": ""
        },
        {
            "id": 174,
            "logo_path": "/IuAlhI9eVC9Z8UQWOIDdWRKSEJ.png",
            "name": "Warner Bros. Pictures",
            "origin_country": "US"
        },
        {
            "id": 81,
            "logo_path": "/8wOfUhA7vwU2gbPjQy7Vv3EiF0o.png",
            "name": "Plan B Entertainment",
            "origin_country": "US"
        }
    ],
    "production_countries": [
        {
            "iso_3166_1": "US",
            "name": "United States of America"
        }
    ],
    "release_date": "2006-10-05",
    "revenue": 291465000,
    "runtime": 151,
    "spoken_languages": [
        {
            "english_name": "English",
            "iso_639_1": "en",
            "name": "English"
        },
        {
            "english_name": "Cantonese",
            "iso_639_1": "cn",
            "name": "\u5e7f\u5dde\u8bdd / \u5ee3\u5dde\u8a71"
        }
    ],
    "status": "Released",
    "tagline": "Lies. Betrayal. Sacrifice. How far will you take it?",
    "title": "The Departed",
    "video": false,
    "vote_average": 8.2,
    "vote_count": 11720
}