{
    "adult": false,
    "backdrop_path": "/jK65srQczOKTpW62wPxwwKztGgE.jpg",
    "belongs_to_collection": null,
    "budget": 30000000,
    "genres": [
        {
            "id": 35,
            "name": "Comedy"
        },
        {
            "id": 18,
            "name": "Drama"
        }
    ],
    "homepage": "",
    "id": 120467,
    "imdb_id": "tt2278388",
    "original_language": "en",
    "original_title": "The Grand Budapest Hotel",
    "overview": "The Grand Budapest Hotel tells of a legendary concierge at a famous European hotel between the wars and his friendship with a young employee who becomes his trusted prot\u00e9g\u00e9. The story involves the theft and recovery of a priceless Renaissance painting, the battle for an enormous family fortune and the slow and then sudden upheavals that transformed Europe during the first half of the 20th century.",
    "popularity": 28.932,
    "poster_path": "/eWdyYQreja6JGCzqHWXpWHDrrPo.jpg",
    "production_companies": [
        {
            "id": 43,
            "logo_path": "/4RgIPr55kBakgupWkzdDxqXJEqr.png",
            "name": "Fox Searchlight Pictures",
            "origin_country": "US"
        },
        {
            "id": 258,
            "logo_path": null,
            "name": "Scott Rudin Productions",
            "origin_country": "US"
        },
        {
            "id": 264,
            "logo_path": "/fA90qwUKgPhMONqtwY60GaHRyrW.png",
            "name": "Studio Babelsberg",
            "origin_country": "DE"
        },
        {
            "id": 9350,
            "logo_path": "/anrLUwQPXl9W2CzA6Z8tYGx46e5.png",
            "name": "Indian Paintbrush",
            "origin_country": "US"
        },
        {
            "id": 22213,
            "logo_path": "/qx9K6bFWJupwde0xQDwOvXkOaL8.png",
            "name": "TSG Entertainment",
            "origin_country": "US"
        },
        {
            "id": 23449,
            "logo_path": null,
            "name": "American Empirical Pictures",
            "origin_country": "US"
        }
    ],
    "production_countries": [
        {
            "iso_3166_1": "DE",
            "name": "Germany"
        },
        {
            "iso_3166_1": "US",
            "name": "United States of America"
        }
    ],
    "release_date": "2014-02-26",
    "revenue": 174600318,
    "runtime": 100,
    "spoken_languages": [
        {
            "english_name": "English",
            "iso_639_1": "en",
            "name": "English"
        },
        {
            "english_name": "French",
            "iso_639_1": "fr",
            "name": "Fran\u00e7ais"
        }
    ],
    "status": "Released",
    "tagline": "A murder case of Madam D. With enormous wealth and the most outrageous events surrounding her sudden death!",
    "title": "The Grand Budapest Hotel",
    "video": false,
    "vote_average": 8.0,
    "vote_count": 11585
}