{
    "adult": false,
    "backdrop_path": "/A94BEdYdbNaWnL5RxRZLT6xsU0z.jpg",
    "belongs_to_collection": null,
    "budget": 4000000,
    "genres": [
        {
            "id": 12,
            "name": "Adventure"
        },
        {
            "id": 18,
            "name": "Drama"
        },
        {
            "id": 36,
            "name": "History"
        },
        {
            "id": 53,
            "name": "Thriller"
        },
        {
            "id": 10752,
            "name": "War"
        }
    ],
    "homepage": "",
    "id": 5925,
    "imdb_id": "tt0057115",
    "original_language": "en",
    "original_title": "The Great Escape",
    "overview": "The Nazis, exasperated at the number of escapes from their prison camps by a relatively small number of Allied prisoners, relocate them to a high-security 'escape-proof' camp to sit out the remainder of the war. Undaunted, the prisoners plan one of the most ambitious escape attempts of World War II. Based on a true story.",
    "popularity": 21.345,
    "poster_path": "/aCPW2GTrFguhI06pdU2DBrO50pU.jpg",
    "production_companies": [
        {
            "id": 219,
            "logo_path": null,
            "name": "The Mirisch Company",
            "origin_country": "US"
        },
        {
            "id": 60,
            "logo_path": "/oJXpAs4I3W46e4dkaOEzCa4yBko.png",
            "name": "United Artists",
            "origin_country": "US"
        }
    ],
    "production_countries": [
        {
            "iso_3166_1": "US",
            "name": "United States of America"
        }
    ],
    "release_date": "1963-06-20",
    "revenue": 11744471,
    "runtime": 173,
    "spoken_languages": [
        {
            "english_name": "English",
            "iso_639_1": "en",
            "name": "English"
        },
        {
            "english_name": "German",
            "iso_639_1": "de",
            "name": "Deutsch"
        },
        {
            "english_name": "French",
            "iso_639_1": "fr",
            "name": "Fran\u00e7ais"
        },
        {
            "english_name": "Russian",
            "iso_639_1": "ru",
            "name": "P\u0443\u0441\u0441\u043a\u0438\u0439"
        }
    ],
    "status": "Released",
    "tagline": "Put a fence in front of these men... and they'll climb it!",
    "title": "The Great Escape",
    "video": false,
    "vote_average": 8.0,
    "vote_count": 1867
}