{
    "adult": false,
    "backdrop_path": "/7jTgJ24UPkWeb5zzH7ihs554xVy.jpg",
    "belongs_to_collection": null,
    "budget": 2000000,
    "genres": [
        {
            "id": 35,
            "name": "Comedy"
        },
        {
            "id": 10752,
            "name": "War"
        }
    ],
    "homepage": "",
    "id": 914,
    "imdb_id": "tt0032553",
    "original_language": "en",
    "original_title": "The Great Dictator",
    "overview": "Dictator Adenoid Hynkel tries to expand his empire while a poor Jewish barber tries to avoid persecution from Hynkel's regime.",
    "popularity": 20.525,
    "poster_path": "/bTW7RvjX3OkNMr3YcXVwW7aCBiF.jpg",
    "production_companies": [
        {
            "id": 71975,
            "logo_path": null,
            "name": "Roy Export Company Establishment",
            "origin_country": ""
        },
        {
            "id": 60,
            "logo_path": "/oJXpAs4I3W46e4dkaOEzCa4yBko.png",
            "name": "United Artists",
            "origin_country": "US"
        }
    ],
    "production_countries": [
        {
            "iso_3166_1": "US",
            "name": "United States of America"
        }
    ],
    "release_date": "1940-10-23",
    "revenue": 11000000,
    "runtime": 125,
    "spoken_languages": [
        {
            "english_name": "English",
            "iso_639_1": "en",
            "name": "English"
        },
        {
            "english_name": "Esperanto",
            "iso_639_1": "eo",
            "name": "Esperanto"
        }
    ],
    "status": "Released",
    "tagline": "Once again - the whole world laughs!",
    "title": "The Great Dictator",
    "video": false,
    "vote_average": 8.4,
    "vote_count": 2423
}