{
    "adult": false,
    "backdrop_path": "/dVr11o9or7AS8AMPfwjSpEU83iU.jpg",
    "belongs_to_collection": null,
    "budget": 35000000,
    "genres": [
        {
            "id": 18,
            "name": "Drama"
        },
        {
            "id": 10752,
            "name": "War"
        }
    ],
    "homepage": "http://www.thepianistmovie.com/",
    "id": 423,
    "imdb_id": "tt0253474",
    "original_language": "en",
    "original_title": "The Pianist",
    "overview": "The true story of pianist W\u0142adys\u0142aw Szpilman's experiences in Warsaw during the Nazi occupation. When the Jews of the city find themselves forced into a ghetto, Szpilman finds work playing in a caf\u00e9; and when his family is deported in 1942, he stays behind, works for a while as a laborer, and eventually goes into hiding in the ruins of the war-torn city.",
    "popularity": 36.289,
    "poster_path": "/2hFvxCCWrTmCYwfy7yum0GKRi3Y.jpg",
    "production_companies": [
        {
            "id": 250,
            "logo_path": null,
            "name": "Canal+ Polska",
            "origin_country": "PL"
        },
        {
            "id": 208,
            "logo_path": "/bxQYlRhQu6nbohBEL0SWz8xIAGy.png",
            "name": "Bac Films",
            "origin_country": "FR"
        },
        {
            "id": 260,
            "logo_path": null,
            "name": "Heritage Films",
            "origin_country": "PL"
        },
        {
            "id": 264,
            "logo_path": "/fA90qwUKgPhMONqtwY60GaHRyrW.png",
            "name": "Studio Babelsberg",
            "origin_country": "DE"
        },
        {
            "id": 266,
            "logo_path": null,
            "name": "Agencja Produkcji Filmowej",
            "origin_country": "PL"
        },
        {
            "id": 268,
            "logo_path": "/vxMEWcZ4TZ5XaK3fMVM4PRjvUDv.png",
            "name": "FilmFernsehFonds Bayern",
            "origin_country": "DE"
        },
        {
            "id": 269,
            "logo_path": null,
            "name": "Filmboard Berlin-Brandenburg (FBB)",
            "origin_country": "DE"
        },
        {
            "id": 355,
            "logo_path": null,
            "name": "R.P. Productions",
            "origin_country": "FR"
        },
        {
            "id": 694,
            "logo_path": "/5LEHONGkZBIoWvp1ygHOF8iyi1M.png",
            "name": "StudioCanal",
            "origin_country": "FR"
        },
        {
            "id": 104,
            "logo_path": "/9aotxauvc9685tq9pTcRJszuT06.png",
            "name": "Canal+",
            "origin_country": "FR"
        },
        {
            "id": 6480,
            "logo_path": "/qJUUNzFYXNUDaisssBTV3Zdki9R.png",
            "name": "TVP",
            "origin_country": "PL"
        },
        {
            "id": 265,
            "logo_path": null,
            "name": "Runteam",
            "origin_country": "GB"
        },
        {
            "id": 2026,
            "logo_path": "/q9s9KGhSsFEnpTmLLwprytB3T3d.png",
            "name": "FFA",
            "origin_country": "DE"
        }
    ],
    "production_countries": [
        {
            "iso_3166_1": "FR",
            "name": "France"
        },
        {
            "iso_3166_1": "DE",
            "name": "Germany"
        },
        {
            "iso_3166_1": "PL",
            "name": "Poland"
        },
        {
            "iso_3166_1": "GB",
            "name": "United Kingdom"
        }
    ],
    "release_date": "2002-09-17",
    "revenue": 120072577,
    "runtime": 150,
    "spoken_languages": [
        {
            "english_name": "Polish",
            "iso_639_1": "pl",
            "name": "Polski"
        },
        {
            "english_name": "German",
            "iso_639_1": "de",
            "name": "Deutsch"
        },
        {
            "english_name": "Russian",
            "iso_639_1": "ru",
            "name": "P\u0443\u0441\u0441\u043a\u0438\u0439"
        },
        {
            "english_name": "English",
            "iso_639_1": "en",
            "name": "English"
        }
    ],
    "status": "Released",
    "tagline": "Music was his passion. Survival was his masterpiece.",
    "title": "The Pianist",
    "video": false,
    "vote_average": 8.4,
    "vote_count": 6771
}