{
    "adult": false,
    "backdrop_path": "/63HcRYJI4LKeo8sINlL71ZtlUFY.jpg",
    "belongs_to_collection": {
        "backdrop_path": null,
        "id": 185682,
        "name": "The Adventures of Antoine Doinel",
        "poster_path": "/n2MB4q6J5xquctqzw6NTjnk2eFb.jpg"
    },
    "budget": 0,
    "genres": [
        {
            "id": 18,
            "name": "Drama"
        }
    ],
    "homepage": "",
    "id": 147,
    "imdb_id": "tt0053198",
    "original_language": "fr",
    "original_title": "Les Quatre Cents Coups",
    "overview": "For young Parisian boy Antoine Doinel, life is one difficult situation after another. Surrounded by inconsiderate adults, including his neglectful parents, Antoine spends his days with his best friend, Rene, trying to plan for a better life. When one of their schemes goes awry, Antoine ends up in trouble with the law, leading to even more conflicts with unsympathetic authority figures.",
    "popularity": 13.898,
    "poster_path": "/12PuU23kkDLvTd0nb8hMlE3oShB.jpg",
    "production_companies": [
        {
            "id": 53,
            "logo_path": "/3cWJikm9MdWCMKdatuk8gDTa5xy.png",
            "name": "Les Films du Carrosse",
            "origin_country": "FR"
        },
        {
            "id": 10897,
            "logo_path": null,
            "name": "S\u00e9dif Productions",
            "origin_country": "FR"
        }
    ],
    "production_countries": [
        {
            "iso_3166_1": "FR",
            "name": "France"
        }
    ],
    "release_date": "1959-06-03",
    "revenue": 0,
    "runtime": 99,
    "spoken_languages": [
        {
            "english_name": "English",
            "iso_639_1": "en",
            "name": "English"
        },
        {
            "english_name": "French",
            "iso_639_1": "fr",
            "name": "Fran\u00e7ais"
        }
    ],
    "status": "Released",
    "tagline": "Angel faces hell-bent for violence.",
    "title": "The 400 Blows",
    "video": false,
    "vote_average": 8.1,
    "vote_count": 1522
}