{
    "adult": false,
    "backdrop_path": "/nevS6wjzCxZESvmjJZqdyZ3RNQ6.jpg",
    "belongs_to_collection": null,
    "budget": 15000000,
    "genres": [
        {
            "id": 35,
            "name": "Comedy"
        },
        {
            "id": 80,
            "name": "Crime"
        }
    ],
    "homepage": "",
    "id": 115,
    "imdb_id": "tt0118715",
    "original_language": "en",
    "original_title": "The Big Lebowski",
    "overview": "Jeffrey 'The Dude' Lebowski, a Los Angeles slacker who only wants to bowl and drink White Russians, is mistaken for another Jeffrey Lebowski, a wheelchair-bound millionaire, and finds himself dragged into a strange series of events involving nihilists, adult film producers, ferrets, errant toes, and large sums of money.",
    "popularity": 23.442,
    "poster_path": "/5DpmtMBXXNDujIuSlKW3WLKuqEd.jpg",
    "production_companies": [
        {
            "id": 37,
            "logo_path": "/nlG4JEjJ7SAFDehgIVvHFBPW23y.png",
            "name": "Gramercy Pictures",
            "origin_country": "US"
        },
        {
            "id": 1382,
            "logo_path": "/sOg7LGESPH5vCTOIdbMhLuypoLL.png",
            "name": "PolyGram Filmed Entertainment",
            "origin_country": "US"
        },
        {
            "id": 10163,
            "logo_path": "/16KWBMmfPX0aJzDExDrPxSLj0Pg.png",
            "name": "Working Title Films",
            "origin_country": "GB"
        },
        {
            "id": 33,
            "logo_path": "/8lvHyhjr8oUKOOy2dKXoALWKdp0.png",
            "name": "Universal Pictures",
            "origin_country": "US"
        }
    ],
    "production_countries": [
        {
            "iso_3166_1": "GB",
            "name": "United Kingdom"
        },
        {
            "iso_3166_1": "US",
            "name": "United States of America"
        }
    ],
    "release_date": "1998-03-06",
    "revenue": 46748047,
    "runtime": 117,
    "spoken_languages": [
        {
            "english_name": "English",
            "iso_639_1": "en",
            "name": "English"
        },
        {
            "english_name": "Hebrew",
            "iso_639_1": "he",
            "name": "\u05e2\u05b4\u05d1\u05b0\u05e8\u05b4\u05d9\u05ea"
        },
        {
            "english_name": "Spanish",
            "iso_639_1": "es",
            "name": "Espa\u00f1ol"
        },
        {
            "english_name": "German",
            "iso_639_1": "de",
            "name": "Deutsch"
        }
    ],
    "status": "Released",
    "tagline": "Times like these call for a Big Lebowski.",
    "title": "The Big Lebowski",
    "video": false,
    "vote_average": 7.9,
    "vote_count": 8813
}