{
    "adult": false,
    "backdrop_path": "/qxUd8WgfkKIoxlmKFWTjddAOJDz.jpg",
    "belongs_to_collection": null,
    "budget": 250000,
    "genres": [
        {
            "id": 35,
            "name": "Comedy"
        },
        {
            "id": 18,
            "name": "Drama"
        }
    ],
    "homepage": "",
    "id": 10098,
    "imdb_id": "tt0012349",
    "original_language": "en",
    "original_title": "The Kid",
    "overview": "A tramp cares for a boy after he's abandoned as a newborn by his mother. Later the mother has a change of heart and aches to be reunited with her son.",
    "popularity": 12.297,
    "poster_path": "/drgMcyTsySQBnUPGaBThCHGdlWT.jpg",
    "production_companies": [
        {
            "id": 3245,
            "logo_path": "/9dBTQp9XitrHkx20i1r9HhZ3Q6B.png",
            "name": "First National Pictures",
            "origin_country": "US"
        },
        {
            "id": 1315,
            "logo_path": null,
            "name": "Charles Chaplin Productions",
            "origin_country": ""
        }
    ],
    "production_countries": [
        {
            "iso_3166_1": "US",
            "name": "United States of America"
        }
    ],
    "release_date": "1921-01-21",
    "revenue": 2500000,
    "runtime": 53,
    "spoken_languages": [
        {
            "english_name": "No Language",
            "iso_639_1": "xx",
            "name": "No Language"
        }
    ],
    "status": "Released",
    "tagline": "6 reels of Joy.",
    "title": "The Kid",
    "video": false,
    "vote_average": 8.2,
    "vote_count": 1458
}