{
    "adult": false,
    "backdrop_path": "/bxY7ve1LP8atCIuvr4jeeJMmU4w.jpg",
    "belongs_to_collection": null,
    "budget": 60000000,
    "genres": [
        {
            "id": 35,
            "name": "Comedy"
        },
        {
            "id": 18,
            "name": "Drama"
        }
    ],
    "homepage": "",
    "id": 37165,
    "imdb_id": "tt0120382",
    "original_language": "en",
    "original_title": "The Truman Show",
    "overview": "Truman Burbank is the star of The Truman Show, a 24-hour-a-day reality TV show that broadcasts every aspect of his life without his knowledge. His entire life has been an unending soap opera for consumption by the rest of the world. And everyone he knows, including his wife and his best friend is really an actor, paid to be part of his life.",
    "popularity": 36.868,
    "poster_path": "/e5EMJEQnWkWb8G6sTMkN91qiqUz.jpg",
    "production_companies": [
        {
            "id": 4,
            "logo_path": "/fycMZt242LVjagMByZOLUGbCvv3.png",
            "name": "Paramount",
            "origin_country": "US"
        },
        {
            "id": 258,
            "logo_path": null,
            "name": "Scott Rudin Productions",
            "origin_country": "US"
        }
    ],
    "production_countries": [
        {
            "iso_3166_1": "US",
            "name": "United States of America"
        }
    ],
    "release_date": "1998-06-04",
    "revenue": 264118201,
    "runtime": 103,
    "spoken_languages": [
        {
            "english_name": "English",
            "iso_639_1": "en",
            "name": "English"
        }
    ],
    "status": "Released",
    "tagline": "The World is Watching",
    "title": "The Truman Show",
    "video": false,
    "vote_average": 8.1,
    "vote_count": 13849
}