{
    "adult": false,
    "backdrop_path": "/xnFmcq40R0umHHLXTpvOW5GTdMh.jpg",
    "belongs_to_collection": null,
    "budget": 1200000,
    "genres": [
        {
            "id": 37,
            "name": "Western"
        }
    ],
    "homepage": "http://www.mgm.com/#/our-titles/766/The-Good,-the-Bad-and-the-Ugly",
    "id": 429,
    "imdb_id": "tt0060196",
    "original_language": "it",
    "original_title": "Il buono, il brutto, il cattivo",
    "overview": "While the Civil War rages between the Union and the Confederacy, three men \u2013 a quiet loner, a ruthless hit man and a Mexican bandit \u2013 comb the American Southwest in search of a strongbox containing $200,000 in stolen gold.",
    "popularity": 40.442,
    "poster_path": "/bX2xnavhMYjWDoZp1VM6VnU1xwe.jpg",
    "production_companies": [
        {
            "id": 60,
            "logo_path": "/oJXpAs4I3W46e4dkaOEzCa4yBko.png",
            "name": "United Artists",
            "origin_country": "US"
        },
        {
            "id": 5755,
            "logo_path": null,
            "name": "Constantin Film",
            "origin_country": "DE"
        },
        {
            "id": 7508,
            "logo_path": null,
            "name": "PEA",
            "origin_country": "IT"
        },
        {
            "id": 42498,
            "logo_path": null,
            "name": "Arturo Gonz\u00e1lez Producciones Cinematogr\u00e1ficas S.A.",
            "origin_country": "ES"
        }
    ],
    "production_countries": [
        {
            "iso_3166_1": "US",
            "name": "United States of America"
        },
        {
            "iso_3166_1": "IT",
            "name": "Italy"
        },
        {
            "iso_3166_1": "ES",
            "name": "Spain"
        },
        {
            "iso_3166_1": "DE",
            "name": "Germany"
        }
    ],
    "release_date": "1966-12-23",
    "revenue": 25118063,
    "runtime": 161,
    "spoken_languages": [
        {
            "english_name": "Italian",
            "iso_639_1": "it",
            "name": "Italiano"
        }
    ],
    "status": "Released",
    "tagline": "For three men the Civil War wasn't hell. It was practice.",
    "title": "The Good, the Bad and the Ugly",
    "video": false,
    "vote_average": 8.5,
    "vote_count": 6211
}