{
    "adult": false,
    "backdrop_path": "/AdKA2F1SzYPhSZdEbjH1Zh75UVQ.jpg",
    "belongs_to_collection": {
        "backdrop_path": "/8L2bt7OWxrVhZPrFPkyZW4rEXzq.jpg",
        "id": 530064,
        "name": "The Shining Collection",
        "poster_path": "/oeuzvbyE1bCsNUndKv1acHbmtmg.jpg"
    },
    "budget": 19000000,
    "genres": [
        {
            "id": 27,
            "name": "Horror"
        },
        {
            "id": 53,
            "name": "Thriller"
        }
    ],
    "homepage": "",
    "id": 694,
    "imdb_id": "tt0081505",
    "original_language": "en",
    "original_title": "The Shining",
    "overview": "Jack Torrance accepts a caretaker job at the Overlook Hotel, where he, along with his wife Wendy and their son Danny, must live isolated from the rest of the world for the winter. But they aren't prepared for the madness that lurks within.",
    "popularity": 59.621,
    "poster_path": "/mvgwG8ReKxwinHcKwdoRUgmUJqo.jpg",
    "production_companies": [
        {
            "id": 88,
            "logo_path": null,
            "name": "Hawk Films",
            "origin_country": ""
        },
        {
            "id": 11272,
            "logo_path": null,
            "name": "Peregrine",
            "origin_country": ""
        },
        {
            "id": 174,
            "logo_path": "/IuAlhI9eVC9Z8UQWOIDdWRKSEJ.png",
            "name": "Warner Bros. Pictures",
            "origin_country": "US"
        },
        {
            "id": 734,
            "logo_path": null,
            "name": "Producers Circle",
            "origin_country": ""
        }
    ],
    "production_countries": [
        {
            "iso_3166_1": "US",
            "name": "United States of America"
        },
        {
            "iso_3166_1": "GB",
            "name": "United Kingdom"
        }
    ],
    "release_date": "1980-05-23",
    "revenue": 44781695,
    "runtime": 144,
    "spoken_languages": [
        {
            "english_name": "English",
            "iso_639_1": "en",
            "name": "English"
        }
    ],
    "status": "Released",
    "tagline": "He came as the caretaker, but this hotel had its own guardians - who'd been there a long time",
    "title": "The Shining",
    "video": false,
    "vote_average": 8.2,
    "vote_count": 13579
}