{
    "adult": false,
    "backdrop_path": "/wXsQvli6tWqja51pYxXNG1LFIGV.jpg",
    "belongs_to_collection": {
        "backdrop_path": "/A9IEaj9cPAwEgFnTmteB70oxgJY.jpg",
        "id": 94032,
        "name": "The Lion King Collection",
        "poster_path": "/oG1heUs503GV6xBnFhgyYTGWm05.jpg"
    },
    "budget": 45000000,
    "genres": [
        {
            "id": 10751,
            "name": "Family"
        },
        {
            "id": 16,
            "name": "Animation"
        },
        {
            "id": 18,
            "name": "Drama"
        }
    ],
    "homepage": "http://movies.disney.com/the-lion-king",
    "id": 8587,
    "imdb_id": "tt0110357",
    "original_language": "en",
    "original_title": "The Lion King",
    "overview": "A young lion prince is cast out of his pride by his cruel uncle, who claims he killed his father. While the uncle rules with an iron paw, the prince grows up beyond the Savannah, living by a philosophy: No worries for the rest of your days. But when his past comes to haunt him, the young prince must decide his fate: Will he remain an outcast or face his demons and become what he needs to be?",
    "popularity": 159.111,
    "poster_path": "/sKCr78MXSLixwmZ8DyJLrpMsd15.jpg",
    "production_companies": [
        {
            "id": 2,
            "logo_path": "/wdrCwmRnLFJhEoH8GSfymY85KHT.png",
            "name": "Walt Disney Pictures",
            "origin_country": "US"
        },
        {
            "id": 6125,
            "logo_path": "/tVPmo07IHhBs4HuilrcV0yujsZ9.png",
            "name": "Walt Disney Animation Studios",
            "origin_country": "US"
        }
    ],
    "production_countries": [
        {
            "iso_3166_1": "US",
            "name": "United States of America"
        }
    ],
    "release_date": "1994-06-23",
    "revenue": 763455561,
    "runtime": 89,
    "spoken_languages": [
        {
            "english_name": "English",
            "iso_639_1": "en",
            "name": "English"
        }
    ],
    "status": "Released",
    "tagline": "Life's greatest adventure is finding your place in the Circle of Life.",
    "title": "The Lion King",
    "video": false,
    "vote_average": 8.3,
    "vote_count": 14576
}