{
    "adult": false,
    "backdrop_path": "/eUKJrORgXWAMFoBwTqJgwqSFprs.jpg",
    "belongs_to_collection": null,
    "budget": 8575000,
    "genres": [
        {
            "id": 53,
            "name": "Thriller"
        },
        {
            "id": 18,
            "name": "Drama"
        },
        {
            "id": 10749,
            "name": "Romance"
        }
    ],
    "homepage": "",
    "id": 290098,
    "imdb_id": "tt4016934",
    "original_language": "ko",
    "original_title": "\uc544\uac00\uc528",
    "overview": "1930s Korea, in the period of Japanese occupation, a young woman is hired as a handmaiden to a Japanese heiress who lives a secluded life on a large countryside estate with her domineering uncle, but she's involved in something greater that will soon be revealed.",
    "popularity": 34.676,
    "poster_path": "/8MnMGO3oALkaiavehLmsKwvBU8S.jpg",
    "production_companies": [
        {
            "id": 34725,
            "logo_path": "/ps6SgHZg9656fZuAAtxOva7hivs.png",
            "name": "Moho Film",
            "origin_country": "KR"
        },
        {
            "id": 49096,
            "logo_path": "/dj9VQ8Tqw4OTP8h5JkSOQGpEeMR.png",
            "name": "Yong Film",
            "origin_country": "KR"
        },
        {
            "id": 7036,
            "logo_path": "/javbyY0ZCvlFJtly3tpZqf2NwLX.png",
            "name": "CJ Entertainment",
            "origin_country": "KR"
        },
        {
            "id": 20580,
            "logo_path": "/oRR9EXVoKP9szDkVKlze5HVJS7g.png",
            "name": "Amazon Studios",
            "origin_country": "US"
        }
    ],
    "production_countries": [
        {
            "iso_3166_1": "KR",
            "name": "South Korea"
        }
    ],
    "release_date": "2016-06-01",
    "revenue": 37767206,
    "runtime": 145,
    "spoken_languages": [
        {
            "english_name": "Japanese",
            "iso_639_1": "ja",
            "name": "\u65e5\u672c\u8a9e"
        },
        {
            "english_name": "Korean",
            "iso_639_1": "ko",
            "name": "\ud55c\uad6d\uc5b4/\uc870\uc120\ub9d0"
        }
    ],
    "status": "Released",
    "tagline": "\"My saviour who came to ruin my life. My Tamako, my Sookee.\"",
    "title": "The Handmaiden",
    "video": false,
    "vote_average": 8.3,
    "vote_count": 2461
}