{
    "adult": false,
    "backdrop_path": "/azIbQpeKKNF9r85lBSRrNnMK0Si.jpg",
    "belongs_to_collection": {
        "backdrop_path": "/d8duYyyC9J5T825Hg7grmaabfxQ.jpg",
        "id": 10,
        "name": "Star Wars Collection",
        "poster_path": "/tdQzRSk4PXX6hzjLcQWHafYtZTI.jpg"
    },
    "budget": 18000000,
    "genres": [
        {
            "id": 12,
            "name": "Adventure"
        },
        {
            "id": 28,
            "name": "Action"
        },
        {
            "id": 878,
            "name": "Science Fiction"
        }
    ],
    "homepage": "http://www.starwars.com/films/star-wars-episode-v-the-empire-strikes-back",
    "id": 1891,
    "imdb_id": "tt0080684",
    "original_language": "en",
    "original_title": "The Empire Strikes Back",
    "overview": "The epic saga continues as Luke Skywalker, in hopes of defeating the evil Galactic Empire, learns the ways of the Jedi from aging master Yoda. But Darth Vader is more determined than ever to capture Luke. Meanwhile, rebel leader Princess Leia, cocky Han Solo, Chewbacca, and droids C-3PO and R2-D2 are thrown into various stages of capture, betrayal and despair.",
    "popularity": 30.636,
    "poster_path": "/2mObg4LWxo4BicFUykGm6oauxHt.jpg",
    "production_companies": [
        {
            "id": 1,
            "logo_path": "/o86DbpburjxrqAzEDhXZcyE8pDb.png",
            "name": "Lucasfilm Ltd.",
            "origin_country": "US"
        },
        {
            "id": 25,
            "logo_path": "/qZCc1lty5FzX30aOCVRBLzaVmcp.png",
            "name": "20th Century Fox",
            "origin_country": "US"
        }
    ],
    "production_countries": [
        {
            "iso_3166_1": "US",
            "name": "United States of America"
        }
    ],
    "release_date": "1980-05-20",
    "revenue": 538400000,
    "runtime": 124,
    "spoken_languages": [
        {
            "english_name": "English",
            "iso_639_1": "en",
            "name": "English"
        }
    ],
    "status": "Released",
    "tagline": "The Adventure Continues...",
    "title": "The Empire Strikes Back",
    "video": false,
    "vote_average": 8.4,
    "vote_count": 13497
}