{
    "adult": false,
    "backdrop_path": "/jIqp5xXY2aw1kxnBPyCXkKQBOJ3.jpg",
    "belongs_to_collection": null,
    "budget": 923000,
    "genres": [
        {
            "id": 12,
            "name": "Adventure"
        },
        {
            "id": 35,
            "name": "Comedy"
        },
        {
            "id": 18,
            "name": "Drama"
        }
    ],
    "homepage": "",
    "id": 962,
    "imdb_id": "tt0015864",
    "original_language": "en",
    "original_title": "The Gold Rush",
    "overview": "A lone prospector ventures into Alaska looking for gold. He soon gets mixed up with some burly characters, falls in love with the beautiful Georgia, and tries to win her heart with his singular charm.",
    "popularity": 10.676,
    "poster_path": "/eQRFo1qwRREYwj47Yoe1PisgOle.jpg",
    "production_companies": [
        {
            "id": 1315,
            "logo_path": null,
            "name": "Charles Chaplin Productions",
            "origin_country": ""
        },
        {
            "id": 60,
            "logo_path": "/oJXpAs4I3W46e4dkaOEzCa4yBko.png",
            "name": "United Artists",
            "origin_country": "US"
        }
    ],
    "production_countries": [
        {
            "iso_3166_1": "US",
            "name": "United States of America"
        }
    ],
    "release_date": "1925-07-12",
    "revenue": 4000000,
    "runtime": 89,
    "spoken_languages": [
        {
            "english_name": "No Language",
            "iso_639_1": "xx",
            "name": "No Language"
        }
    ],
    "status": "Released",
    "tagline": "The World's Greatest Laughing Picture!",
    "title": "The Gold Rush",
    "video": false,
    "vote_average": 8.0,
    "vote_count": 1099
}