{
    "adult": false,
    "backdrop_path": "/1r9lH3DaSWKGyvZaoo6BF5STOk5.jpg",
    "belongs_to_collection": {
        "backdrop_path": null,
        "id": 330605,
        "name": "The Sting Collection",
        "poster_path": "/3tf7NDMUqIJLBQmvHWPfA42maDm.jpg"
    },
    "budget": 5500000,
    "genres": [
        {
            "id": 35,
            "name": "Comedy"
        },
        {
            "id": 80,
            "name": "Crime"
        },
        {
            "id": 18,
            "name": "Drama"
        }
    ],
    "homepage": "",
    "id": 9277,
    "imdb_id": "tt0070735",
    "original_language": "en",
    "original_title": "The Sting",
    "overview": "Set in the 1930s this intricate caper deals with an ambitious small-time crook and a veteran con man who seek revenge on a vicious crime lord who murdered one of their gang.",
    "popularity": 21.459,
    "poster_path": "/fpxhmgeCuPQOeatfeCPwtOwUwlb.jpg",
    "production_companies": [
        {
            "id": 33,
            "logo_path": "/8lvHyhjr8oUKOOy2dKXoALWKdp0.png",
            "name": "Universal Pictures",
            "origin_country": "US"
        },
        {
            "id": 1865,
            "logo_path": null,
            "name": "Zanuck/Brown Productions",
            "origin_country": "US"
        }
    ],
    "production_countries": [
        {
            "iso_3166_1": "US",
            "name": "United States of America"
        }
    ],
    "release_date": "1973-12-25",
    "revenue": 159616327,
    "runtime": 129,
    "spoken_languages": [
        {
            "english_name": "English",
            "iso_639_1": "en",
            "name": "English"
        }
    ],
    "status": "Released",
    "tagline": "...all it takes is a little confidence.",
    "title": "The Sting",
    "video": false,
    "vote_average": 8.0,
    "vote_count": 1836
}