{
    "adult": false,
    "backdrop_path": "/6SP1bFfoXhW7Ni7fPw5GjY7ACBS.jpg",
    "belongs_to_collection": null,
    "budget": 0,
    "genres": [
        {
            "id": 18,
            "name": "Drama"
        }
    ],
    "homepage": "https://www.sonyclassics.com/film/thefather",
    "id": 600354,
    "imdb_id": "tt10272386",
    "original_language": "en",
    "original_title": "The Father",
    "overview": "A man refuses all assistance from his daughter as he ages and, as he tries to make sense of his changing circumstances, he begins to doubt his loved ones, his own mind and even the fabric of his reality.",
    "popularity": 33.578,
    "poster_path": "/pr3bEQ517uMb5loLvjFQi8uLAsp.jpg",
    "production_companies": [
        {
            "id": 22153,
            "logo_path": null,
            "name": "Trademark Films",
            "origin_country": "GB"
        },
        {
            "id": 11778,
            "logo_path": null,
            "name": "F Comme Film",
            "origin_country": "FR"
        },
        {
            "id": 2564,
            "logo_path": null,
            "name": "Cin\u00e9@",
            "origin_country": "FR"
        },
        {
            "id": 86902,
            "logo_path": "/uTXXIOJMikSZteOB6V284SDQer4.png",
            "name": "Embankment Films",
            "origin_country": "GB"
        },
        {
            "id": 6705,
            "logo_path": "/e8EXNSfwr5E9d3TR8dHKbQnQK4W.png",
            "name": "Film4 Productions",
            "origin_country": "GB"
        },
        {
            "id": 104,
            "logo_path": "/9aotxauvc9685tq9pTcRJszuT06.png",
            "name": "Canal+",
            "origin_country": "FR"
        },
        {
            "id": 10611,
            "logo_path": "/zQ4fGaEnNkWfSzyygXRcUZwPmDG.png",
            "name": "Cin\u00e9+",
            "origin_country": "FR"
        },
        {
            "id": 15433,
            "logo_path": "/9nnaDAbuHwbikxAV1t1BC2Z60GC.png",
            "name": "Orange Studio",
            "origin_country": "FR"
        },
        {
            "id": 58,
            "logo_path": "/voYCwlBHJQANtjvm5MNIkCF1dDH.png",
            "name": "Sony Pictures Classics",
            "origin_country": "US"
        }
    ],
    "production_countries": [
        {
            "iso_3166_1": "GB",
            "name": "United Kingdom"
        },
        {
            "iso_3166_1": "FR",
            "name": "France"
        }
    ],
    "release_date": "2021-02-26",
    "revenue": 21029340,
    "runtime": 97,
    "spoken_languages": [
        {
            "english_name": "English",
            "iso_639_1": "en",
            "name": "English"
        }
    ],
    "status": "Released",
    "tagline": "",
    "title": "The Father",
    "video": false,
    "vote_average": 8.2,
    "vote_count": 1532
}