{
    "adult": false,
    "backdrop_path": "/4sSoyZgF2SeyemGgi1TkF5i1x92.jpg",
    "belongs_to_collection": null,
    "budget": 0,
    "genres": [
        {
            "id": 53,
            "name": "Thriller"
        },
        {
            "id": 9648,
            "name": "Mystery"
        }
    ],
    "homepage": "",
    "id": 1092,
    "imdb_id": "tt0041959",
    "original_language": "en",
    "original_title": "The Third Man",
    "overview": "In postwar Vienna, Austria, Holly Martins, a writer of pulp Westerns, arrives penniless as a guest of his childhood chum Harry Lime, only to learn he has died. Martins develops a conspiracy theory after learning of a \"third man\" present at the time of Harry's death, running into interference from British officer Major Calloway, and falling head-over-heels for Harry's grief-stricken lover, Anna.",
    "popularity": 15.856,
    "poster_path": "/rO2Fq0AZZx9obs52KJdx4mRE8p5.jpg",
    "production_companies": [
        {
            "id": 659,
            "logo_path": null,
            "name": "London Films Productions",
            "origin_country": "GB"
        },
        {
            "id": 632,
            "logo_path": null,
            "name": "British Lion Films",
            "origin_country": "GB"
        }
    ],
    "production_countries": [
        {
            "iso_3166_1": "GB",
            "name": "United Kingdom"
        }
    ],
    "release_date": "1949-08-31",
    "revenue": 1226098,
    "runtime": 104,
    "spoken_languages": [
        {
            "english_name": "English",
            "iso_639_1": "en",
            "name": "English"
        },
        {
            "english_name": "Russian",
            "iso_639_1": "ru",
            "name": "P\u0443\u0441\u0441\u043a\u0438\u0439"
        },
        {
            "english_name": "German",
            "iso_639_1": "de",
            "name": "Deutsch"
        }
    ],
    "status": "Released",
    "tagline": "Hunted by men ... Sought by WOMEN!",
    "title": "The Third Man",
    "video": false,
    "vote_average": 8.0,
    "vote_count": 1276
}