{
    "adult": false,
    "backdrop_path": "/dYocWQoWk3Y6vBa0pGc0OQ8GLqn.jpg",
    "belongs_to_collection": null,
    "budget": 750000,
    "genres": [
        {
            "id": 28,
            "name": "Action"
        },
        {
            "id": 12,
            "name": "Adventure"
        },
        {
            "id": 35,
            "name": "Comedy"
        },
        {
            "id": 18,
            "name": "Drama"
        },
        {
            "id": 10752,
            "name": "War"
        }
    ],
    "homepage": "",
    "id": 961,
    "imdb_id": "tt0017925",
    "original_language": "en",
    "original_title": "The General",
    "overview": "During America\u2019s Civil War, Union spies steal engineer Johnnie Gray's beloved locomotive, 'The General'\u2014with Johnnie's lady love aboard an attached boxcar\u2014and he single-handedly must do all in his power to both get The General back and to rescue Annabelle.",
    "popularity": 9.879,
    "poster_path": "/dd2cviAare1rUoMiDmG2NuvFQEE.jpg",
    "production_companies": [
        {
            "id": 13913,
            "logo_path": null,
            "name": "Joseph M. Schenck Productions",
            "origin_country": ""
        },
        {
            "id": 12190,
            "logo_path": null,
            "name": "Buster Keaton Productions",
            "origin_country": ""
        }
    ],
    "production_countries": [
        {
            "iso_3166_1": "US",
            "name": "United States of America"
        }
    ],
    "release_date": "1926-12-25",
    "revenue": 1000000,
    "runtime": 79,
    "spoken_languages": [
        {
            "english_name": "No Language",
            "iso_639_1": "xx",
            "name": "No Language"
        }
    ],
    "status": "Released",
    "tagline": "Buster drives \"The General\" to trainload of laughter.",
    "title": "The General",
    "video": false,
    "vote_average": 8.1,
    "vote_count": 791
}