{
    "adult": false,
    "backdrop_path": "/cWUOv3H7YFwvKeaQhoAQTLLpo9Z.jpg",
    "belongs_to_collection": null,
    "budget": 100000000,
    "genres": [
        {
            "id": 80,
            "name": "Crime"
        },
        {
            "id": 18,
            "name": "Drama"
        },
        {
            "id": 35,
            "name": "Comedy"
        }
    ],
    "homepage": "http://www.thewolfofwallstreet.com/",
    "id": 106646,
    "imdb_id": "tt0993846",
    "original_language": "en",
    "original_title": "The Wolf of Wall Street",
    "overview": "A New York stockbroker refuses to cooperate in a large securities fraud case involving corruption on Wall Street, corporate banking world and mob infiltration. Based on Jordan Belfort's autobiography.",
    "popularity": 137.703,
    "poster_path": "/pWHf4khOloNVfCxscsXFj3jj6gP.jpg",
    "production_companies": [
        {
            "id": 14654,
            "logo_path": null,
            "name": "EMJAG Productions",
            "origin_country": ""
        },
        {
            "id": 4,
            "logo_path": "/fycMZt242LVjagMByZOLUGbCvv3.png",
            "name": "Paramount",
            "origin_country": "US"
        },
        {
            "id": 19177,
            "logo_path": null,
            "name": "Red Granite Pictures",
            "origin_country": ""
        },
        {
            "id": 562,
            "logo_path": "/k3NsSdV854UX4zEReX1dl1Psxbb.png",
            "name": "Appian Way",
            "origin_country": "US"
        },
        {
            "id": 23243,
            "logo_path": null,
            "name": "Sikelia Productions",
            "origin_country": "US"
        },
        {
            "id": 6548,
            "logo_path": "/rlm70Ypcfis5L6Q7MlWxhW7IbCy.png",
            "name": "Paramount Home Entertainment",
            "origin_country": "US"
        }
    ],
    "production_countries": [
        {
            "iso_3166_1": "US",
            "name": "United States of America"
        }
    ],
    "release_date": "2013-12-25",
    "revenue": 392000000,
    "runtime": 180,
    "spoken_languages": [
        {
            "english_name": "French",
            "iso_639_1": "fr",
            "name": "Fran\u00e7ais"
        },
        {
            "english_name": "English",
            "iso_639_1": "en",
            "name": "English"
        }
    ],
    "status": "Released",
    "tagline": "EARN. SPEND. PARTY.",
    "title": "The Wolf of Wall Street",
    "video": false,
    "vote_average": 8.0,
    "vote_count": 18550
}