{
    "adult": false,
    "backdrop_path": "/A1mteOfKdvK5er2sD5i02Qw3CWz.jpg",
    "belongs_to_collection": null,
    "budget": 0,
    "genres": [
        {
            "id": 18,
            "name": "Drama"
        },
        {
            "id": 36,
            "name": "History"
        }
    ],
    "homepage": "",
    "id": 780,
    "imdb_id": "tt0019254",
    "original_language": "fr",
    "original_title": "La passion de Jeanne d'Arc",
    "overview": "A classic of the silent age, this film tells the story of the doomed but ultimately canonized 15th-century teenage warrior. On trial for claiming she'd spoken to God, Jeanne d'Arc is subjected to inhumane treatment and scare tactics at the hands of church court officials. Initially bullied into changing her story, Jeanne eventually opts for what she sees as the truth. Her punishment, a famously brutal execution, earns her perpetual martyrdom.",
    "popularity": 11.498,
    "poster_path": "/8OYGtQlO8k9PcOm49apV62eVJQo.jpg",
    "production_companies": [
        {
            "id": 1237,
            "logo_path": null,
            "name": "Soci\u00e9t\u00e9 g\u00e9n\u00e9rale des films",
            "origin_country": ""
        }
    ],
    "production_countries": [
        {
            "iso_3166_1": "FR",
            "name": "France"
        }
    ],
    "release_date": "1928-04-21",
    "revenue": 0,
    "runtime": 82,
    "spoken_languages": [
        {
            "english_name": "No Language",
            "iso_639_1": "xx",
            "name": "No Language"
        }
    ],
    "status": "Released",
    "tagline": "An Immortal Screen Classic that will live Forever!",
    "title": "The Passion of Joan of Arc",
    "video": false,
    "vote_average": 8.1,
    "vote_count": 592
}