{
    "adult": false,
    "backdrop_path": "/xFuRZtuTbTY3S1QLY8Y9XYH1JCk.jpg",
    "belongs_to_collection": null,
    "budget": 25000000,
    "genres": [
        {
            "id": 18,
            "name": "Drama"
        }
    ],
    "homepage": "",
    "id": 7345,
    "imdb_id": "tt0469494",
    "original_language": "en",
    "original_title": "There Will Be Blood",
    "overview": "Ruthless silver miner, turned oil prospector, Daniel Plainview, moves to oil-rich California. Using his son to project a trustworthy, family-man image, Plainview cons local landowners into selling him their valuable properties for a pittance. However, local preacher Eli Sunday suspects Plainview's motives and intentions, starting a slow-burning feud that threatens both their lives.",
    "popularity": 21.42,
    "poster_path": "/fa0RDkAlCec0STeMNAhPaF89q6U.jpg",
    "production_companies": [
        {
            "id": 838,
            "logo_path": "/tcW3UqV46Mdq6GyaS1ydEDocEDF.png",
            "name": "Paramount Vantage",
            "origin_country": "US"
        },
        {
            "id": 14,
            "logo_path": "/m6AHu84oZQxvq7n1rsvMNJIAsMu.png",
            "name": "Miramax",
            "origin_country": "US"
        },
        {
            "id": 178,
            "logo_path": null,
            "name": "Ghoulardi Film Company",
            "origin_country": "US"
        }
    ],
    "production_countries": [
        {
            "iso_3166_1": "US",
            "name": "United States of America"
        }
    ],
    "release_date": "2007-12-28",
    "revenue": 77208711,
    "runtime": 158,
    "spoken_languages": [
        {
            "english_name": "English",
            "iso_639_1": "en",
            "name": "English"
        }
    ],
    "status": "Released",
    "tagline": "There Will Be Greed. There Will Be Vengeance.",
    "title": "There Will Be Blood",
    "video": false,
    "vote_average": 8.1,
    "vote_count": 4797
}