{
    "adult": false,
    "backdrop_path": "/A9IY3j3Hwf4Q8Q9w5QxSQPYSvCu.jpg",
    "belongs_to_collection": {
        "backdrop_path": "/AeHExfHIl70SZCea907KfEoSkfJ.jpg",
        "id": 131,
        "name": "Three Colors Collection",
        "poster_path": "/ph9rRSTG4xL8nubxNrK00VUMn5l.jpg"
    },
    "budget": 0,
    "genres": [
        {
            "id": 18,
            "name": "Drama"
        },
        {
            "id": 9648,
            "name": "Mystery"
        },
        {
            "id": 10749,
            "name": "Romance"
        }
    ],
    "homepage": "",
    "id": 110,
    "imdb_id": "tt0111495",
    "original_language": "fr",
    "original_title": "Trois couleurs : Rouge",
    "overview": "Valentine, a student model in Geneva, struggles with a possessive boyfriend and a troubled family. When she runs over a dog, she discovers that its owner, a retired judge, is illegally wiretapping and eavesdropping on his neighbors' phone calls. Although Valentine is outraged, she develops a strange bond with the judge \u2013 and as the two become closer, she finds herself caught in the middle of events that could change her life.",
    "popularity": 14.045,
    "poster_path": "/5YIzZaQlwYJY5ZEqHRs9dG9DduB.jpg",
    "production_companies": [
        {
            "id": 38,
            "logo_path": "/qMi10Y3HnR7BQRqMC4ch7qZ6HN4.png",
            "name": "Zesp\u00f3\u0142 Filmowy TOR",
            "origin_country": "PL"
        },
        {
            "id": 183,
            "logo_path": null,
            "name": "Le Studio Canal+",
            "origin_country": "FR"
        },
        {
            "id": 591,
            "logo_path": "/q5I5RDwMEiqoNmfaJgd2LraEOJY.png",
            "name": "France 3 Cin\u00e9ma",
            "origin_country": "FR"
        },
        {
            "id": 1245,
            "logo_path": "/suKdkPTtHn0DzGYmrXCA506dJON.png",
            "name": "TSR",
            "origin_country": "CH"
        },
        {
            "id": 14,
            "logo_path": "/m6AHu84oZQxvq7n1rsvMNJIAsMu.png",
            "name": "Miramax",
            "origin_country": "US"
        }
    ],
    "production_countries": [
        {
            "iso_3166_1": "FR",
            "name": "France"
        },
        {
            "iso_3166_1": "PL",
            "name": "Poland"
        },
        {
            "iso_3166_1": "CH",
            "name": "Switzerland"
        }
    ],
    "release_date": "1994-05-27",
    "revenue": 0,
    "runtime": 100,
    "spoken_languages": [
        {
            "english_name": "French",
            "iso_639_1": "fr",
            "name": "Fran\u00e7ais"
        }
    ],
    "status": "Released",
    "tagline": "",
    "title": "Three Colors: Red",
    "video": false,
    "vote_average": 8.0,
    "vote_count": 928
}