{
    "adult": false,
    "backdrop_path": "/5g0W5MUP75zyfluLhhVet15F71z.jpg",
    "belongs_to_collection": null,
    "budget": 15000000,
    "genres": [
        {
            "id": 80,
            "name": "Crime"
        },
        {
            "id": 18,
            "name": "Drama"
        }
    ],
    "homepage": "http://www.foxsearchlight.com/threebillboardsoutsideebbingmissouri",
    "id": 359940,
    "imdb_id": "tt5027774",
    "original_language": "en",
    "original_title": "Three Billboards Outside Ebbing, Missouri",
    "overview": "After seven months have passed without a culprit in her daughter's murder case, Mildred Hayes makes a bold move, painting three signs leading into her town with a controversial message directed at Bill Willoughby, the town's revered chief of police. When his second-in-command Officer Jason Dixon, an immature mother's boy with a penchant for violence, gets involved, the battle between Mildred and Ebbing's law enforcement is only exacerbated.",
    "popularity": 24.609,
    "poster_path": "/bRYLt8fV82tdVoDppSFTZIcJiLN.jpg",
    "production_companies": [
        {
            "id": 2376,
            "logo_path": "/yeNoWmSHZfvKsBYuL8uTRE4LPdQ.png",
            "name": "Blueprint Pictures",
            "origin_country": "GB"
        },
        {
            "id": 94694,
            "logo_path": "/NVim8F3S69VMWLEXvsFUODDy9V.png",
            "name": "Cutting Edge Group",
            "origin_country": "US"
        },
        {
            "id": 43,
            "logo_path": "/4RgIPr55kBakgupWkzdDxqXJEqr.png",
            "name": "Fox Searchlight Pictures",
            "origin_country": "US"
        },
        {
            "id": 6705,
            "logo_path": "/e8EXNSfwr5E9d3TR8dHKbQnQK4W.png",
            "name": "Film4 Productions",
            "origin_country": "GB"
        }
    ],
    "production_countries": [
        {
            "iso_3166_1": "GB",
            "name": "United Kingdom"
        },
        {
            "iso_3166_1": "US",
            "name": "United States of America"
        }
    ],
    "release_date": "2017-12-01",
    "revenue": 160192031,
    "runtime": 115,
    "spoken_languages": [
        {
            "english_name": "English",
            "iso_639_1": "en",
            "name": "English"
        }
    ],
    "status": "Released",
    "tagline": "",
    "title": "Three Billboards Outside Ebbing, Missouri",
    "video": false,
    "vote_average": 8.1,
    "vote_count": 8104
}