{
    "adult": false,
    "backdrop_path": "/p69ybBV94wSmyCGE2y2pH9U86l0.jpg",
    "belongs_to_collection": null,
    "budget": 0,
    "genres": [
        {
            "id": 35,
            "name": "Comedy"
        },
        {
            "id": 10752,
            "name": "War"
        }
    ],
    "homepage": "",
    "id": 198,
    "imdb_id": "tt0035446",
    "original_language": "en",
    "original_title": "To Be or Not to Be",
    "overview": "During the Nazi occupation of Poland, an acting troupe becomes embroiled in a Polish soldier's efforts to track down a German spy.",
    "popularity": 10.438,
    "poster_path": "/dDQRpEoyjHT4fzw9cNklIvZuXYg.jpg",
    "production_companies": [
        {
            "id": 60,
            "logo_path": "/oJXpAs4I3W46e4dkaOEzCa4yBko.png",
            "name": "United Artists",
            "origin_country": "US"
        }
    ],
    "production_countries": [
        {
            "iso_3166_1": "US",
            "name": "United States of America"
        }
    ],
    "release_date": "1942-03-05",
    "revenue": 0,
    "runtime": 99,
    "spoken_languages": [
        {
            "english_name": "German",
            "iso_639_1": "de",
            "name": "Deutsch"
        },
        {
            "english_name": "English",
            "iso_639_1": "en",
            "name": "English"
        }
    ],
    "status": "Released",
    "tagline": "",
    "title": "To Be or Not to Be",
    "video": false,
    "vote_average": 7.9,
    "vote_count": 459
}