{
    "adult": false,
    "backdrop_path": "/mbJIERhLu25fyZb8DQIq1JN3AOR.jpg",
    "belongs_to_collection": null,
    "budget": 2000000,
    "genres": [
        {
            "id": 80,
            "name": "Crime"
        },
        {
            "id": 18,
            "name": "Drama"
        }
    ],
    "homepage": "",
    "id": 595,
    "imdb_id": "tt0056592",
    "original_language": "en",
    "original_title": "To Kill a Mockingbird",
    "overview": "Scout Finch, 6, and her older brother Jem live in sleepy Maycomb, Alabama, spending much of their time with their friend Dill and spying on their reclusive and mysterious neighbor, Boo Radley. When Atticus, their widowed father and a respected lawyer, defends a black man named Tom Robinson against fabricated rape charges, the trial and tangent events expose the children to evils of racism and stereotyping.",
    "popularity": 19.985,
    "poster_path": "/o5icF9TCe8Ld5bWy19rPwsNyLLv.jpg",
    "production_companies": [
        {
            "id": 1511,
            "logo_path": null,
            "name": "Pakula-Mulligan",
            "origin_country": ""
        },
        {
            "id": 24308,
            "logo_path": null,
            "name": "Brentwood Productions",
            "origin_country": ""
        }
    ],
    "production_countries": [
        {
            "iso_3166_1": "US",
            "name": "United States of America"
        }
    ],
    "release_date": "1962-12-20",
    "revenue": 13129846,
    "runtime": 129,
    "spoken_languages": [
        {
            "english_name": "English",
            "iso_639_1": "en",
            "name": "English"
        }
    ],
    "status": "Released",
    "tagline": "The rare film story of a father who must expose his children to a small town's outraged passions\u2026 and can only protect them with his love.",
    "title": "To Kill a Mockingbird",
    "video": false,
    "vote_average": 8.1,
    "vote_count": 1941
}