{
    "adult": false,
    "backdrop_path": "/jLq0ol1f0ZKXni9R9GsPBcyPrNN.jpg",
    "belongs_to_collection": null,
    "budget": 0,
    "genres": [
        {
            "id": 18,
            "name": "Drama"
        }
    ],
    "homepage": "",
    "id": 18148,
    "imdb_id": "tt0046438",
    "original_language": "ja",
    "original_title": "\u6771\u4eac\u7269\u8a9e",
    "overview": "The elderly Shukishi and his wife, Tomi, take the long journey from their small seaside village to visit their adult children in Tokyo. Their elder son, Koichi, a doctor, and their daughter, Shige, a hairdresser, don't have much time to spend with their aged parents, and so it falls to Noriko, the widow of their younger son who was killed in the war, to keep her in-laws company.",
    "popularity": 13.755,
    "poster_path": "/g2YbTYKpY7N2yDSk7BfXZ18I5QV.jpg",
    "production_companies": [
        {
            "id": 192,
            "logo_path": "/93eAKlnQecDdMtucfOprzcjMw9V.png",
            "name": "Shochiku",
            "origin_country": "JP"
        }
    ],
    "production_countries": [
        {
            "iso_3166_1": "JP",
            "name": "Japan"
        }
    ],
    "release_date": "1953-11-03",
    "revenue": 0,
    "runtime": 137,
    "spoken_languages": [
        {
            "english_name": "English",
            "iso_639_1": "en",
            "name": "English"
        },
        {
            "english_name": "Japanese",
            "iso_639_1": "ja",
            "name": "\u65e5\u672c\u8a9e"
        }
    ],
    "status": "Released",
    "tagline": "As long as life goes on, relationships between parents and children will bring boundless joy and endless grief.",
    "title": "Tokyo Story",
    "video": false,
    "vote_average": 8.3,
    "vote_count": 699
}