{
    "adult": false,
    "backdrop_path": "/csDxOOSjfcJNNRo4ma8ltVynELV.jpg",
    "belongs_to_collection": {
        "backdrop_path": "/9FBwqcd9IRruEDUrTdcaafOMKUq.jpg",
        "id": 10194,
        "name": "Toy Story Collection",
        "poster_path": "/7G9915LfUQ2lVfwMEEhDsn3kT4B.jpg"
    },
    "budget": 200000000,
    "genres": [
        {
            "id": 16,
            "name": "Animation"
        },
        {
            "id": 10751,
            "name": "Family"
        },
        {
            "id": 35,
            "name": "Comedy"
        }
    ],
    "homepage": "http://disney.go.com/toystory/",
    "id": 10193,
    "imdb_id": "tt0435761",
    "original_language": "en",
    "original_title": "Toy Story 3",
    "overview": "Woody, Buzz, and the rest of Andy's toys haven't been played with in years. With Andy about to go to college, the gang find themselves accidentally left at a nefarious day care center. The toys must band together to escape and return home to Andy.",
    "popularity": 97.29,
    "poster_path": "/4cpGytCB0eqvRks4FAlJoUJiFPG.jpg",
    "production_companies": [
        {
            "id": 3,
            "logo_path": "/1TjvGVDMYsj6JBxOAkUHpPEwLf7.png",
            "name": "Pixar",
            "origin_country": "US"
        },
        {
            "id": 2,
            "logo_path": "/wdrCwmRnLFJhEoH8GSfymY85KHT.png",
            "name": "Walt Disney Pictures",
            "origin_country": "US"
        },
        {
            "id": 111619,
            "logo_path": null,
            "name": "Walt Disney Studios Motion Pictures",
            "origin_country": ""
        }
    ],
    "production_countries": [
        {
            "iso_3166_1": "US",
            "name": "United States of America"
        }
    ],
    "release_date": "2010-06-16",
    "revenue": 1066969703,
    "runtime": 103,
    "spoken_languages": [
        {
            "english_name": "English",
            "iso_639_1": "en",
            "name": "English"
        },
        {
            "english_name": "Spanish",
            "iso_639_1": "es",
            "name": "Espa\u00f1ol"
        }
    ],
    "status": "Released",
    "tagline": "No toy gets left behind.",
    "title": "Toy Story 3",
    "video": false,
    "vote_average": 7.8,
    "vote_count": 11877
}