{
    "adult": false,
    "backdrop_path": "/Aw0z8bUhGljT0ots6udf1MTLEMi.jpg",
    "belongs_to_collection": {
        "backdrop_path": "/Ap1WbMPScADhMrtBRVp4taK6Ncw.jpg",
        "id": 424202,
        "name": "Trainspotting Collection",
        "poster_path": "/6W9nyZ3Daq4zHkfTRIzNgWg6ai6.jpg"
    },
    "budget": 4000000,
    "genres": [
        {
            "id": 18,
            "name": "Drama"
        },
        {
            "id": 80,
            "name": "Crime"
        }
    ],
    "homepage": "http://www.miramax.com/movie/trainspotting",
    "id": 627,
    "imdb_id": "tt0117951",
    "original_language": "en",
    "original_title": "Trainspotting",
    "overview": "Heroin addict Mark Renton stumbles through bad ideas and sobriety attempts with his unreliable friends -- Sick Boy, Begbie, Spud and Tommy. He also has an underage girlfriend, Diane, along for the ride. After cleaning up and moving from Edinburgh to London, Mark finds he can't escape the life he left behind when Begbie shows up at his front door on the lam, and a scheming Sick Boy follows.",
    "popularity": 24.679,
    "poster_path": "/6UTzw3kipgTYAJCX8GExoXzcVOx.jpg",
    "production_companies": [
        {
            "id": 181,
            "logo_path": "/zhQ77XOviCBuXd74IurqqjgLNe0.png",
            "name": "Channel Four Films",
            "origin_country": "GB"
        },
        {
            "id": 358,
            "logo_path": null,
            "name": "Noel Gay Motion Picture Company",
            "origin_country": ""
        },
        {
            "id": 359,
            "logo_path": null,
            "name": "Figment Films",
            "origin_country": ""
        },
        {
            "id": 14,
            "logo_path": "/m6AHu84oZQxvq7n1rsvMNJIAsMu.png",
            "name": "Miramax",
            "origin_country": "US"
        },
        {
            "id": 6705,
            "logo_path": "/e8EXNSfwr5E9d3TR8dHKbQnQK4W.png",
            "name": "Film4 Productions",
            "origin_country": "GB"
        }
    ],
    "production_countries": [
        {
            "iso_3166_1": "GB",
            "name": "United Kingdom"
        }
    ],
    "release_date": "1996-02-23",
    "revenue": 16491080,
    "runtime": 94,
    "spoken_languages": [
        {
            "english_name": "English",
            "iso_639_1": "en",
            "name": "English"
        }
    ],
    "status": "Released",
    "tagline": "Choose life.",
    "title": "Trainspotting",
    "video": false,
    "vote_average": 8.0,
    "vote_count": 7750
}