{
    "adult": false,
    "backdrop_path": "/rvRGFevvZK48onX0PYI1eQLbuJd.jpg",
    "belongs_to_collection": null,
    "budget": 14400000,
    "genres": [
        {
            "id": 37,
            "name": "Western"
        }
    ],
    "homepage": "",
    "id": 33,
    "imdb_id": "tt0105695",
    "original_language": "en",
    "original_title": "Unforgiven",
    "overview": "William Munny is a retired, once-ruthless killer turned gentle widower and hog farmer. To help support his two motherless children, he accepts one last bounty-hunter mission to find the men who brutalized a prostitute. Joined by his former partner and a cocky greenhorn, he takes on a corrupt sheriff.",
    "popularity": 24.392,
    "poster_path": "/yKyLJmRAtyXEEYKOvPhKHXIcPq9.jpg",
    "production_companies": [
        {
            "id": 174,
            "logo_path": "/IuAlhI9eVC9Z8UQWOIDdWRKSEJ.png",
            "name": "Warner Bros. Pictures",
            "origin_country": "US"
        },
        {
            "id": 171,
            "logo_path": null,
            "name": "Malpaso Productions",
            "origin_country": "US"
        }
    ],
    "production_countries": [
        {
            "iso_3166_1": "US",
            "name": "United States of America"
        }
    ],
    "release_date": "1992-08-07",
    "revenue": 159157447,
    "runtime": 130,
    "spoken_languages": [
        {
            "english_name": "English",
            "iso_639_1": "en",
            "name": "English"
        }
    ],
    "status": "Released",
    "tagline": "Some legends will never be forgotten. Some wrongs can never be forgiven.",
    "title": "Unforgiven",
    "video": false,
    "vote_average": 7.9,
    "vote_count": 3139
}