{
    "adult": false,
    "backdrop_path": "/h8C7KZwCJO5DN7jPifc7AoIjx7k.jpg",
    "belongs_to_collection": null,
    "budget": 175000000,
    "genres": [
        {
            "id": 16,
            "name": "Animation"
        },
        {
            "id": 35,
            "name": "Comedy"
        },
        {
            "id": 10751,
            "name": "Family"
        },
        {
            "id": 12,
            "name": "Adventure"
        }
    ],
    "homepage": "http://disney.go.com/disneypictures/up/",
    "id": 14160,
    "imdb_id": "tt1049413",
    "original_language": "en",
    "original_title": "Up",
    "overview": "Carl Fredricksen spent his entire life dreaming of exploring the globe and experiencing life to its fullest. But at age 78, life seems to have passed him by, until a twist of fate (and a persistent 8-year old Wilderness Explorer named Russell) gives him a new lease on life.",
    "popularity": 92.957,
    "poster_path": "/eAdO0qa9m0NFSVLZ26PvCwmPlsr.jpg",
    "production_companies": [
        {
            "id": 3,
            "logo_path": "/1TjvGVDMYsj6JBxOAkUHpPEwLf7.png",
            "name": "Pixar",
            "origin_country": "US"
        }
    ],
    "production_countries": [
        {
            "iso_3166_1": "US",
            "name": "United States of America"
        }
    ],
    "release_date": "2009-05-28",
    "revenue": 735099082,
    "runtime": 96,
    "spoken_languages": [
        {
            "english_name": "English",
            "iso_639_1": "en",
            "name": "English"
        }
    ],
    "status": "Released",
    "tagline": "",
    "title": "Up",
    "video": false,
    "vote_average": 7.9,
    "vote_count": 16398
}