{
    "adult": false,
    "backdrop_path": "/uF0yNBvxYeoNM85rfvLrPvIhGrp.jpg",
    "belongs_to_collection": null,
    "budget": 54000000,
    "genres": [
        {
            "id": 28,
            "name": "Action"
        },
        {
            "id": 53,
            "name": "Thriller"
        },
        {
            "id": 14,
            "name": "Fantasy"
        }
    ],
    "homepage": "http://vforvendetta.warnerbros.com/",
    "id": 752,
    "imdb_id": "tt0434409",
    "original_language": "en",
    "original_title": "V for Vendetta",
    "overview": "In a world in which Great Britain has become a fascist state, a masked vigilante known only as \u201cV\u201d conducts guerrilla warfare against the oppressive British government. When V rescues a young woman from the secret police, he finds in her an ally with whom he can continue his fight to free the people of Britain.",
    "popularity": 52.603,
    "poster_path": "/2ySXWBckQboalTZjhaLWRqc3gCN.jpg",
    "production_companies": [
        {
            "id": 264,
            "logo_path": "/fA90qwUKgPhMONqtwY60GaHRyrW.png",
            "name": "Studio Babelsberg",
            "origin_country": "DE"
        },
        {
            "id": 449,
            "logo_path": null,
            "name": "Virtual Studios",
            "origin_country": "US"
        },
        {
            "id": 450,
            "logo_path": null,
            "name": "Anarchos Productions",
            "origin_country": ""
        },
        {
            "id": 1885,
            "logo_path": "/xlvoOZr4s1PygosrwZyolIFe5xs.png",
            "name": "Silver Pictures",
            "origin_country": "US"
        },
        {
            "id": 23889,
            "logo_path": null,
            "name": "F\u00fcnfte Babelsberg Film",
            "origin_country": ""
        },
        {
            "id": 174,
            "logo_path": "/IuAlhI9eVC9Z8UQWOIDdWRKSEJ.png",
            "name": "Warner Bros. Pictures",
            "origin_country": "US"
        },
        {
            "id": 429,
            "logo_path": "/2Tc1P3Ac8M479naPp1kYT3izLS5.png",
            "name": "DC Comics",
            "origin_country": "US"
        },
        {
            "id": 451,
            "logo_path": "/g1GRk1SdwxNwg5J3aXtrqTaXo8k.png",
            "name": "Medienboard Berlin-Brandenburg",
            "origin_country": "DE"
        }
    ],
    "production_countries": [
        {
            "iso_3166_1": "DE",
            "name": "Germany"
        },
        {
            "iso_3166_1": "GB",
            "name": "United Kingdom"
        },
        {
            "iso_3166_1": "US",
            "name": "United States of America"
        }
    ],
    "release_date": "2006-02-23",
    "revenue": 132511035,
    "runtime": 132,
    "spoken_languages": [
        {
            "english_name": "English",
            "iso_639_1": "en",
            "name": "English"
        }
    ],
    "status": "Released",
    "tagline": "People should not be afraid of their governments. Governments should be afraid of their people.",
    "title": "V for Vendetta",
    "video": false,
    "vote_average": 7.9,
    "vote_count": 11640
}