{
    "adult": false,
    "backdrop_path": "/ai2FicMUxLCurVkjtYdSvVDWRmS.jpg",
    "belongs_to_collection": null,
    "budget": 180000000,
    "genres": [
        {
            "id": 16,
            "name": "Animation"
        },
        {
            "id": 10751,
            "name": "Family"
        },
        {
            "id": 878,
            "name": "Science Fiction"
        }
    ],
    "homepage": "https://www.pixar.com/feature-films/walle/",
    "id": 10681,
    "imdb_id": "tt0910970",
    "original_language": "en",
    "original_title": "WALL\u00b7E",
    "overview": "WALL\u00b7E is the last robot left on an Earth that has been overrun with garbage and all humans have fled to outer space. For 700 years he has continued to try and clean up the mess, but has developed some rather interesting human-like qualities. When a ship arrives with a sleek new type of robot, WALL\u00b7E thinks he's finally found a friend and stows away on the ship when it leaves.",
    "popularity": 73.384,
    "poster_path": "/Agc6lw8pb6BIGVeguvdjDT0p9Mb.jpg",
    "production_companies": [
        {
            "id": 3,
            "logo_path": "/1TjvGVDMYsj6JBxOAkUHpPEwLf7.png",
            "name": "Pixar",
            "origin_country": "US"
        },
        {
            "id": 2,
            "logo_path": "/wdrCwmRnLFJhEoH8GSfymY85KHT.png",
            "name": "Walt Disney Pictures",
            "origin_country": "US"
        }
    ],
    "production_countries": [
        {
            "iso_3166_1": "US",
            "name": "United States of America"
        }
    ],
    "release_date": "2008-06-22",
    "revenue": 521311860,
    "runtime": 98,
    "spoken_languages": [
        {
            "english_name": "English",
            "iso_639_1": "en",
            "name": "English"
        }
    ],
    "status": "Released",
    "tagline": "After 700 years of doing what he was built for, he'll discover what he was meant for.",
    "title": "WALL\u00b7E",
    "video": false,
    "vote_average": 8.0,
    "vote_count": 14954
}