{
    "adult": false,
    "backdrop_path": "/1PnRPz4A4AguUEVOTcprIyctrax.jpg",
    "belongs_to_collection": null,
    "budget": 25000000,
    "genres": [
        {
            "id": 18,
            "name": "Drama"
        },
        {
            "id": 28,
            "name": "Action"
        }
    ],
    "homepage": "http://www.warriorfilm.com/index2.html",
    "id": 59440,
    "imdb_id": "tt1291584",
    "original_language": "en",
    "original_title": "Warrior",
    "overview": "The youngest son of an alcoholic former boxer returns home, where he's trained by his father for competition in a mixed martial arts tournament \u2013 a path that puts the fighter on a collision course with his estranged, older brother.",
    "popularity": 95.373,
    "poster_path": "/iM8n4nZJPR2abpnyZ36FUgHiRjr.jpg",
    "production_companies": [
        {
            "id": 1632,
            "logo_path": "/cisLn1YAUuptXVBa0xjq7ST9cH0.png",
            "name": "Lionsgate",
            "origin_country": "US"
        },
        {
            "id": 6573,
            "logo_path": null,
            "name": "Mimran Schur Pictures",
            "origin_country": "US"
        },
        {
            "id": 1001,
            "logo_path": null,
            "name": "Solaris Film",
            "origin_country": ""
        },
        {
            "id": 12425,
            "logo_path": null,
            "name": "Filmtribe",
            "origin_country": ""
        }
    ],
    "production_countries": [
        {
            "iso_3166_1": "US",
            "name": "United States of America"
        }
    ],
    "release_date": "2011-09-09",
    "revenue": 23057115,
    "runtime": 140,
    "spoken_languages": [
        {
            "english_name": "English",
            "iso_639_1": "en",
            "name": "English"
        }
    ],
    "status": "Released",
    "tagline": "Family is worth fighting for.",
    "title": "Warrior",
    "video": false,
    "vote_average": 7.8,
    "vote_count": 3413
}