{
    "adult": false,
    "backdrop_path": "/fRGxZuo7jJUWQsVg9PREb98Aclp.jpg",
    "belongs_to_collection": null,
    "budget": 3300000,
    "genres": [
        {
            "id": 18,
            "name": "Drama"
        },
        {
            "id": 10402,
            "name": "Music"
        }
    ],
    "homepage": "http://sonyclassics.com/whiplash/",
    "id": 244786,
    "imdb_id": "tt2582802",
    "original_language": "en",
    "original_title": "Whiplash",
    "overview": "Under the direction of a ruthless instructor, a talented young drummer begins to pursue perfection at any cost, even his humanity.",
    "popularity": 41.617,
    "poster_path": "/oPxnRhyAIzJKGUEdSiwTJQBa3NM.jpg",
    "production_companies": [
        {
            "id": 2266,
            "logo_path": "/owzVs2mguyyJ3vIn7EbgowpUPnk.png",
            "name": "Bold Films",
            "origin_country": "US"
        },
        {
            "id": 3172,
            "logo_path": "/kDedjRZwO8uyFhuHamomOhN6fzG.png",
            "name": "Blumhouse Productions",
            "origin_country": "US"
        },
        {
            "id": 32157,
            "logo_path": "/nBD7uzlUlpivUpOoUTg5UEZJoib.png",
            "name": "Right of Way Films",
            "origin_country": "US"
        },
        {
            "id": 24049,
            "logo_path": "/zOHQ0A3PpNoLLeAxRZwSqNV3nPr.png",
            "name": "Sierra/Affinity",
            "origin_country": "US"
        }
    ],
    "production_countries": [
        {
            "iso_3166_1": "US",
            "name": "United States of America"
        }
    ],
    "release_date": "2014-10-10",
    "revenue": 13092000,
    "runtime": 107,
    "spoken_languages": [
        {
            "english_name": "English",
            "iso_639_1": "en",
            "name": "English"
        }
    ],
    "status": "Released",
    "tagline": "The road to greatness can take you to the edge.",
    "title": "Whiplash",
    "video": false,
    "vote_average": 8.4,
    "vote_count": 11535
}