{
    "adult": false,
    "backdrop_path": "/dnhQCtQ4tyOlOrX5ApW5jhmzhdw.jpg",
    "belongs_to_collection": null,
    "budget": 4000000,
    "genres": [
        {
            "id": 18,
            "name": "Drama"
        },
        {
            "id": 53,
            "name": "Thriller"
        },
        {
            "id": 35,
            "name": "Comedy"
        }
    ],
    "homepage": "",
    "id": 265195,
    "imdb_id": "tt3011894",
    "original_language": "es",
    "original_title": "Relatos salvajes",
    "overview": "Six deadly stories that explore the extremities of human behaviour involving distressed people seeking revenge.",
    "popularity": 33.698,
    "poster_path": "/pvSty5MCAxdj8LlAEXCDfM1YNOl.jpg",
    "production_companies": [
        {
            "id": 174,
            "logo_path": "/IuAlhI9eVC9Z8UQWOIDdWRKSEJ.png",
            "name": "Warner Bros. Pictures",
            "origin_country": "US"
        },
        {
            "id": 49,
            "logo_path": "/xpf5iHdvvBtsH8jBMlgIJHAET0c.png",
            "name": "El Deseo",
            "origin_country": "ES"
        },
        {
            "id": 21914,
            "logo_path": "/iF5QYCtPLuwkU90jWdjrul25d71.png",
            "name": "K & S Films",
            "origin_country": "AR"
        },
        {
            "id": 8046,
            "logo_path": "/9Pvyw0vgN6PWoMJGsUil0DNlXdd.png",
            "name": "Telefe",
            "origin_country": "AR"
        },
        {
            "id": 6458,
            "logo_path": "/BrkmIPGDoj15uaYwfPqUNde2Cc.png",
            "name": "INCAA",
            "origin_country": "AR"
        },
        {
            "id": 9974,
            "logo_path": null,
            "name": "ICAA",
            "origin_country": "ES"
        }
    ],
    "production_countries": [
        {
            "iso_3166_1": "AR",
            "name": "Argentina"
        },
        {
            "iso_3166_1": "ES",
            "name": "Spain"
        }
    ],
    "release_date": "2014-08-21",
    "revenue": 27007072,
    "runtime": 122,
    "spoken_languages": [
        {
            "english_name": "Spanish",
            "iso_639_1": "es",
            "name": "Espa\u00f1ol"
        }
    ],
    "status": "Released",
    "tagline": "We can all lose control",
    "title": "Wild Tales",
    "video": false,
    "vote_average": 7.9,
    "vote_count": 2460
}