{
    "adult": false,
    "backdrop_path": "/BBVAUchYvkmPThVIqipgAfabfl.jpg",
    "belongs_to_collection": null,
    "budget": 0,
    "genres": [
        {
            "id": 18,
            "name": "Drama"
        }
    ],
    "homepage": "",
    "id": 614,
    "imdb_id": "tt0050986",
    "original_language": "sv",
    "original_title": "Smultronst\u00e4llet",
    "overview": "Crotchety retired doctor Isak Borg travels from Stockholm to Lund, Sweden, with his pregnant and unhappy daughter-in-law, Marianne, in order to receive an honorary degree from his alma mater. Along the way, they encounter a series of hitchhikers, each of whom causes the elderly doctor to muse upon the pleasures and failures of his own life. These include the vivacious young Sara, a dead ringer for the doctor's own first love.",
    "popularity": 12.199,
    "poster_path": "/iyTD2QnySNMPUPE3IedZQipSWfz.jpg",
    "production_companies": [
        {
            "id": 6181,
            "logo_path": "/eaQ7or8IoEmPfgmQiU2C5lVZkxS.png",
            "name": "SF Studios",
            "origin_country": "SE"
        }
    ],
    "production_countries": [
        {
            "iso_3166_1": "SE",
            "name": "Sweden"
        }
    ],
    "release_date": "1957-12-26",
    "revenue": 0,
    "runtime": 91,
    "spoken_languages": [
        {
            "english_name": "Latin",
            "iso_639_1": "la",
            "name": "Latin"
        },
        {
            "english_name": "Swedish",
            "iso_639_1": "sv",
            "name": "svenska"
        }
    ],
    "status": "Released",
    "tagline": "",
    "title": "Wild Strawberries",
    "video": false,
    "vote_average": 8.2,
    "vote_count": 1146
}