{
    "adult": false,
    "backdrop_path": "/evUB9YKE5IPPtQOchcEF6hS90BO.jpg",
    "belongs_to_collection": null,
    "budget": 3000000,
    "genres": [
        {
            "id": 18,
            "name": "Drama"
        },
        {
            "id": 9648,
            "name": "Mystery"
        },
        {
            "id": 80,
            "name": "Crime"
        }
    ],
    "homepage": "",
    "id": 37257,
    "imdb_id": "tt0051201",
    "original_language": "en",
    "original_title": "Witness for the Prosecution",
    "overview": "When Leonard Vole is arrested for the sensational murder of a rich, middle-aged widow, the famous Sir Wilfrid Robarts agrees to appear on his behalf. Sir Wilfrid, recovering from a near-fatal heart attack, is supposed to be on a diet of bland, civil suits\u2014but the lure of the criminal courts is too much for him, especially when the case is so difficult.",
    "popularity": 9.932,
    "poster_path": "/mM5Cad2ESBprh6ucPnMzMfI34Cu.jpg",
    "production_companies": [
        {
            "id": 13479,
            "logo_path": null,
            "name": "Edward Small Productions",
            "origin_country": ""
        },
        {
            "id": 60,
            "logo_path": "/oJXpAs4I3W46e4dkaOEzCa4yBko.png",
            "name": "United Artists",
            "origin_country": "US"
        }
    ],
    "production_countries": [
        {
            "iso_3166_1": "US",
            "name": "United States of America"
        }
    ],
    "release_date": "1957-12-17",
    "revenue": 9000000,
    "runtime": 116,
    "spoken_languages": [
        {
            "english_name": "German",
            "iso_639_1": "de",
            "name": "Deutsch"
        },
        {
            "english_name": "English",
            "iso_639_1": "en",
            "name": "English"
        }
    ],
    "status": "Released",
    "tagline": "The most electrifying entertainment of our time!",
    "title": "Witness for the Prosecution",
    "video": false,
    "vote_average": 8.3,
    "vote_count": 895
}