{
    "adult": false,
    "backdrop_path": "/zd7mu6dJKxkVtBdXqlEQ9W3msKl.jpg",
    "belongs_to_collection": {
        "backdrop_path": "/ai4Q6RTjAxmEuD8NHB6d6Bkspp8.jpg",
        "id": 627389,
        "name": "Sanjuro Collection",
        "poster_path": "/vRB5DTL9f133XMtmspIijZohCkf.jpg"
    },
    "budget": 0,
    "genres": [
        {
            "id": 18,
            "name": "Drama"
        },
        {
            "id": 53,
            "name": "Thriller"
        }
    ],
    "homepage": "",
    "id": 11878,
    "imdb_id": "tt0055630",
    "original_language": "ja",
    "original_title": "\u7528\u5fc3\u68d2",
    "overview": "A nameless ronin, or samurai with no master, enters a small village in feudal Japan where two rival businessmen are struggling for control of the local gambling trade. Taking the name Sanjuro Kuwabatake, the ronin convinces both silk merchant Tazaemon and sake merchant Tokuemon to hire him as a personal bodyguard, then artfully sets in motion a full-scale gang war between the two ambitious and unscrupulous men.",
    "popularity": 12.94,
    "poster_path": "/tN7kYPjRhDolpui9sc9Eq9n5b2O.jpg",
    "production_companies": [
        {
            "id": 882,
            "logo_path": "/fRSWWjquvzcHjACbtF53utZFIll.png",
            "name": "Toho Co.",
            "origin_country": "JP"
        }
    ],
    "production_countries": [
        {
            "iso_3166_1": "JP",
            "name": "Japan"
        }
    ],
    "release_date": "1961-04-25",
    "revenue": 0,
    "runtime": 110,
    "spoken_languages": [
        {
            "english_name": "Japanese",
            "iso_639_1": "ja",
            "name": "\u65e5\u672c\u8a9e"
        }
    ],
    "status": "Released",
    "tagline": "Seven Samurai if it Was Just One Samurai!",
    "title": "Yojimbo",
    "video": false,
    "vote_average": 8.2,
    "vote_count": 953
}