{
    "adult": false,
    "backdrop_path": "/dIWwZW7dJJtqC6CgWzYkNVKIUm8.jpg",
    "belongs_to_collection": null,
    "budget": 0,
    "genres": [
        {
            "id": 10749,
            "name": "Romance"
        },
        {
            "id": 16,
            "name": "Animation"
        },
        {
            "id": 18,
            "name": "Drama"
        }
    ],
    "homepage": "https://www.funimationfilms.com/movie/yourname/",
    "id": 372058,
    "imdb_id": "tt5311514",
    "original_language": "ja",
    "original_title": "\u541b\u306e\u540d\u306f\u3002",
    "overview": "High schoolers Mitsuha and Taki are complete strangers living separate lives. But one night, they suddenly switch places. Mitsuha wakes up in Taki\u2019s body, and he in hers. This bizarre occurrence continues to happen randomly, and the two must adjust their lives around each other.",
    "popularity": 170.851,
    "poster_path": "/q719jXXEzOoYaps6babgKnONONX.jpg",
    "production_companies": [
        {
            "id": 3756,
            "logo_path": "/t38uPdbKmyBB8brKKeTFWIwojRz.png",
            "name": "CoMix Wave Films",
            "origin_country": "JP"
        }
    ],
    "production_countries": [
        {
            "iso_3166_1": "JP",
            "name": "Japan"
        }
    ],
    "release_date": "2016-08-26",
    "revenue": 357986087,
    "runtime": 106,
    "spoken_languages": [
        {
            "english_name": "Japanese",
            "iso_639_1": "ja",
            "name": "\u65e5\u672c\u8a9e"
        }
    ],
    "status": "Released",
    "tagline": "",
    "title": "Your Name.",
    "video": false,
    "vote_average": 8.6,
    "vote_count": 8009
}