{
    "adult": false,
    "backdrop_path": "/Ru4YeA6BpROEJkIwayqfBHkQ7O.jpg",
    "belongs_to_collection": null,
    "budget": 0,
    "genres": [
        {
            "id": 18,
            "name": "Drama"
        },
        {
            "id": 36,
            "name": "History"
        },
        {
            "id": 53,
            "name": "Thriller"
        }
    ],
    "homepage": "",
    "id": 2721,
    "imdb_id": "tt0065234",
    "original_language": "fr",
    "original_title": "Z",
    "overview": "Repression is the rule of the day in this film that skewers Greek governance of the 1960s. Z, a leftist rabble rouser, is killed in what appears to be a traffic accident. But given the political climate, the death of such a prominent activist raises troubling questions. Though it's too late to save Z's life, a postmortem examination suggests that the ruling party was behind his death. As the facts leak out, those who tell the truth pay the price for their honesty.",
    "popularity": 7.107,
    "poster_path": "/2cQwwetIBPbewL5MSTEvEFXZdmf.jpg",
    "production_companies": [
        {
            "id": 72,
            "logo_path": null,
            "name": "Valoria Films",
            "origin_country": ""
        }
    ],
    "production_countries": [
        {
            "iso_3166_1": "DZ",
            "name": "Algeria"
        },
        {
            "iso_3166_1": "FR",
            "name": "France"
        }
    ],
    "release_date": "1969-02-26",
    "revenue": 83305,
    "runtime": 127,
    "spoken_languages": [
        {
            "english_name": "French",
            "iso_639_1": "fr",
            "name": "Fran\u00e7ais"
        },
        {
            "english_name": "English",
            "iso_639_1": "en",
            "name": "English"
        },
        {
            "english_name": "Russian",
            "iso_639_1": "ru",
            "name": "P\u0443\u0441\u0441\u043a\u0438\u0439"
        }
    ],
    "status": "Released",
    "tagline": "He is alive!",
    "title": "Z",
    "video": false,
    "vote_average": 7.9,
    "vote_count": 277
}